-- phpMyAdmin SQL Dump
-- version 4.5.4.1deb2ubuntu2
-- http://www.phpmyadmin.net
--
-- Servidor: localhost
-- Tiempo de generación: 14-03-2018 a las 22:52:28
-- Versión del servidor: 5.7.21-0ubuntu0.16.04.1
-- Versión de PHP: 7.0.22-0ubuntu0.16.04.1

SET SQL_MODE = "NO_AUTO_VALUE_ON_ZERO";
SET time_zone = "+00:00";


/*!40101 SET @OLD_CHARACTER_SET_CLIENT=@@CHARACTER_SET_CLIENT */;
/*!40101 SET @OLD_CHARACTER_SET_RESULTS=@@CHARACTER_SET_RESULTS */;
/*!40101 SET @OLD_COLLATION_CONNECTION=@@COLLATION_CONNECTION */;
/*!40101 SET NAMES utf8mb4 */;

--
-- Base de datos: `admin_task`
--

-- --------------------------------------------------------

--
-- Estructura de tabla para la tabla `absences`
--

CREATE TABLE `absences` (
  `id` int(10) UNSIGNED NOT NULL,
  `created_at` timestamp NULL DEFAULT NULL,
  `updated_at` timestamp NULL DEFAULT NULL,
  `absence_type_id` int(10) UNSIGNED NOT NULL,
  `project_id` int(10) UNSIGNED NOT NULL,
  `comment` text COLLATE utf8mb4_unicode_ci NOT NULL,
  `from` date NOT NULL,
  `to` date NOT NULL,
  `user_id` int(10) UNSIGNED NOT NULL
) ENGINE=InnoDB DEFAULT CHARSET=utf8mb4 COLLATE=utf8mb4_unicode_ci;

-- --------------------------------------------------------

--
-- Estructura de tabla para la tabla `absence_types`
--

CREATE TABLE `absence_types` (
  `id` int(10) UNSIGNED NOT NULL,
  `created_at` timestamp NULL DEFAULT NULL,
  `updated_at` timestamp NULL DEFAULT NULL,
  `country_id` int(10) UNSIGNED NOT NULL,
  `title` varchar(150) COLLATE utf8mb4_unicode_ci NOT NULL,
  `days` tinyint(4) NOT NULL
) ENGINE=InnoDB DEFAULT CHARSET=utf8mb4 COLLATE=utf8mb4_unicode_ci;

--
-- Volcado de datos para la tabla `absence_types`
--

INSERT INTO `absence_types` (`id`, `created_at`, `updated_at`, `country_id`, `title`, `days`) VALUES
(1, '2018-03-14 15:55:36', '2018-03-14 15:55:36', 1, 'Maternity License', 90),
(2, '2018-03-14 15:55:36', '2018-03-14 15:55:36', 1, 'Moving License', 2),
(3, '2018-03-14 15:55:36', '2018-03-14 15:55:36', 1, 'Paternity License', 2),
(4, '2018-03-14 15:55:36', '2018-03-14 15:55:36', 1, 'Marriage License', 7),
(5, '2018-03-14 15:55:36', '2018-03-14 15:55:36', 1, 'Exam Day', 1),
(6, '2018-03-14 18:31:49', '2018-03-14 18:31:49', 4, 'Maternity License', 90),
(7, '2018-03-14 18:32:11', '2018-03-14 18:32:11', 4, 'Moving License', 1),
(8, '2018-03-14 18:32:35', '2018-03-14 18:32:35', 4, 'Marriage License', 7),
(9, '2018-03-14 18:34:30', '2018-03-14 18:34:30', 4, 'Exam Day', 3),
(10, '2018-03-14 18:34:50', '2018-03-14 18:34:50', 3, 'Maternity License', 90),
(12, '2018-03-14 18:35:36', '2018-03-14 18:35:36', 3, 'Moving License', 2),
(13, '2018-03-14 18:36:20', '2018-03-14 18:36:20', 3, 'Paternity License', 3),
(14, '2018-03-14 18:36:36', '2018-03-14 18:36:36', 3, 'Marriage License', 10),
(15, '2018-03-14 18:36:53', '2018-03-14 18:36:53', 3, 'Exam Day', 2),
(16, '2018-03-14 18:39:56', '2018-03-14 18:39:56', 2, 'Maternity License', 90),
(17, '2018-03-14 18:40:16', '2018-03-14 18:40:16', 2, 'Moving License', 3),
(18, '2018-03-14 18:40:41', '2018-03-14 18:40:41', 2, 'Marriage License', 7),
(19, '2018-03-14 18:40:55', '2018-03-14 18:40:55', 2, 'Exam Day', 2),
(20, '2018-03-14 18:41:32', '2018-03-14 18:41:32', 5, 'Maternity License', 60),
(21, '2018-03-14 18:41:54', '2018-03-14 18:41:54', 5, 'Moving License', 2),
(22, '2018-03-14 18:42:18', '2018-03-14 18:42:18', 5, 'Marriage License', 10),
(23, '2018-03-14 18:42:33', '2018-03-14 18:42:33', 5, 'Exam Day', 2);

-- --------------------------------------------------------

--
-- Estructura de tabla para la tabla `activities`
--

CREATE TABLE `activities` (
  `id` int(10) UNSIGNED NOT NULL,
  `created_at` timestamp NULL DEFAULT NULL,
  `updated_at` timestamp NULL DEFAULT NULL,
  `activity_desc` text COLLATE utf8mb4_unicode_ci NOT NULL
) ENGINE=InnoDB DEFAULT CHARSET=utf8mb4 COLLATE=utf8mb4_unicode_ci;

--
-- Volcado de datos para la tabla `activities`
--

INSERT INTO `activities` (`id`, `created_at`, `updated_at`, `activity_desc`) VALUES
(1, '2018-03-14 15:55:36', '2018-03-14 15:55:36', 'Agriculture'),
(2, '2018-03-14 15:55:36', '2018-03-14 15:55:36', 'Construction'),
(3, '2018-03-14 15:55:36', '2018-03-14 15:55:36', 'Engineering'),
(4, '2018-03-14 15:55:36', '2018-03-14 15:55:36', 'Education & Trainingr'),
(5, '2018-03-14 15:55:36', '2018-03-14 15:55:36', 'Finance & Accounting'),
(6, '2018-03-14 15:55:36', '2018-03-14 15:55:36', 'Travel & Tourism');

-- --------------------------------------------------------

--
-- Estructura de tabla para la tabla `activities_history`
--

CREATE TABLE `activities_history` (
  `id` int(10) UNSIGNED NOT NULL,
  `created_at` timestamp NULL DEFAULT NULL,
  `updated_at` timestamp NULL DEFAULT NULL,
  `agenda_id` int(10) UNSIGNED NOT NULL,
  `date` datetime NOT NULL,
  `description` text COLLATE utf8mb4_unicode_ci NOT NULL,
  `follower_id` int(10) UNSIGNED NOT NULL,
  `due` datetime NOT NULL
) ENGINE=InnoDB DEFAULT CHARSET=utf8mb4 COLLATE=utf8mb4_unicode_ci;

-- --------------------------------------------------------

--
-- Estructura de tabla para la tabla `additional_hours`
--

CREATE TABLE `additional_hours` (
  `id` int(10) UNSIGNED NOT NULL,
  `created_at` timestamp NULL DEFAULT NULL,
  `updated_at` timestamp NULL DEFAULT NULL,
  `project_id` int(10) UNSIGNED NOT NULL,
  `user_id` int(10) UNSIGNED NOT NULL,
  `rate_id` int(10) UNSIGNED NOT NULL,
  `comments` text COLLATE utf8mb4_unicode_ci NOT NULL,
  `date` date NOT NULL,
  `hours` tinyint(4) NOT NULL
) ENGINE=InnoDB DEFAULT CHARSET=utf8mb4 COLLATE=utf8mb4_unicode_ci;

-- --------------------------------------------------------

--
-- Estructura de tabla para la tabla `agenda`
--

CREATE TABLE `agenda` (
  `id` int(10) UNSIGNED NOT NULL,
  `created_at` timestamp NULL DEFAULT NULL,
  `updated_at` timestamp NULL DEFAULT NULL,
  `company_id` int(10) UNSIGNED NOT NULL,
  `project_id` int(10) UNSIGNED DEFAULT NULL,
  `knowledge_area` enum('Startup-Up & Integration Management','Scope Management','Time Management','Cost Management','Quality Management','Human Resource Management','Communications Management','StakeHolder Management','Risk Management','Procurement Management') COLLATE utf8mb4_unicode_ci NOT NULL,
  `item_number` int(10) UNSIGNED NOT NULL,
  `description` text COLLATE utf8mb4_unicode_ci NOT NULL,
  `start` datetime NOT NULL,
  `status` enum('Open','Pending Internal','Pending External','In Progress','Done','Closed','Cancelled') COLLATE utf8mb4_unicode_ci NOT NULL,
  `due` datetime NOT NULL,
  `creator_id` int(10) UNSIGNED NOT NULL,
  `owner_id` int(10) UNSIGNED NOT NULL,
  `detail` varchar(200) COLLATE utf8mb4_unicode_ci NOT NULL
) ENGINE=InnoDB DEFAULT CHARSET=utf8mb4 COLLATE=utf8mb4_unicode_ci;

-- --------------------------------------------------------

--
-- Estructura de tabla para la tabla `cities`
--

CREATE TABLE `cities` (
  `id` int(10) UNSIGNED NOT NULL,
  `created_at` timestamp NULL DEFAULT NULL,
  `updated_at` timestamp NULL DEFAULT NULL,
  `name` varchar(100) COLLATE utf8mb4_unicode_ci NOT NULL,
  `location_name` varchar(100) COLLATE utf8mb4_unicode_ci NOT NULL,
  `country_id` int(10) UNSIGNED NOT NULL,
  `timezone` varchar(150) COLLATE utf8mb4_unicode_ci DEFAULT NULL
) ENGINE=InnoDB DEFAULT CHARSET=utf8mb4 COLLATE=utf8mb4_unicode_ci;

--
-- Volcado de datos para la tabla `cities`
--

INSERT INTO `cities` (`id`, `created_at`, `updated_at`, `name`, `location_name`, `country_id`, `timezone`) VALUES
(2, '2018-03-14 16:03:01', '2018-03-14 17:07:57', 'Buenos Aires', 'Provincia de Buenos Aires', 1, 'GMT-3'),
(5, '2018-03-14 17:08:29', '2018-03-14 17:08:53', 'Sao Paulo', 'Estado do Sao Paulo', 4, 'GMT-2'),
(6, '2018-03-14 17:09:29', '2018-03-14 17:09:29', 'Cordoba', 'Provincia de Cordoba', 1, 'GMT-3'),
(7, '2018-03-14 17:13:19', '2018-03-14 17:13:19', 'Austin', 'Texas', 2, 'GMT-2'),
(8, '2018-03-14 17:16:36', '2018-03-14 17:16:36', 'Bangalore', 'Bangalore', 5, 'GMT+2'),
(9, '2018-03-14 20:40:36', '2018-03-14 20:40:36', 'Bogota', 'Bogota', 3, 'GMT-4');

-- --------------------------------------------------------

--
-- Estructura de tabla para la tabla `companies`
--

CREATE TABLE `companies` (
  `id` int(10) UNSIGNED NOT NULL,
  `created_at` timestamp NULL DEFAULT NULL,
  `updated_at` timestamp NULL DEFAULT NULL,
  `name` varchar(100) COLLATE utf8mb4_unicode_ci NOT NULL,
  `address` varchar(150) COLLATE utf8mb4_unicode_ci DEFAULT NULL,
  `city_id` int(10) UNSIGNED DEFAULT NULL,
  `email` varchar(100) COLLATE utf8mb4_unicode_ci DEFAULT NULL,
  `phone` varchar(20) COLLATE utf8mb4_unicode_ci DEFAULT NULL,
  `billing_name` varchar(150) COLLATE utf8mb4_unicode_ci DEFAULT NULL,
  `billing_address` varchar(150) COLLATE utf8mb4_unicode_ci DEFAULT NULL,
  `tax_number1` varchar(150) COLLATE utf8mb4_unicode_ci DEFAULT NULL,
  `tax_number2` varchar(150) COLLATE utf8mb4_unicode_ci DEFAULT NULL,
  `tax_number3` varchar(150) COLLATE utf8mb4_unicode_ci DEFAULT NULL,
  `bank_name` varchar(100) COLLATE utf8mb4_unicode_ci DEFAULT NULL,
  `account_number` varchar(100) COLLATE utf8mb4_unicode_ci DEFAULT NULL,
  `swiftcode` varchar(100) COLLATE utf8mb4_unicode_ci DEFAULT NULL,
  `aba` varchar(100) COLLATE utf8mb4_unicode_ci DEFAULT NULL,
  `currency_id` int(10) UNSIGNED DEFAULT NULL,
  `industry_id` int(10) UNSIGNED DEFAULT NULL,
  `user_id` int(10) UNSIGNED NOT NULL,
  `logo_path` text COLLATE utf8mb4_unicode_ci
) ENGINE=InnoDB DEFAULT CHARSET=utf8mb4 COLLATE=utf8mb4_unicode_ci;

--
-- Volcado de datos para la tabla `companies`
--

INSERT INTO `companies` (`id`, `created_at`, `updated_at`, `name`, `address`, `city_id`, `email`, `phone`, `billing_name`, `billing_address`, `tax_number1`, `tax_number2`, `tax_number3`, `bank_name`, `account_number`, `swiftcode`, `aba`, `currency_id`, `industry_id`, `user_id`, `logo_path`) VALUES
(1, '2018-03-14 15:55:36', '2018-03-14 20:34:48', 'GoitGlobal', 'Cordoba Av. 6000, 7th Floor, Buenos Aires, Argentina', 2, 'admin@goitglobal.taskcontrol.co', '419-5040', 'GoItGlobal SAS', 'Cordoba Av. 6000, 7th Floor, Buenos Aires, Argentina', NULL, NULL, NULL, 'Bank Of Boston', '7886-234', 'BOB12345678', '123456789', 2, 2, 2, NULL);

-- --------------------------------------------------------

--
-- Estructura de tabla para la tabla `company_roles`
--

CREATE TABLE `company_roles` (
  `id` int(10) UNSIGNED NOT NULL,
  `created_at` timestamp NULL DEFAULT NULL,
  `updated_at` timestamp NULL DEFAULT NULL,
  `company_id` int(10) UNSIGNED NOT NULL,
  `title` varchar(100) COLLATE utf8mb4_unicode_ci NOT NULL
) ENGINE=InnoDB DEFAULT CHARSET=utf8mb4 COLLATE=utf8mb4_unicode_ci;

-- --------------------------------------------------------

--
-- Estructura de tabla para la tabla `company_role_templates`
--

CREATE TABLE `company_role_templates` (
  `id` int(10) UNSIGNED NOT NULL,
  `created_at` timestamp NULL DEFAULT NULL,
  `updated_at` timestamp NULL DEFAULT NULL,
  `title` varchar(100) COLLATE utf8mb4_unicode_ci NOT NULL
) ENGINE=InnoDB DEFAULT CHARSET=utf8mb4 COLLATE=utf8mb4_unicode_ci;

--
-- Volcado de datos para la tabla `company_role_templates`
--

INSERT INTO `company_role_templates` (`id`, `created_at`, `updated_at`, `title`) VALUES
(1, '2018-03-14 15:55:36', '2018-03-14 15:55:36', 'Project Manager'),
(2, '2018-03-14 15:55:36', '2018-03-14 15:55:36', 'Program Manager'),
(3, '2018-03-14 15:55:36', '2018-03-14 15:55:36', 'Delivery Manager'),
(4, '2018-03-14 15:55:36', '2018-03-14 15:55:36', 'Technical Leader'),
(5, '2018-03-14 15:55:36', '2018-03-14 15:55:36', 'Functional Analyst');

-- --------------------------------------------------------

--
-- Estructura de tabla para la tabla `company_users`
--

CREATE TABLE `company_users` (
  `id` int(10) UNSIGNED NOT NULL,
  `created_at` timestamp NULL DEFAULT NULL,
  `updated_at` timestamp NULL DEFAULT NULL,
  `company_id` int(10) UNSIGNED DEFAULT NULL,
  `user_id` int(10) UNSIGNED DEFAULT NULL
) ENGINE=InnoDB DEFAULT CHARSET=utf8mb4 COLLATE=utf8mb4_unicode_ci;

--
-- Volcado de datos para la tabla `company_users`
--

INSERT INTO `company_users` (`id`, `created_at`, `updated_at`, `company_id`, `user_id`) VALUES
(1, '2018-03-14 22:38:03', '2018-03-14 22:38:03', 1, 3),
(2, '2018-03-14 22:38:10', '2018-03-14 22:38:10', 1, 4),
(3, '2018-03-14 22:38:10', '2018-03-14 22:38:10', 1, 5),
(4, '2018-03-14 22:38:45', '2018-03-14 22:38:45', 1, 6),
(5, '2018-03-14 22:38:45', '2018-03-14 22:38:45', 1, 7),
(6, '2018-03-14 22:38:45', '2018-03-14 22:38:45', 1, 8),
(7, '2018-03-14 22:39:01', '2018-03-14 22:39:01', 1, 9),
(8, '2018-03-14 22:39:01', '2018-03-14 22:39:01', 1, 10),
(9, '2018-03-14 22:39:01', '2018-03-14 22:39:01', 1, 11),
(10, '2018-03-14 22:39:01', '2018-03-14 22:39:01', 1, 12),
(11, '2018-03-14 22:39:03', '2018-03-14 22:39:03', 1, 13),
(12, '2018-03-14 22:39:03', '2018-03-14 22:39:03', 1, 14),
(13, '2018-03-14 22:39:03', '2018-03-14 22:39:03', 1, 15),
(14, '2018-03-14 22:39:03', '2018-03-14 22:39:03', 1, 16),
(15, '2018-03-14 22:39:03', '2018-03-14 22:39:03', 1, 17),
(16, '2018-03-14 22:39:04', '2018-03-14 22:39:04', 1, 18),
(17, '2018-03-14 22:39:04', '2018-03-14 22:39:04', 1, 19),
(18, '2018-03-14 22:39:05', '2018-03-14 22:39:05', 1, 20),
(19, '2018-03-14 22:39:05', '2018-03-14 22:39:05', 1, 21),
(20, '2018-03-14 22:39:05', '2018-03-14 22:39:05', 1, 22),
(21, '2018-03-14 22:39:05', '2018-03-14 22:39:05', 1, 23),
(22, '2018-03-14 22:39:05', '2018-03-14 22:39:05', 1, 24),
(23, '2018-03-14 22:39:05', '2018-03-14 22:39:05', 1, 25),
(24, '2018-03-14 22:39:07', '2018-03-14 22:39:07', 1, 26),
(25, '2018-03-14 22:39:07', '2018-03-14 22:39:07', 1, 27),
(26, '2018-03-14 22:39:07', '2018-03-14 22:39:07', 1, 28),
(27, '2018-03-14 22:39:07', '2018-03-14 22:39:07', 1, 29),
(28, '2018-03-14 22:39:07', '2018-03-14 22:39:07', 1, 30),
(29, '2018-03-14 22:39:07', '2018-03-14 22:39:07', 1, 31),
(30, '2018-03-14 22:39:08', '2018-03-14 22:39:08', 1, 32),
(31, '2018-03-14 22:39:09', '2018-03-14 22:39:09', 1, 33),
(32, '2018-03-14 22:39:09', '2018-03-14 22:39:09', 1, 34),
(33, '2018-03-14 22:39:09', '2018-03-14 22:39:09', 1, 35),
(34, '2018-03-14 22:39:09', '2018-03-14 22:39:09', 1, 36),
(35, '2018-03-14 22:39:09', '2018-03-14 22:39:09', 1, 37),
(36, '2018-03-14 22:39:09', '2018-03-14 22:39:09', 1, 38),
(37, '2018-03-14 22:39:10', '2018-03-14 22:39:10', 1, 39),
(38, '2018-03-14 22:39:10', '2018-03-14 22:39:10', 1, 40),
(39, '2018-03-14 22:39:11', '2018-03-14 22:39:11', 1, 41),
(40, '2018-03-14 22:39:11', '2018-03-14 22:39:11', 1, 42),
(41, '2018-03-14 22:39:11', '2018-03-14 22:39:11', 1, 43),
(42, '2018-03-14 22:39:11', '2018-03-14 22:39:11', 1, 44),
(43, '2018-03-14 22:39:11', '2018-03-14 22:39:11', 1, 45),
(44, '2018-03-14 22:39:12', '2018-03-14 22:39:12', 1, 46),
(45, '2018-03-14 22:39:12', '2018-03-14 22:39:12', 1, 47),
(46, '2018-03-14 22:39:12', '2018-03-14 22:39:12', 1, 48),
(47, '2018-03-14 22:39:13', '2018-03-14 22:39:13', 1, 49),
(48, '2018-03-14 22:39:13', '2018-03-14 22:39:13', 1, 50),
(49, '2018-03-14 22:39:13', '2018-03-14 22:39:13', 1, 51),
(50, '2018-03-14 22:39:13', '2018-03-14 22:39:13', 1, 52),
(51, '2018-03-14 22:39:13', '2018-03-14 22:39:13', 1, 53),
(52, '2018-03-14 22:39:14', '2018-03-14 22:39:14', 1, 54),
(53, '2018-03-14 22:39:15', '2018-03-14 22:39:15', 1, 55),
(54, '2018-03-14 22:39:15', '2018-03-14 22:39:15', 1, 56),
(55, '2018-03-14 22:39:15', '2018-03-14 22:39:15', 1, 57),
(56, '2018-03-14 22:39:15', '2018-03-14 22:39:15', 1, 58),
(57, '2018-03-14 22:39:15', '2018-03-14 22:39:15', 1, 59),
(58, '2018-03-14 22:39:16', '2018-03-14 22:39:16', 1, 60),
(59, '2018-03-14 22:39:16', '2018-03-14 22:39:16', 1, 61),
(60, '2018-03-14 22:39:16', '2018-03-14 22:39:16', 1, 62),
(61, '2018-03-14 22:39:17', '2018-03-14 22:39:17', 1, 63),
(62, '2018-03-14 22:39:17', '2018-03-14 22:39:17', 1, 64),
(63, '2018-03-14 22:39:17', '2018-03-14 22:39:17', 1, 65),
(64, '2018-03-14 22:39:17', '2018-03-14 22:39:17', 1, 66),
(65, '2018-03-14 22:39:18', '2018-03-14 22:39:18', 1, 67),
(66, '2018-03-14 22:39:18', '2018-03-14 22:39:18', 1, 68),
(67, '2018-03-14 22:39:18', '2018-03-14 22:39:18', 1, 69),
(68, '2018-03-14 22:39:18', '2018-03-14 22:39:18', 1, 70),
(69, '2018-03-14 22:39:18', '2018-03-14 22:39:18', 1, 71),
(70, '2018-03-14 22:39:18', '2018-03-14 22:39:18', 1, 72),
(71, '2018-03-14 22:39:19', '2018-03-14 22:39:19', 1, 73),
(72, '2018-03-14 22:39:19', '2018-03-14 22:39:19', 1, 74),
(73, '2018-03-14 22:39:20', '2018-03-14 22:39:20', 1, 75),
(74, '2018-03-14 22:39:20', '2018-03-14 22:39:20', 1, 77),
(75, '2018-03-14 22:39:20', '2018-03-14 22:39:20', 1, 76),
(76, '2018-03-14 22:39:20', '2018-03-14 22:39:20', 1, 78),
(77, '2018-03-14 22:39:20', '2018-03-14 22:39:20', 1, 79),
(78, '2018-03-14 22:39:20', '2018-03-14 22:39:20', 1, 80),
(79, '2018-03-14 22:39:21', '2018-03-14 22:39:21', 1, 81),
(80, '2018-03-14 22:39:21', '2018-03-14 22:39:21', 1, 82),
(81, '2018-03-14 22:39:21', '2018-03-14 22:39:21', 1, 83),
(82, '2018-03-14 22:39:21', '2018-03-14 22:39:21', 1, 84),
(83, '2018-03-14 22:39:22', '2018-03-14 22:39:22', 1, 85),
(84, '2018-03-14 22:39:22', '2018-03-14 22:39:22', 1, 86),
(85, '2018-03-14 22:39:22', '2018-03-14 22:39:22', 1, 87),
(86, '2018-03-14 22:39:22', '2018-03-14 22:39:22', 1, 88),
(87, '2018-03-14 22:39:23', '2018-03-14 22:39:23', 1, 89),
(88, '2018-03-14 22:39:23', '2018-03-14 22:39:23', 1, 90),
(89, '2018-03-14 22:39:23', '2018-03-14 22:39:23', 1, 91),
(90, '2018-03-14 22:39:23', '2018-03-14 22:39:23', 1, 92),
(91, '2018-03-14 22:39:24', '2018-03-14 22:39:24', 1, 93),
(92, '2018-03-14 22:39:24', '2018-03-14 22:39:24', 1, 94),
(93, '2018-03-14 22:39:24', '2018-03-14 22:39:24', 1, 95),
(94, '2018-03-14 22:39:24', '2018-03-14 22:39:24', 1, 96),
(95, '2018-03-14 22:39:25', '2018-03-14 22:39:25', 1, 97),
(96, '2018-03-14 22:39:25', '2018-03-14 22:39:25', 1, 98),
(97, '2018-03-14 22:39:25', '2018-03-14 22:39:25', 1, 99),
(98, '2018-03-14 22:39:25', '2018-03-14 22:39:25', 1, 100),
(99, '2018-03-14 22:39:25', '2018-03-14 22:39:25', 1, 101),
(100, '2018-03-14 22:39:25', '2018-03-14 22:39:25', 1, 102),
(101, '2018-03-14 22:39:26', '2018-03-14 22:39:26', 1, 103),
(102, '2018-03-14 22:39:26', '2018-03-14 22:39:26', 1, 104),
(103, '2018-03-14 22:39:26', '2018-03-14 22:39:26', 1, 105),
(104, '2018-03-14 22:39:26', '2018-03-14 22:39:26', 1, 106),
(105, '2018-03-14 22:39:26', '2018-03-14 22:39:26', 1, 107),
(106, '2018-03-14 22:39:27', '2018-03-14 22:39:27', 1, 108),
(107, '2018-03-14 22:39:27', '2018-03-14 22:39:27', 1, 109),
(108, '2018-03-14 22:39:27', '2018-03-14 22:39:27', 1, 110),
(109, '2018-03-14 22:39:27', '2018-03-14 22:39:27', 1, 111),
(110, '2018-03-14 22:39:28', '2018-03-14 22:39:28', 1, 112),
(111, '2018-03-14 22:39:28', '2018-03-14 22:39:28', 1, 113),
(112, '2018-03-14 22:39:28', '2018-03-14 22:39:28', 1, 114),
(113, '2018-03-14 22:39:29', '2018-03-14 22:39:29', 1, 115),
(114, '2018-03-14 22:39:29', '2018-03-14 22:39:29', 1, 116),
(115, '2018-03-14 22:39:30', '2018-03-14 22:39:30', 1, 117),
(116, '2018-03-14 22:39:30', '2018-03-14 22:39:30', 1, 118),
(117, '2018-03-14 22:39:30', '2018-03-14 22:39:30', 1, 119),
(118, '2018-03-14 22:39:32', '2018-03-14 22:39:32', 1, 120),
(119, '2018-03-14 22:39:32', '2018-03-14 22:39:32', 1, 121),
(120, '2018-03-14 22:39:32', '2018-03-14 22:39:32', 1, 122),
(121, '2018-03-14 22:39:32', '2018-03-14 22:39:32', 1, 123),
(122, '2018-03-14 22:39:32', '2018-03-14 22:39:32', 1, 124),
(123, '2018-03-14 22:39:32', '2018-03-14 22:39:32', 1, 125),
(124, '2018-03-14 22:39:33', '2018-03-14 22:39:33', 1, 126),
(125, '2018-03-14 22:39:33', '2018-03-14 22:39:33', 1, 127),
(126, '2018-03-14 22:39:34', '2018-03-14 22:39:34', 1, 128),
(127, '2018-03-14 22:39:34', '2018-03-14 22:39:34', 1, 129),
(128, '2018-03-14 22:39:34', '2018-03-14 22:39:34', 1, 130),
(129, '2018-03-14 22:39:34', '2018-03-14 22:39:34', 1, 131),
(130, '2018-03-14 22:39:34', '2018-03-14 22:39:34', 1, 132),
(131, '2018-03-14 22:39:35', '2018-03-14 22:39:35', 1, 133),
(132, '2018-03-14 22:39:35', '2018-03-14 22:39:35', 1, 134),
(133, '2018-03-14 22:39:35', '2018-03-14 22:39:35', 1, 135),
(134, '2018-03-14 22:39:35', '2018-03-14 22:39:35', 1, 136),
(135, '2018-03-14 22:39:35', '2018-03-14 22:39:35', 1, 137),
(136, '2018-03-14 22:39:35', '2018-03-14 22:39:35', 1, 138),
(137, '2018-03-14 22:39:36', '2018-03-14 22:39:36', 1, 139),
(138, '2018-03-14 22:39:36', '2018-03-14 22:39:36', 1, 140),
(139, '2018-03-14 22:39:36', '2018-03-14 22:39:36', 1, 141),
(140, '2018-03-14 22:39:37', '2018-03-14 22:39:37', 1, 142),
(141, '2018-03-14 22:39:37', '2018-03-14 22:39:37', 1, 143),
(142, '2018-03-14 22:39:37', '2018-03-14 22:39:37', 1, 144),
(143, '2018-03-14 22:39:38', '2018-03-14 22:39:38', 1, 145),
(144, '2018-03-14 22:39:38', '2018-03-14 22:39:38', 1, 146),
(145, '2018-03-14 22:39:38', '2018-03-14 22:39:38', 1, 147),
(146, '2018-03-14 22:39:38', '2018-03-14 22:39:38', 1, 148),
(147, '2018-03-14 22:39:38', '2018-03-14 22:39:38', 1, 149),
(148, '2018-03-14 22:39:39', '2018-03-14 22:39:39', 1, 150),
(149, '2018-03-14 22:39:39', '2018-03-14 22:39:39', 1, 151),
(150, '2018-03-14 22:39:39', '2018-03-14 22:39:39', 1, 152),
(151, '2018-03-14 22:39:39', '2018-03-14 22:39:39', 1, 153),
(152, '2018-03-14 22:39:39', '2018-03-14 22:39:39', 1, 154),
(153, '2018-03-14 22:39:39', '2018-03-14 22:39:39', 1, 155),
(154, '2018-03-14 22:39:40', '2018-03-14 22:39:40', 1, 156),
(155, '2018-03-14 22:39:40', '2018-03-14 22:39:40', 1, 157),
(156, '2018-03-14 22:39:40', '2018-03-14 22:39:40', 1, 158),
(157, '2018-03-14 22:39:40', '2018-03-14 22:39:40', 1, 159),
(158, '2018-03-14 22:39:41', '2018-03-14 22:39:41', 1, 160),
(159, '2018-03-14 22:39:41', '2018-03-14 22:39:41', 1, 161),
(160, '2018-03-14 22:39:41', '2018-03-14 22:39:41', 1, 162),
(161, '2018-03-14 22:39:41', '2018-03-14 22:39:41', 1, 163),
(162, '2018-03-14 22:39:42', '2018-03-14 22:39:42', 1, 164),
(163, '2018-03-14 22:39:42', '2018-03-14 22:39:42', 1, 165),
(164, '2018-03-14 22:39:42', '2018-03-14 22:39:42', 1, 166),
(165, '2018-03-14 22:39:43', '2018-03-14 22:39:43', 1, 167),
(166, '2018-03-14 22:39:43', '2018-03-14 22:39:43', 1, 168),
(167, '2018-03-14 22:39:43', '2018-03-14 22:39:43', 1, 169),
(168, '2018-03-14 22:39:44', '2018-03-14 22:39:44', 1, 170),
(169, '2018-03-14 22:39:44', '2018-03-14 22:39:44', 1, 171),
(170, '2018-03-14 22:39:44', '2018-03-14 22:39:44', 1, 172),
(171, '2018-03-14 22:39:44', '2018-03-14 22:39:44', 1, 173),
(172, '2018-03-14 22:39:44', '2018-03-14 22:39:44', 1, 174),
(173, '2018-03-14 22:39:45', '2018-03-14 22:39:45', 1, 175),
(174, '2018-03-14 22:39:45', '2018-03-14 22:39:45', 1, 176),
(175, '2018-03-14 22:39:46', '2018-03-14 22:39:46', 1, 177),
(176, '2018-03-14 22:39:46', '2018-03-14 22:39:46', 1, 178),
(177, '2018-03-14 22:39:46', '2018-03-14 22:39:46', 1, 179),
(178, '2018-03-14 22:39:46', '2018-03-14 22:39:46', 1, 180),
(179, '2018-03-14 22:39:46', '2018-03-14 22:39:46', 1, 181),
(180, '2018-03-14 22:39:46', '2018-03-14 22:39:46', 1, 182),
(181, '2018-03-14 22:39:47', '2018-03-14 22:39:47', 1, 183),
(182, '2018-03-14 22:39:47', '2018-03-14 22:39:47', 1, 184),
(183, '2018-03-14 22:39:47', '2018-03-14 22:39:47', 1, 185),
(184, '2018-03-14 22:39:47', '2018-03-14 22:39:47', 1, 186),
(185, '2018-03-14 22:39:47', '2018-03-14 22:39:47', 1, 187),
(186, '2018-03-14 22:39:47', '2018-03-14 22:39:47', 1, 188),
(187, '2018-03-14 22:39:48', '2018-03-14 22:39:48', 1, 189),
(188, '2018-03-14 22:39:48', '2018-03-14 22:39:48', 1, 190),
(189, '2018-03-14 22:39:48', '2018-03-14 22:39:48', 1, 191),
(190, '2018-03-14 22:39:48', '2018-03-14 22:39:48', 1, 192),
(191, '2018-03-14 22:39:49', '2018-03-14 22:39:49', 1, 193),
(192, '2018-03-14 22:39:49', '2018-03-14 22:39:49', 1, 194),
(193, '2018-03-14 22:39:49', '2018-03-14 22:39:49', 1, 195),
(194, '2018-03-14 22:39:49', '2018-03-14 22:39:49', 1, 196),
(195, '2018-03-14 22:39:49', '2018-03-14 22:39:49', 1, 197),
(196, '2018-03-14 22:39:50', '2018-03-14 22:39:50', 1, 198),
(197, '2018-03-14 22:39:50', '2018-03-14 22:39:50', 1, 199),
(198, '2018-03-14 22:39:50', '2018-03-14 22:39:50', 1, 200),
(199, '2018-03-14 22:39:51', '2018-03-14 22:39:51', 1, 201),
(200, '2018-03-14 22:39:51', '2018-03-14 22:39:51', 1, 202),
(201, '2018-03-14 22:39:51', '2018-03-14 22:39:51', 1, 203),
(202, '2018-03-14 22:39:51', '2018-03-14 22:39:51', 1, 204),
(203, '2018-03-14 22:39:52', '2018-03-14 22:39:52', 1, 205),
(204, '2018-03-14 22:39:52', '2018-03-14 22:39:52', 1, 206),
(205, '2018-03-14 22:39:52', '2018-03-14 22:39:52', 1, 207),
(206, '2018-03-14 22:39:52', '2018-03-14 22:39:52', 1, 208),
(207, '2018-03-14 22:39:52', '2018-03-14 22:39:52', 1, 209),
(208, '2018-03-14 22:39:52', '2018-03-14 22:39:52', 1, 210),
(209, '2018-03-14 22:39:53', '2018-03-14 22:39:53', 1, 211),
(210, '2018-03-14 22:39:53', '2018-03-14 22:39:53', 1, 212),
(211, '2018-03-14 22:39:53', '2018-03-14 22:39:53', 1, 213),
(212, '2018-03-14 22:39:53', '2018-03-14 22:39:53', 1, 214),
(213, '2018-03-14 22:39:54', '2018-03-14 22:39:54', 1, 215),
(214, '2018-03-14 22:39:54', '2018-03-14 22:39:54', 1, 216),
(215, '2018-03-14 22:39:54', '2018-03-14 22:39:54', 1, 217),
(216, '2018-03-14 22:39:55', '2018-03-14 22:39:55', 1, 218),
(217, '2018-03-14 22:39:55', '2018-03-14 22:39:55', 1, 219),
(218, '2018-03-14 22:39:55', '2018-03-14 22:39:55', 1, 220),
(219, '2018-03-14 22:39:55', '2018-03-14 22:39:55', 1, 221),
(220, '2018-03-14 22:39:55', '2018-03-14 22:39:55', 1, 222),
(221, '2018-03-14 22:39:56', '2018-03-14 22:39:56', 1, 223),
(222, '2018-03-14 22:39:56', '2018-03-14 22:39:56', 1, 224),
(223, '2018-03-14 22:39:56', '2018-03-14 22:39:56', 1, 225),
(224, '2018-03-14 22:39:56', '2018-03-14 22:39:56', 1, 226),
(225, '2018-03-14 22:39:56', '2018-03-14 22:39:56', 1, 227),
(226, '2018-03-14 22:39:56', '2018-03-14 22:39:56', 1, 228),
(227, '2018-03-14 22:39:57', '2018-03-14 22:39:57', 1, 229),
(228, '2018-03-14 22:39:57', '2018-03-14 22:39:57', 1, 230),
(229, '2018-03-14 22:39:57', '2018-03-14 22:39:57', 1, 231),
(230, '2018-03-14 22:39:57', '2018-03-14 22:39:57', 1, 232),
(231, '2018-03-14 22:39:57', '2018-03-14 22:39:57', 1, 233),
(232, '2018-03-14 22:39:57', '2018-03-14 22:39:57', 1, 234),
(233, '2018-03-14 22:39:58', '2018-03-14 22:39:58', 1, 235),
(234, '2018-03-14 22:39:58', '2018-03-14 22:39:58', 1, 236),
(235, '2018-03-14 22:39:58', '2018-03-14 22:39:58', 1, 237),
(236, '2018-03-14 22:39:58', '2018-03-14 22:39:58', 1, 238),
(237, '2018-03-14 22:39:58', '2018-03-14 22:39:58', 1, 239),
(238, '2018-03-14 22:39:59', '2018-03-14 22:39:59', 1, 240),
(239, '2018-03-14 22:39:59', '2018-03-14 22:39:59', 1, 241),
(240, '2018-03-14 22:39:59', '2018-03-14 22:39:59', 1, 242),
(241, '2018-03-14 22:39:59', '2018-03-14 22:39:59', 1, 243),
(242, '2018-03-14 22:40:00', '2018-03-14 22:40:00', 1, 244),
(243, '2018-03-14 22:40:00', '2018-03-14 22:40:00', 1, 245),
(244, '2018-03-14 22:40:00', '2018-03-14 22:40:00', 1, 246),
(245, '2018-03-14 22:40:00', '2018-03-14 22:40:00', 1, 247),
(246, '2018-03-14 22:40:00', '2018-03-14 22:40:00', 1, 248),
(247, '2018-03-14 22:40:01', '2018-03-14 22:40:01', 1, 249),
(248, '2018-03-14 22:40:01', '2018-03-14 22:40:01', 1, 250),
(249, '2018-03-14 22:40:02', '2018-03-14 22:40:02', 1, 251),
(250, '2018-03-14 22:40:02', '2018-03-14 22:40:02', 1, 252),
(251, '2018-03-14 22:40:02', '2018-03-14 22:40:02', 1, 253),
(252, '2018-03-14 22:40:02', '2018-03-14 22:40:02', 1, 254),
(253, '2018-03-14 22:40:02', '2018-03-14 22:40:02', 1, 255),
(255, '2018-03-14 22:40:03', '2018-03-14 22:40:03', 1, 257),
(256, '2018-03-14 22:40:03', '2018-03-14 22:40:03', 1, 258),
(257, '2018-03-14 22:40:03', '2018-03-14 22:40:03', 1, 259),
(258, '2018-03-14 22:40:03', '2018-03-14 22:40:03', 1, 260),
(259, '2018-03-14 22:40:04', '2018-03-14 22:40:04', 1, 261),
(260, '2018-03-14 22:40:04', '2018-03-14 22:40:04', 1, 262),
(261, '2018-03-14 22:40:04', '2018-03-14 22:40:04', 1, 263),
(262, '2018-03-14 22:40:04', '2018-03-14 22:40:04', 1, 264),
(263, '2018-03-14 22:40:05', '2018-03-14 22:40:05', 1, 265),
(265, '2018-03-14 22:40:05', '2018-03-14 22:40:05', 1, 267),
(266, '2018-03-14 22:40:05', '2018-03-14 22:40:05', 1, 268),
(267, '2018-03-14 22:40:05', '2018-03-14 22:40:05', 1, 269),
(268, '2018-03-14 22:40:06', '2018-03-14 22:40:06', 1, 270),
(269, '2018-03-14 22:40:06', '2018-03-14 22:40:06', 1, 271),
(270, '2018-03-14 22:40:06', '2018-03-14 22:40:06', 1, 272),
(271, '2018-03-14 22:40:06', '2018-03-14 22:40:06', 1, 273),
(272, '2018-03-14 22:40:06', '2018-03-14 22:40:06', 1, 274),
(273, '2018-03-14 22:40:07', '2018-03-14 22:40:07', 1, 275),
(274, '2018-03-14 22:40:07', '2018-03-14 22:40:07', 1, 276),
(275, '2018-03-14 22:40:07', '2018-03-14 22:40:07', 1, 277),
(276, '2018-03-14 22:40:07', '2018-03-14 22:40:07', 1, 278),
(277, '2018-03-14 22:40:42', '2018-03-14 22:40:42', 1, 279),
(278, '2018-03-14 22:40:42', '2018-03-14 22:40:42', 1, 282),
(279, '2018-03-14 22:40:42', '2018-03-14 22:40:42', 1, 280),
(280, '2018-03-14 22:40:42', '2018-03-14 22:40:42', 1, 281),
(281, '2018-03-14 22:40:42', '2018-03-14 22:40:42', 1, 283),
(282, '2018-03-14 22:40:42', '2018-03-14 22:40:42', 1, 284),
(283, '2018-03-14 22:40:44', '2018-03-14 22:40:44', 1, 285),
(284, '2018-03-14 22:40:44', '2018-03-14 22:40:44', 1, 286),
(285, '2018-03-14 22:40:44', '2018-03-14 22:40:44', 1, 287),
(286, '2018-03-14 22:40:44', '2018-03-14 22:40:44', 1, 288),
(287, '2018-03-14 22:40:44', '2018-03-14 22:40:44', 1, 289),
(288, '2018-03-14 22:40:44', '2018-03-14 22:40:44', 1, 290),
(289, '2018-03-14 22:40:45', '2018-03-14 22:40:45', 1, 291),
(290, '2018-03-14 22:40:45', '2018-03-14 22:40:45', 1, 292),
(291, '2018-03-14 22:40:45', '2018-03-14 22:40:45', 1, 293),
(292, '2018-03-14 22:40:45', '2018-03-14 22:40:45', 1, 294),
(293, '2018-03-14 22:40:46', '2018-03-14 22:40:46', 1, 295),
(294, '2018-03-14 22:40:46', '2018-03-14 22:40:46', 1, 296),
(295, '2018-03-14 22:40:46', '2018-03-14 22:40:46', 1, 297),
(296, '2018-03-14 22:40:47', '2018-03-14 22:40:47', 1, 298),
(297, '2018-03-14 22:40:47', '2018-03-14 22:40:47', 1, 299),
(298, '2018-03-14 22:40:47', '2018-03-14 22:40:47', 1, 300),
(299, '2018-03-14 22:40:47', '2018-03-14 22:40:47', 1, 301),
(300, '2018-03-14 22:40:47', '2018-03-14 22:40:47', 1, 302),
(301, '2018-03-14 22:41:44', '2018-03-14 22:41:44', 1, 303),
(302, '2018-03-14 22:41:44', '2018-03-14 22:41:44', 1, 304),
(303, '2018-03-14 22:41:44', '2018-03-14 22:41:44', 1, 305),
(304, '2018-03-14 22:41:44', '2018-03-14 22:41:44', 1, 306),
(305, '2018-03-14 22:41:44', '2018-03-14 22:41:44', 1, 307),
(306, '2018-03-14 22:41:44', '2018-03-14 22:41:44', 1, 308),
(307, '2018-03-14 22:41:45', '2018-03-14 22:41:45', 1, 309),
(308, '2018-03-14 22:41:45', '2018-03-14 22:41:45', 1, 310),
(309, '2018-03-14 22:41:45', '2018-03-14 22:41:45', 1, 311),
(310, '2018-03-14 22:41:46', '2018-03-14 22:41:46', 1, 312),
(311, '2018-03-14 22:41:46', '2018-03-14 22:41:46', 1, 313),
(312, '2018-03-14 22:41:46', '2018-03-14 22:41:46', 1, 314),
(313, '2018-03-14 22:41:46', '2018-03-14 22:41:46', 1, 315),
(314, '2018-03-14 22:41:46', '2018-03-14 22:41:46', 1, 316),
(315, '2018-03-14 22:41:47', '2018-03-14 22:41:47', 1, 317),
(316, '2018-03-14 22:41:47', '2018-03-14 22:41:47', 1, 318),
(317, '2018-03-14 22:41:47', '2018-03-14 22:41:47', 1, 319),
(318, '2018-03-14 22:41:47', '2018-03-14 22:41:47', 1, 320),
(319, '2018-03-14 22:41:47', '2018-03-14 22:41:47', 1, 321),
(320, '2018-03-14 22:41:47', '2018-03-14 22:41:47', 1, 322),
(321, '2018-03-14 22:41:49', '2018-03-14 22:41:49', 1, 323),
(322, '2018-03-14 22:41:49', '2018-03-14 22:41:49', 1, 324),
(323, '2018-03-14 22:41:49', '2018-03-14 22:41:49', 1, 325),
(324, '2018-03-14 22:41:49', '2018-03-14 22:41:49', 1, 326),
(325, '2018-03-14 22:41:49', '2018-03-14 22:41:49', 1, 327),
(326, '2018-03-14 22:41:49', '2018-03-14 22:41:49', 1, 328),
(327, '2018-03-14 22:41:50', '2018-03-14 22:41:50', 1, 329),
(328, '2018-03-14 22:41:50', '2018-03-14 22:41:50', 1, 330),
(329, '2018-03-14 22:41:50', '2018-03-14 22:41:50', 1, 331),
(330, '2018-03-14 22:41:50', '2018-03-14 22:41:50', 1, 332),
(331, '2018-03-14 22:41:51', '2018-03-14 22:41:51', 1, 333),
(332, '2018-03-14 22:41:51', '2018-03-14 22:41:51', 1, 334),
(333, '2018-03-14 22:41:51', '2018-03-14 22:41:51', 1, 335),
(334, '2018-03-14 22:41:51', '2018-03-14 22:41:51', 1, 336),
(335, '2018-03-14 22:41:52', '2018-03-14 22:41:52', 1, 337),
(336, '2018-03-14 22:41:52', '2018-03-14 22:41:52', 1, 338),
(337, '2018-03-14 22:41:52', '2018-03-14 22:41:52', 1, 339),
(338, '2018-03-14 22:41:52', '2018-03-14 22:41:52', 1, 340),
(339, '2018-03-14 22:41:52', '2018-03-14 22:41:52', 1, 341),
(340, '2018-03-14 22:41:52', '2018-03-14 22:41:52', 1, 342),
(341, '2018-03-14 22:41:53', '2018-03-14 22:41:53', 1, 343),
(342, '2018-03-14 22:41:53', '2018-03-14 22:41:53', 1, 344),
(343, '2018-03-14 22:41:53', '2018-03-14 22:41:53', 1, 345),
(344, '2018-03-14 22:41:53', '2018-03-14 22:41:53', 1, 346),
(345, '2018-03-14 22:41:53', '2018-03-14 22:41:53', 1, 347),
(346, '2018-03-14 22:41:54', '2018-03-14 22:41:54', 1, 348),
(347, '2018-03-14 22:41:54', '2018-03-14 22:41:54', 1, 349),
(348, '2018-03-14 22:41:54', '2018-03-14 22:41:54', 1, 350),
(349, '2018-03-14 22:41:55', '2018-03-14 22:41:55', 1, 351),
(350, '2018-03-14 22:41:55', '2018-03-14 22:41:55', 1, 352),
(351, '2018-03-14 22:41:55', '2018-03-14 22:41:55', 1, 353),
(352, '2018-03-14 22:41:55', '2018-03-14 22:41:55', 1, 354),
(353, '2018-03-14 22:41:55', '2018-03-14 22:41:55', 1, 355),
(354, '2018-03-14 22:41:55', '2018-03-14 22:41:55', 1, 356),
(355, '2018-03-14 22:41:56', '2018-03-14 22:41:56', 1, 357),
(356, '2018-03-14 22:41:56', '2018-03-14 22:41:56', 1, 358),
(357, '2018-03-14 22:41:57', '2018-03-14 22:41:57', 1, 359),
(358, '2018-03-14 22:41:57', '2018-03-14 22:41:57', 1, 360),
(359, '2018-03-14 22:41:57', '2018-03-14 22:41:57', 1, 361),
(360, '2018-03-14 22:41:57', '2018-03-14 22:41:57', 1, 362),
(361, '2018-03-14 22:41:57', '2018-03-14 22:41:57', 1, 363),
(362, '2018-03-14 22:41:58', '2018-03-14 22:41:58', 1, 364),
(363, '2018-03-14 22:41:58', '2018-03-14 22:41:58', 1, 365),
(364, '2018-03-14 22:41:58', '2018-03-14 22:41:58', 1, 366),
(365, '2018-03-14 22:41:58', '2018-03-14 22:41:58', 1, 367),
(366, '2018-03-14 22:41:59', '2018-03-14 22:41:59', 1, 368),
(367, '2018-03-14 22:41:59', '2018-03-14 22:41:59', 1, 369),
(368, '2018-03-14 22:41:59', '2018-03-14 22:41:59', 1, 370),
(369, '2018-03-14 22:42:00', '2018-03-14 22:42:00', 1, 371),
(370, '2018-03-14 22:42:00', '2018-03-14 22:42:00', 1, 372),
(371, '2018-03-14 22:42:00', '2018-03-14 22:42:00', 1, 373),
(372, '2018-03-14 22:42:00', '2018-03-14 22:42:00', 1, 374),
(373, '2018-03-14 22:42:00', '2018-03-14 22:42:00', 1, 375),
(374, '2018-03-14 22:42:00', '2018-03-14 22:42:00', 1, 376),
(375, '2018-03-14 22:42:01', '2018-03-14 22:42:01', 1, 377),
(376, '2018-03-14 22:42:01', '2018-03-14 22:42:01', 1, 378),
(377, '2018-03-14 22:42:02', '2018-03-14 22:42:02', 1, 379),
(378, '2018-03-14 22:42:02', '2018-03-14 22:42:02', 1, 380),
(379, '2018-03-14 22:42:02', '2018-03-14 22:42:02', 1, 381),
(380, '2018-03-14 22:42:02', '2018-03-14 22:42:02', 1, 382),
(381, '2018-03-14 22:42:02', '2018-03-14 22:42:02', 1, 383),
(382, '2018-03-14 22:42:03', '2018-03-14 22:42:03', 1, 384),
(383, '2018-03-14 22:42:03', '2018-03-14 22:42:03', 1, 385),
(384, '2018-03-14 22:42:03', '2018-03-14 22:42:03', 1, 386),
(385, '2018-03-14 22:42:03', '2018-03-14 22:42:03', 1, 387),
(386, '2018-03-14 22:42:03', '2018-03-14 22:42:03', 1, 388),
(387, '2018-03-14 22:42:03', '2018-03-14 22:42:03', 1, 389),
(388, '2018-03-14 22:42:04', '2018-03-14 22:42:04', 1, 390),
(389, '2018-03-14 22:42:04', '2018-03-14 22:42:04', 1, 391),
(390, '2018-03-14 22:42:05', '2018-03-14 22:42:05', 1, 392),
(391, '2018-03-14 22:42:05', '2018-03-14 22:42:05', 1, 393),
(392, '2018-03-14 22:42:05', '2018-03-14 22:42:05', 1, 394),
(393, '2018-03-14 22:42:05', '2018-03-14 22:42:05', 1, 395),
(394, '2018-03-14 22:42:05', '2018-03-14 22:42:05', 1, 396),
(395, '2018-03-14 22:42:05', '2018-03-14 22:42:05', 1, 397),
(396, '2018-03-14 22:42:05', '2018-03-14 22:42:05', 1, 398),
(397, '2018-03-14 22:42:06', '2018-03-14 22:42:06', 1, 399),
(398, '2018-03-14 22:42:06', '2018-03-14 22:42:06', 1, 400),
(399, '2018-03-14 22:42:06', '2018-03-14 22:42:06', 1, 401),
(400, '2018-03-14 22:42:06', '2018-03-14 22:42:06', 1, 402),
(401, '2018-03-14 22:42:06', '2018-03-14 22:42:06', 1, 403),
(402, '2018-03-14 22:42:07', '2018-03-14 22:42:07', 1, 404),
(403, '2018-03-14 22:42:07', '2018-03-14 22:42:07', 1, 405),
(404, '2018-03-14 22:42:07', '2018-03-14 22:42:07', 1, 406),
(405, '2018-03-14 22:42:08', '2018-03-14 22:42:08', 1, 407),
(406, '2018-03-14 22:42:08', '2018-03-14 22:42:08', 1, 408),
(407, '2018-03-14 22:42:08', '2018-03-14 22:42:08', 1, 409),
(408, '2018-03-14 22:42:08', '2018-03-14 22:42:08', 1, 410),
(409, '2018-03-14 22:42:08', '2018-03-14 22:42:08', 1, 411),
(410, '2018-03-14 22:42:08', '2018-03-14 22:42:08', 1, 412),
(411, '2018-03-14 22:42:08', '2018-03-14 22:42:08', 1, 413),
(412, '2018-03-14 22:42:09', '2018-03-14 22:42:09', 1, 414),
(413, '2018-03-14 22:42:09', '2018-03-14 22:42:09', 1, 415),
(414, '2018-03-14 22:42:09', '2018-03-14 22:42:09', 1, 416),
(415, '2018-03-14 22:42:10', '2018-03-14 22:42:10', 1, 417),
(416, '2018-03-14 22:42:10', '2018-03-14 22:42:10', 1, 418),
(417, '2018-03-14 22:42:10', '2018-03-14 22:42:10', 1, 419),
(418, '2018-03-14 22:42:11', '2018-03-14 22:42:11', 1, 420),
(419, '2018-03-14 22:42:11', '2018-03-14 22:42:11', 1, 421),
(420, '2018-03-14 22:42:11', '2018-03-14 22:42:11', 1, 422),
(421, '2018-03-14 22:42:11', '2018-03-14 22:42:11', 1, 423),
(422, '2018-03-14 22:42:12', '2018-03-14 22:42:12', 1, 424),
(423, '2018-03-14 22:42:12', '2018-03-14 22:42:12', 1, 425),
(424, '2018-03-14 22:42:13', '2018-03-14 22:42:13', 1, 426),
(425, '2018-03-14 22:42:13', '2018-03-14 22:42:13', 1, 427),
(426, '2018-03-14 22:42:13', '2018-03-14 22:42:13', 1, 428),
(427, '2018-03-14 22:42:13', '2018-03-14 22:42:13', 1, 429),
(428, '2018-03-14 22:42:14', '2018-03-14 22:42:14', 1, 430),
(429, '2018-03-14 22:42:14', '2018-03-14 22:42:14', 1, 431),
(430, '2018-03-14 22:42:14', '2018-03-14 22:42:14', 1, 432),
(431, '2018-03-14 22:42:14', '2018-03-14 22:42:14', 1, 433),
(432, '2018-03-14 22:42:15', '2018-03-14 22:42:15', 1, 434),
(433, '2018-03-14 22:42:15', '2018-03-14 22:42:15', 1, 435),
(434, '2018-03-14 22:42:15', '2018-03-14 22:42:15', 1, 436),
(435, '2018-03-14 22:42:16', '2018-03-14 22:42:16', 1, 437),
(436, '2018-03-14 22:42:16', '2018-03-14 22:42:16', 1, 438),
(437, '2018-03-14 22:42:16', '2018-03-14 22:42:16', 1, 439),
(438, '2018-03-14 22:42:16', '2018-03-14 22:42:16', 1, 440),
(439, '2018-03-14 22:42:16', '2018-03-14 22:42:16', 1, 441),
(440, '2018-03-14 22:42:16', '2018-03-14 22:42:16', 1, 442),
(441, '2018-03-14 22:42:17', '2018-03-14 22:42:17', 1, 443),
(442, '2018-03-14 22:42:17', '2018-03-14 22:42:17', 1, 444),
(443, '2018-03-14 22:42:17', '2018-03-14 22:42:17', 1, 445),
(444, '2018-03-14 22:42:18', '2018-03-14 22:42:18', 1, 446),
(445, '2018-03-14 22:42:18', '2018-03-14 22:42:18', 1, 447),
(446, '2018-03-14 22:42:18', '2018-03-14 22:42:18', 1, 448),
(447, '2018-03-14 22:42:18', '2018-03-14 22:42:18', 1, 449),
(448, '2018-03-14 22:42:18', '2018-03-14 22:42:18', 1, 450),
(449, '2018-03-14 22:42:19', '2018-03-14 22:42:19', 1, 451),
(450, '2018-03-14 22:42:19', '2018-03-14 22:42:19', 1, 452),
(451, '2018-03-14 22:42:19', '2018-03-14 22:42:19', 1, 453),
(452, '2018-03-14 22:42:19', '2018-03-14 22:42:19', 1, 454),
(453, '2018-03-14 22:42:20', '2018-03-14 22:42:20', 1, 455),
(454, '2018-03-14 22:42:20', '2018-03-14 22:42:20', 1, 456),
(455, '2018-03-14 22:42:20', '2018-03-14 22:42:20', 1, 457),
(456, '2018-03-14 22:42:20', '2018-03-14 22:42:20', 1, 458),
(457, '2018-03-14 22:42:20', '2018-03-14 22:42:20', 1, 459),
(458, '2018-03-14 22:42:20', '2018-03-14 22:42:20', 1, 460),
(459, '2018-03-14 22:42:21', '2018-03-14 22:42:21', 1, 461),
(460, '2018-03-14 22:42:21', '2018-03-14 22:42:21', 1, 462),
(461, '2018-03-14 22:42:22', '2018-03-14 22:42:22', 1, 463),
(462, '2018-03-14 22:42:22', '2018-03-14 22:42:22', 1, 464),
(463, '2018-03-14 22:42:22', '2018-03-14 22:42:22', 1, 465),
(464, '2018-03-14 22:42:22', '2018-03-14 22:42:22', 1, 466),
(465, '2018-03-14 22:42:22', '2018-03-14 22:42:22', 1, 467),
(466, '2018-03-14 22:42:23', '2018-03-14 22:42:23', 1, 468),
(467, '2018-03-14 22:42:23', '2018-03-14 22:42:23', 1, 469),
(468, '2018-03-14 22:42:23', '2018-03-14 22:42:23', 1, 470),
(469, '2018-03-14 22:42:23', '2018-03-14 22:42:23', 1, 471),
(470, '2018-03-14 22:42:23', '2018-03-14 22:42:23', 1, 472),
(471, '2018-03-14 22:42:23', '2018-03-14 22:42:23', 1, 473),
(472, '2018-03-14 22:42:24', '2018-03-14 22:42:24', 1, 474),
(473, '2018-03-14 22:42:24', '2018-03-14 22:42:24', 1, 475),
(474, '2018-03-14 22:42:25', '2018-03-14 22:42:25', 1, 476),
(475, '2018-03-14 22:42:25', '2018-03-14 22:42:25', 1, 477),
(476, '2018-03-14 22:42:26', '2018-03-14 22:42:26', 1, 478),
(477, '2018-03-14 22:42:26', '2018-03-14 22:42:26', 1, 479),
(478, '2018-03-14 22:42:26', '2018-03-14 22:42:26', 1, 480),
(479, '2018-03-14 22:42:26', '2018-03-14 22:42:26', 1, 481),
(480, '2018-03-14 22:42:26', '2018-03-14 22:42:26', 1, 482),
(481, '2018-03-14 22:42:27', '2018-03-14 22:42:27', 1, 483),
(482, '2018-03-14 22:42:27', '2018-03-14 22:42:27', 1, 484),
(483, '2018-03-14 22:42:27', '2018-03-14 22:42:27', 1, 485),
(484, '2018-03-14 22:42:27', '2018-03-14 22:42:27', 1, 486),
(485, '2018-03-14 22:42:28', '2018-03-14 22:42:28', 1, 487),
(486, '2018-03-14 22:42:28', '2018-03-14 22:42:28', 1, 488),
(487, '2018-03-14 22:42:28', '2018-03-14 22:42:28', 1, 489),
(488, '2018-03-14 22:42:29', '2018-03-14 22:42:29', 1, 490),
(489, '2018-03-14 22:42:29', '2018-03-14 22:42:29', 1, 491),
(490, '2018-03-14 22:42:29', '2018-03-14 22:42:29', 1, 492),
(491, '2018-03-14 22:42:29', '2018-03-14 22:42:29', 1, 493),
(492, '2018-03-14 22:42:29', '2018-03-14 22:42:29', 1, 494),
(493, '2018-03-14 22:42:29', '2018-03-14 22:42:29', 1, 495),
(494, '2018-03-14 22:42:31', '2018-03-14 22:42:31', 1, 496),
(495, '2018-03-14 22:42:31', '2018-03-14 22:42:31', 1, 497),
(496, '2018-03-14 22:42:31', '2018-03-14 22:42:31', 1, 498),
(497, '2018-03-14 22:42:31', '2018-03-14 22:42:31', 1, 499),
(498, '2018-03-14 22:42:31', '2018-03-14 22:42:31', 1, 500),
(499, '2018-03-14 22:42:31', '2018-03-14 22:42:31', 1, 501),
(500, '2018-03-14 22:42:33', '2018-03-14 22:42:33', 1, 502),
(501, '2018-03-14 22:42:33', '2018-03-14 22:42:33', 1, 503),
(502, '2018-03-14 22:42:33', '2018-03-14 22:42:33', 1, 504),
(503, '2018-03-14 22:42:33', '2018-03-14 22:42:33', 1, 505),
(504, '2018-03-14 22:42:33', '2018-03-14 22:42:33', 1, 506),
(505, '2018-03-14 22:42:33', '2018-03-14 22:42:33', 1, 507),
(506, '2018-03-14 22:42:34', '2018-03-14 22:42:34', 1, 508),
(507, '2018-03-14 22:42:34', '2018-03-14 22:42:34', 1, 509),
(508, '2018-03-14 22:42:34', '2018-03-14 22:42:34', 1, 510),
(509, '2018-03-14 22:42:35', '2018-03-14 22:42:35', 1, 511),
(510, '2018-03-14 22:42:35', '2018-03-14 22:42:35', 1, 512),
(511, '2018-03-14 22:42:35', '2018-03-14 22:42:35', 1, 513),
(512, '2018-03-14 22:42:35', '2018-03-14 22:42:35', 1, 514),
(513, '2018-03-14 22:42:35', '2018-03-14 22:42:35', 1, 515),
(514, '2018-03-14 22:42:36', '2018-03-14 22:42:36', 1, 516),
(515, '2018-03-14 22:42:36', '2018-03-14 22:42:36', 1, 517),
(516, '2018-03-14 22:42:36', '2018-03-14 22:42:36', 1, 518),
(517, '2018-03-14 22:42:36', '2018-03-14 22:42:36', 1, 519),
(518, '2018-03-14 22:42:36', '2018-03-14 22:42:36', 1, 520),
(519, '2018-03-14 22:42:36', '2018-03-14 22:42:36', 1, 521),
(520, '2018-03-14 22:42:37', '2018-03-14 22:42:37', 1, 522),
(521, '2018-03-14 22:42:37', '2018-03-14 22:42:37', 1, 523),
(522, '2018-03-14 22:42:38', '2018-03-14 22:42:38', 1, 524),
(523, '2018-03-14 22:42:38', '2018-03-14 22:42:38', 1, 525),
(524, '2018-03-14 22:42:38', '2018-03-14 22:42:38', 1, 526),
(525, '2018-03-14 22:42:38', '2018-03-14 22:42:38', 1, 527),
(526, '2018-03-14 22:42:38', '2018-03-14 22:42:38', 1, 528),
(527, '2018-03-14 22:42:38', '2018-03-14 22:42:38', 1, 529),
(528, '2018-03-14 22:42:39', '2018-03-14 22:42:39', 1, 530);

-- --------------------------------------------------------

--
-- Estructura de tabla para la tabla `contacts`
--

CREATE TABLE `contacts` (
  `id` int(10) UNSIGNED NOT NULL,
  `created_at` timestamp NULL DEFAULT NULL,
  `updated_at` timestamp NULL DEFAULT NULL,
  `company_id` int(10) UNSIGNED NOT NULL,
  `project_id` int(10) UNSIGNED DEFAULT NULL,
  `name` varchar(100) COLLATE utf8mb4_unicode_ci NOT NULL,
  `company` varchar(100) COLLATE utf8mb4_unicode_ci NOT NULL,
  `department` varchar(100) COLLATE utf8mb4_unicode_ci NOT NULL,
  `country_id` int(10) UNSIGNED NOT NULL,
  `city_id` int(10) UNSIGNED DEFAULT NULL,
  `industry_id` int(10) UNSIGNED NOT NULL,
  `email` varchar(100) COLLATE utf8mb4_unicode_ci NOT NULL,
  `phone` varchar(20) COLLATE utf8mb4_unicode_ci NOT NULL,
  `comments` text COLLATE utf8mb4_unicode_ci
) ENGINE=InnoDB DEFAULT CHARSET=utf8mb4 COLLATE=utf8mb4_unicode_ci;

-- --------------------------------------------------------

--
-- Estructura de tabla para la tabla `contracts`
--

CREATE TABLE `contracts` (
  `id` int(10) UNSIGNED NOT NULL,
  `created_at` timestamp NULL DEFAULT NULL,
  `updated_at` timestamp NULL DEFAULT NULL,
  `customer_id` int(10) UNSIGNED NOT NULL,
  `project_id` int(10) UNSIGNED DEFAULT NULL,
  `sow_number` varchar(150) COLLATE utf8mb4_unicode_ci NOT NULL,
  `amendment_number` varchar(150) COLLATE utf8mb4_unicode_ci DEFAULT NULL,
  `date` date NOT NULL,
  `start_date` date NOT NULL,
  `finish_date` date NOT NULL,
  `engagement_id` int(10) UNSIGNED NOT NULL,
  `service_description` text COLLATE utf8mb4_unicode_ci NOT NULL,
  `workinghours_from` varchar(191) COLLATE utf8mb4_unicode_ci DEFAULT NULL,
  `workinghours_to` varchar(191) COLLATE utf8mb4_unicode_ci DEFAULT NULL,
  `currency_id` int(10) UNSIGNED NOT NULL
) ENGINE=InnoDB DEFAULT CHARSET=utf8mb4 COLLATE=utf8mb4_unicode_ci;

-- --------------------------------------------------------

--
-- Estructura de tabla para la tabla `contract_expenses`
--

CREATE TABLE `contract_expenses` (
  `id` int(10) UNSIGNED NOT NULL,
  `created_at` timestamp NULL DEFAULT NULL,
  `updated_at` timestamp NULL DEFAULT NULL,
  `expense_id` int(10) UNSIGNED DEFAULT NULL,
  `detail` varchar(150) COLLATE utf8mb4_unicode_ci NOT NULL,
  `amount` double(18,2) NOT NULL,
  `cost` double(18,2) NOT NULL,
  `currency_id` int(10) UNSIGNED NOT NULL,
  `contract_id` int(10) UNSIGNED NOT NULL,
  `reimbursable` tinyint(1) NOT NULL,
  `frequency` enum('monthly','weekly') COLLATE utf8mb4_unicode_ci NOT NULL
) ENGINE=InnoDB DEFAULT CHARSET=utf8mb4 COLLATE=utf8mb4_unicode_ci;

-- --------------------------------------------------------

--
-- Estructura de tabla para la tabla `contract_materials`
--

CREATE TABLE `contract_materials` (
  `id` int(10) UNSIGNED NOT NULL,
  `created_at` timestamp NULL DEFAULT NULL,
  `updated_at` timestamp NULL DEFAULT NULL,
  `material_id` int(10) UNSIGNED DEFAULT NULL,
  `detail` varchar(150) COLLATE utf8mb4_unicode_ci NOT NULL,
  `amount` double(18,2) NOT NULL,
  `cost` double(18,2) NOT NULL,
  `currency_id` int(10) UNSIGNED NOT NULL,
  `contract_id` int(10) UNSIGNED NOT NULL,
  `reimbursable` tinyint(1) NOT NULL,
  `frequency` enum('monthly','weekly') COLLATE utf8mb4_unicode_ci NOT NULL
) ENGINE=InnoDB DEFAULT CHARSET=utf8mb4 COLLATE=utf8mb4_unicode_ci;

-- --------------------------------------------------------

--
-- Estructura de tabla para la tabla `contract_resources`
--

CREATE TABLE `contract_resources` (
  `id` int(10) UNSIGNED NOT NULL,
  `created_at` timestamp NULL DEFAULT NULL,
  `updated_at` timestamp NULL DEFAULT NULL,
  `project_role_id` int(10) UNSIGNED NOT NULL,
  `seniority_id` int(10) UNSIGNED NOT NULL,
  `qty` tinyint(4) NOT NULL,
  `rate_id` int(10) UNSIGNED DEFAULT NULL,
  `rate` double(18,2) NOT NULL,
  `currency_id` int(10) UNSIGNED NOT NULL,
  `load` tinyint(4) NOT NULL,
  `workplace` enum('onsite','offshore') COLLATE utf8mb4_unicode_ci NOT NULL,
  `comments` text COLLATE utf8mb4_unicode_ci,
  `contract_id` int(10) UNSIGNED NOT NULL
) ENGINE=InnoDB DEFAULT CHARSET=utf8mb4 COLLATE=utf8mb4_unicode_ci;

-- --------------------------------------------------------

--
-- Estructura de tabla para la tabla `contract_services`
--

CREATE TABLE `contract_services` (
  `id` int(10) UNSIGNED NOT NULL,
  `created_at` timestamp NULL DEFAULT NULL,
  `updated_at` timestamp NULL DEFAULT NULL,
  `service_id` int(10) UNSIGNED DEFAULT NULL,
  `detail` varchar(150) COLLATE utf8mb4_unicode_ci NOT NULL,
  `amount` double(18,2) NOT NULL,
  `cost` double(18,2) NOT NULL,
  `currency_id` int(10) UNSIGNED NOT NULL,
  `contract_id` int(10) UNSIGNED NOT NULL,
  `reimbursable` tinyint(1) NOT NULL,
  `frequency` enum('monthly','weekly') COLLATE utf8mb4_unicode_ci NOT NULL
) ENGINE=InnoDB DEFAULT CHARSET=utf8mb4 COLLATE=utf8mb4_unicode_ci;

-- --------------------------------------------------------

--
-- Estructura de tabla para la tabla `costs`
--

CREATE TABLE `costs` (
  `id` int(10) UNSIGNED NOT NULL,
  `created_at` timestamp NULL DEFAULT NULL,
  `updated_at` timestamp NULL DEFAULT NULL,
  `company_id` int(10) UNSIGNED NOT NULL,
  `country_id` int(10) UNSIGNED NOT NULL,
  `city_id` int(10) UNSIGNED NOT NULL,
  `seniority_id` int(10) UNSIGNED NOT NULL,
  `project_role_id` int(10) UNSIGNED NOT NULL,
  `workplace` enum('onsite','offshore') COLLATE utf8mb4_unicode_ci NOT NULL,
  `detail` varchar(150) COLLATE utf8mb4_unicode_ci NOT NULL,
  `value` double(18,2) NOT NULL,
  `currency_id` int(10) UNSIGNED NOT NULL
) ENGINE=InnoDB DEFAULT CHARSET=utf8mb4 COLLATE=utf8mb4_unicode_ci;

--
-- Volcado de datos para la tabla `costs`
--

INSERT INTO `costs` (`id`, `created_at`, `updated_at`, `company_id`, `country_id`, `city_id`, `seniority_id`, `project_role_id`, `workplace`, `detail`, `value`, `currency_id`) VALUES
(1, '2018-03-14 21:15:22', '2018-03-14 21:15:22', 1, 5, 8, 2, 1, 'onsite', 'Developers India', 5.00, 2),
(2, '2018-03-14 21:15:50', '2018-03-14 21:15:50', 1, 4, 5, 3, 4, 'onsite', 'Web Dev Brasil', 8.50, 2),
(3, '2018-03-14 21:16:40', '2018-03-14 21:16:40', 1, 3, 9, 3, 7, 'onsite', 'Technical Leader Col.', 10.00, 2),
(4, '2018-03-14 21:17:23', '2018-03-14 21:17:23', 1, 1, 2, 3, 2, 'onsite', 'Project Manager Senior', 10.00, 2),
(5, '2018-03-14 21:17:50', '2018-03-14 21:17:50', 1, 1, 6, 3, 6, 'onsite', 'UX Senior', 13.00, 2),
(6, '2018-03-14 21:18:30', '2018-03-14 21:18:30', 1, 1, 2, 2, 3, 'onsite', 'QA Semi-Senior', 14.00, 2),
(7, '2018-03-14 21:18:59', '2018-03-14 21:18:59', 1, 1, 2, 3, 5, 'onsite', 'Delivery Manager', 15.00, 2);

-- --------------------------------------------------------

--
-- Estructura de tabla para la tabla `countries`
--

CREATE TABLE `countries` (
  `id` int(10) UNSIGNED NOT NULL,
  `created_at` timestamp NULL DEFAULT NULL,
  `updated_at` timestamp NULL DEFAULT NULL,
  `name` varchar(100) COLLATE utf8mb4_unicode_ci NOT NULL,
  `language_id` int(10) UNSIGNED DEFAULT NULL,
  `currency_id` int(10) UNSIGNED DEFAULT NULL
) ENGINE=InnoDB DEFAULT CHARSET=utf8mb4 COLLATE=utf8mb4_unicode_ci;

--
-- Volcado de datos para la tabla `countries`
--

INSERT INTO `countries` (`id`, `created_at`, `updated_at`, `name`, `language_id`, `currency_id`) VALUES
(1, '2018-03-14 15:55:36', '2018-03-14 15:55:36', 'Argentina', 1, 1),
(2, '2018-03-14 15:55:36', '2018-03-14 15:55:36', 'United States', 2, 2),
(3, '2018-03-14 17:02:18', '2018-03-14 17:02:18', 'Colombia', 1, 3),
(4, '2018-03-14 17:02:56', '2018-03-14 17:02:56', 'Brasil', 1, 1),
(5, '2018-03-14 17:16:02', '2018-03-14 17:16:02', 'India', 6, 5);

-- --------------------------------------------------------

--
-- Estructura de tabla para la tabla `currencies`
--

CREATE TABLE `currencies` (
  `id` int(10) UNSIGNED NOT NULL,
  `created_at` timestamp NULL DEFAULT NULL,
  `updated_at` timestamp NULL DEFAULT NULL,
  `code` varchar(3) COLLATE utf8mb4_unicode_ci NOT NULL,
  `name` varchar(40) COLLATE utf8mb4_unicode_ci NOT NULL
) ENGINE=InnoDB DEFAULT CHARSET=utf8mb4 COLLATE=utf8mb4_unicode_ci;

--
-- Volcado de datos para la tabla `currencies`
--

INSERT INTO `currencies` (`id`, `created_at`, `updated_at`, `code`, `name`) VALUES
(1, '2018-03-14 15:55:36', '2018-03-14 19:09:00', 'ARS', 'Argentine Pesos'),
(2, '2018-03-14 15:55:36', '2018-03-14 18:43:15', 'USD', 'United States Dollars'),
(3, '2018-03-14 15:55:36', '2018-03-14 19:09:14', 'COP', 'Colombian Pesos'),
(4, '2018-03-14 15:55:36', '2018-03-14 19:09:27', 'MXN', 'Mexicanos Pesos'),
(5, '2018-03-14 17:06:21', '2018-03-14 17:06:21', 'INR', 'Indian Rupia'),
(6, '2018-03-14 18:44:19', '2018-03-14 18:44:19', 'BRL', 'Brazilian Real');

-- --------------------------------------------------------

--
-- Estructura de tabla para la tabla `customers`
--

CREATE TABLE `customers` (
  `id` int(10) UNSIGNED NOT NULL,
  `created_at` timestamp NULL DEFAULT NULL,
  `updated_at` timestamp NULL DEFAULT NULL,
  `company_id` int(10) UNSIGNED NOT NULL,
  `name` varchar(100) COLLATE utf8mb4_unicode_ci NOT NULL,
  `address` varchar(150) COLLATE utf8mb4_unicode_ci DEFAULT NULL,
  `city_id` int(10) UNSIGNED DEFAULT NULL,
  `email` varchar(100) COLLATE utf8mb4_unicode_ci DEFAULT NULL,
  `phone` varchar(20) COLLATE utf8mb4_unicode_ci DEFAULT NULL,
  `billing_name` varchar(150) COLLATE utf8mb4_unicode_ci DEFAULT NULL,
  `billing_address` varchar(150) COLLATE utf8mb4_unicode_ci DEFAULT NULL,
  `tax_number1` varchar(150) COLLATE utf8mb4_unicode_ci DEFAULT NULL,
  `tax_number2` varchar(150) COLLATE utf8mb4_unicode_ci DEFAULT NULL,
  `tax_number3` varchar(150) COLLATE utf8mb4_unicode_ci DEFAULT NULL,
  `bank_name` varchar(100) COLLATE utf8mb4_unicode_ci DEFAULT NULL,
  `account_number` varchar(100) COLLATE utf8mb4_unicode_ci DEFAULT NULL,
  `swiftcode` varchar(100) COLLATE utf8mb4_unicode_ci DEFAULT NULL,
  `aba` varchar(100) COLLATE utf8mb4_unicode_ci DEFAULT NULL,
  `currency_id` int(10) UNSIGNED DEFAULT NULL,
  `industry_id` int(10) UNSIGNED DEFAULT NULL,
  `logo_path` text COLLATE utf8mb4_unicode_ci
) ENGINE=InnoDB DEFAULT CHARSET=utf8mb4 COLLATE=utf8mb4_unicode_ci;

--
-- Volcado de datos para la tabla `customers`
--

INSERT INTO `customers` (`id`, `created_at`, `updated_at`, `company_id`, `name`, `address`, `city_id`, `email`, `phone`, `billing_name`, `billing_address`, `tax_number1`, `tax_number2`, `tax_number3`, `bank_name`, `account_number`, `swiftcode`, `aba`, `currency_id`, `industry_id`, `logo_path`) VALUES
(1, '2018-03-14 21:33:52', '2018-03-14 21:42:40', 1, 'FlevDevice', 'Martin\'s Street 232 Of 12', 7, 'contact@flevdevice.com', '2342342', 'FlevDevice  Inc.', 'Martin\'s Street 232 , Of 12', NULL, NULL, NULL, 'City Bank', '242-2222-23', 'FDV12345678', '123456789', 2, 21, NULL);

-- --------------------------------------------------------

--
-- Estructura de tabla para la tabla `departments`
--

CREATE TABLE `departments` (
  `id` int(10) UNSIGNED NOT NULL,
  `created_at` timestamp NULL DEFAULT NULL,
  `updated_at` timestamp NULL DEFAULT NULL,
  `office_id` int(10) UNSIGNED NOT NULL,
  `title` varchar(100) COLLATE utf8mb4_unicode_ci NOT NULL
) ENGINE=InnoDB DEFAULT CHARSET=utf8mb4 COLLATE=utf8mb4_unicode_ci;

--
-- Volcado de datos para la tabla `departments`
--

INSERT INTO `departments` (`id`, `created_at`, `updated_at`, `office_id`, `title`) VALUES
(1, '2018-03-14 20:44:27', '2018-03-14 20:44:27', 1, 'Development'),
(2, '2018-03-14 20:45:31', '2018-03-14 20:45:31', 2, 'Development'),
(3, '2018-03-14 20:45:58', '2018-03-14 20:45:58', 3, 'Support & Research'),
(4, '2018-03-14 20:46:26', '2018-03-14 20:46:26', 5, 'Engineering'),
(5, '2018-03-14 20:46:57', '2018-03-14 20:46:57', 4, 'Management & Delivery');

-- --------------------------------------------------------

--
-- Estructura de tabla para la tabla `directories`
--

CREATE TABLE `directories` (
  `id` int(10) UNSIGNED NOT NULL,
  `nombre` varchar(100) COLLATE utf8mb4_unicode_ci NOT NULL,
  `path` varchar(100) COLLATE utf8mb4_unicode_ci NOT NULL,
  `borrado_logico` tinyint(1) NOT NULL,
  `parent` int(10) UNSIGNED DEFAULT NULL
) ENGINE=InnoDB DEFAULT CHARSET=utf8mb4 COLLATE=utf8mb4_unicode_ci;

--
-- Volcado de datos para la tabla `directories`
--

INSERT INTO `directories` (`id`, `nombre`, `path`, `borrado_logico`, `parent`) VALUES
(1, 'Initial', 'initiating', 0, NULL),
(2, 'Planning', 'planning', 0, NULL),
(3, 'Executing', 'executing', 0, NULL),
(4, 'Monitoring & Control', 'monitoring', 0, NULL),
(5, 'Closing', 'closing', 0, NULL),
(6, 'Plans', 'plans', 0, 1),
(7, 'Minutes', 'minutes', 0, 1),
(8, 'Mails', 'mails', 0, 1),
(9, 'Reports', 'reports', 0, 1),
(10, 'Others', 'others', 0, 1),
(11, 'Archives', 'archives', 0, 1),
(12, 'Public', 'public', 0, 1),
(13, 'Plans', 'plans', 0, 2),
(14, 'Legal', 'legal', 0, 2),
(15, 'Reports', 'reports', 0, 2),
(16, 'Mails', 'mails', 0, 2),
(17, 'Others', 'others', 0, 2),
(18, 'Archives', 'archives', 0, 2),
(19, 'Public', 'public', 0, 2),
(20, 'Minutes', 'minutes', 0, 3),
(21, 'Reports', 'reports', 0, 3),
(22, 'Mails', 'mails', 0, 3),
(23, 'Billing', 'billing', 0, 3),
(24, 'Others', 'others', 0, 3),
(25, 'Archives', 'archives', 0, 3),
(26, 'Public', 'public', 0, 3),
(27, 'Plans', 'plans', 0, 49),
(28, 'Legal', 'legal', 0, 49),
(29, 'Minutes', 'minutes', 0, 49),
(30, 'Mails', 'mails', 0, 49),
(31, 'Reports', 'reports', 0, 49),
(32, 'Others', 'others', 0, 49),
(33, 'Archives', 'archives', 0, 49),
(34, 'Public', 'public', 0, 49),
(35, 'Minutes', 'minutes', 0, 50),
(36, 'Reports', 'reports', 0, 50),
(37, 'Metrics', 'metrics', 0, 50),
(38, 'Mails', 'mails', 0, 50),
(39, 'Others', 'others', 0, 50),
(40, 'Archives', 'archives', 0, 50),
(41, 'Public', 'public', 0, 50),
(42, 'Reports', 'reports', 0, 51),
(43, 'Metrics', 'metrics', 0, 51),
(44, 'Mails', 'metrics', 0, 51),
(45, 'Others', 'others', 0, 51),
(46, 'Archives', 'archives', 0, 51),
(47, 'Public', 'public', 0, 51),
(48, 'Quality management', 'quality_management', 0, 4),
(49, 'Scope management', 'scope_management', 0, 4),
(50, 'Time management', 'time_management', 0, 4),
(51, 'Financial management', 'financial_management', 0, 4),
(52, 'Reports', 'reports', 0, 48),
(53, 'Metrics', 'metrics', 0, 48),
(54, 'Mails', 'metrics', 0, 48),
(55, 'Others', 'others', 0, 48),
(56, 'Archives', 'archives', 0, 48),
(57, 'Public', 'public', 0, 48),
(58, 'Human resources management', 'human_resources_management', 0, 4),
(59, 'Reports', 'reports', 0, 58),
(60, 'Metrics', 'metrics', 0, 58),
(61, 'Mails', 'metrics', 0, 58),
(62, 'Others', 'others', 0, 58),
(63, 'Archives', 'archives', 0, 58),
(64, 'Public', 'public', 0, 58),
(65, 'Comunications management', 'comunications_management', 0, 4),
(66, 'Plans', 'plans', 0, 65),
(67, 'Minutes', 'minutes', 0, 65),
(68, 'Mails', 'mails', 0, 65),
(69, 'Reports', 'reports', 0, 65),
(70, 'Others', 'others', 0, 65),
(71, 'Archives', 'archives', 0, 65),
(72, 'Public', 'public', 0, 65),
(73, 'Stakeholder management', 'stakeholder_management', 0, 4),
(74, 'Plans', 'plans', 0, 73),
(75, 'Legal', 'legal', 0, 73),
(76, 'Reports', 'reports', 0, 73),
(77, 'Mails', 'mails', 0, 73),
(78, 'Metrics', 'metrics', 0, 73),
(79, 'Others', 'others', 0, 73),
(80, 'Archives', 'archives', 0, 73),
(81, 'Public', 'public', 0, 73),
(82, 'Risk management', 'risk_management', 0, 4),
(83, 'Reports', 'reports', 0, 82),
(84, 'Metrics', 'metrics', 0, 82),
(85, 'Mails', 'mails', 0, 82),
(86, 'Others', 'others', 0, 82),
(87, 'Archives', 'archives', 0, 82),
(88, 'Public', 'public', 0, 82),
(89, 'Procurement management', 'stakeholder_management', 0, 4),
(90, 'Plans', 'plans', 0, 89),
(91, 'Legal', 'legal', 0, 89),
(92, 'Reports', 'reports', 0, 89),
(93, 'Mails', 'mails', 0, 89),
(94, 'Metrics', 'metrics', 0, 89),
(95, 'Others', 'others', 0, 89),
(96, 'Archives', 'archives', 0, 89),
(97, 'Public', 'public', 0, 89),
(98, 'Plans', 'plans', 0, 5),
(99, 'Reports', 'reports', 0, 5),
(100, 'Mails', 'mails', 0, 5),
(101, 'Others', 'others', 0, 5),
(102, 'Archives', 'archives', 0, 5),
(103, 'Public', 'public', 0, 5),
(104, 'Initiation', 'initiation', 0, NULL),
(105, 'Plans', 'plans', 0, 104),
(106, 'Mails', 'mails', 0, 104),
(107, 'Reports', 'reports', 0, 104),
(108, 'Others', 'others', 0, 104),
(109, 'Archives', 'archives', 0, 104),
(110, 'Public', 'public', 0, 104),
(111, 'Requirements', 'requirements', 0, NULL),
(112, 'Reports', 'reports', 0, 111),
(113, 'Mails', 'mails', 0, 111),
(114, 'Others', 'others', 0, 111),
(115, 'Archives', 'archives', 0, 111),
(116, 'Public', 'public', 0, 111),
(117, 'Design', 'design', 0, NULL),
(118, 'Reports', 'reports', 0, 117),
(119, 'Mails', 'mails', 0, 117),
(120, 'Others', 'others', 0, 117),
(121, 'Archives', 'archives', 0, 117),
(122, 'Public', 'public', 0, 117),
(123, 'Builds', 'builds', 0, NULL),
(124, 'Reports', 'reports', 0, 123),
(125, 'Mails', 'mails', 0, 123),
(126, 'Others', 'others', 0, 123),
(127, 'Archives', 'archives', 0, 123),
(128, 'Public', 'public', 0, 123),
(129, 'Testing', 'testing', 0, NULL),
(130, 'Reports', 'reports', 0, 129),
(131, 'Mails', 'mails', 0, 129),
(132, 'Others', 'others', 0, 129),
(133, 'Archives', 'archives', 0, 129),
(134, 'Public', 'public', 0, 129),
(135, 'Implementation', 'testing', 0, NULL),
(136, 'Reports', 'reports', 0, 135),
(137, 'Mails', 'mails', 0, 135),
(138, 'Others', 'others', 0, 135),
(139, 'Archives', 'archives', 0, 135),
(140, 'Public', 'public', 0, 135);

-- --------------------------------------------------------

--
-- Estructura de tabla para la tabla `directory_role`
--

CREATE TABLE `directory_role` (
  `id` int(10) UNSIGNED NOT NULL,
  `created_at` timestamp NULL DEFAULT NULL,
  `updated_at` timestamp NULL DEFAULT NULL,
  `directory_id` int(10) UNSIGNED NOT NULL,
  `role_id` int(10) UNSIGNED NOT NULL,
  `read` tinyint(1) NOT NULL,
  `write` tinyint(1) NOT NULL
) ENGINE=InnoDB DEFAULT CHARSET=utf8mb4 COLLATE=utf8mb4_unicode_ci;

-- --------------------------------------------------------

--
-- Estructura de tabla para la tabla `discounts`
--

CREATE TABLE `discounts` (
  `id` int(10) UNSIGNED NOT NULL,
  `created_at` timestamp NULL DEFAULT NULL,
  `updated_at` timestamp NULL DEFAULT NULL,
  `company_id` int(10) UNSIGNED NOT NULL,
  `detail` varchar(100) COLLATE utf8mb4_unicode_ci NOT NULL,
  `amount` double(18,2) NOT NULL,
  `percentage` double(18,2) NOT NULL,
  `currency_id` int(10) UNSIGNED NOT NULL
) ENGINE=InnoDB DEFAULT CHARSET=utf8mb4 COLLATE=utf8mb4_unicode_ci;

--
-- Volcado de datos para la tabla `discounts`
--

INSERT INTO `discounts` (`id`, `created_at`, `updated_at`, `company_id`, `detail`, `amount`, `percentage`, `currency_id`) VALUES
(1, '2018-03-14 21:25:40', '2018-03-14 21:25:40', 1, 'One-Time Discount', 0.00, 10.00, 2),
(2, '2018-03-14 21:25:58', '2018-03-14 21:25:58', 1, 'Others Discounts', 50.00, 0.00, 2),
(3, '2018-03-14 21:26:26', '2018-03-14 21:26:57', 1, 'Previous Period Discount', 10.00, 0.00, 2);

-- --------------------------------------------------------

--
-- Estructura de tabla para la tabla `doctypes`
--

CREATE TABLE `doctypes` (
  `id` int(10) UNSIGNED NOT NULL,
  `created_at` timestamp NULL DEFAULT NULL,
  `updated_at` timestamp NULL DEFAULT NULL,
  `type_desc` varchar(100) COLLATE utf8mb4_unicode_ci NOT NULL
) ENGINE=InnoDB DEFAULT CHARSET=utf8mb4 COLLATE=utf8mb4_unicode_ci;

-- --------------------------------------------------------

--
-- Estructura de tabla para la tabla `documents`
--

CREATE TABLE `documents` (
  `id` int(10) UNSIGNED NOT NULL,
  `created_at` timestamp NULL DEFAULT NULL,
  `updated_at` timestamp NULL DEFAULT NULL,
  `nombre` varchar(255) COLLATE utf8mb4_unicode_ci NOT NULL,
  `path` varchar(255) COLLATE utf8mb4_unicode_ci NOT NULL,
  `directory_id` int(10) UNSIGNED NOT NULL
) ENGINE=InnoDB DEFAULT CHARSET=utf8mb4 COLLATE=utf8mb4_unicode_ci;

-- --------------------------------------------------------

--
-- Estructura de tabla para la tabla `emails`
--

CREATE TABLE `emails` (
  `id` int(10) UNSIGNED NOT NULL,
  `created_at` timestamp NULL DEFAULT NULL,
  `updated_at` timestamp NULL DEFAULT NULL,
  `title` varchar(100) COLLATE utf8mb4_unicode_ci NOT NULL,
  `subject` varchar(100) COLLATE utf8mb4_unicode_ci NOT NULL,
  `body` text COLLATE utf8mb4_unicode_ci NOT NULL,
  `email_category_id` int(10) UNSIGNED NOT NULL
) ENGINE=InnoDB DEFAULT CHARSET=utf8mb4 COLLATE=utf8mb4_unicode_ci;

-- --------------------------------------------------------

--
-- Estructura de tabla para la tabla `email_categories`
--

CREATE TABLE `email_categories` (
  `id` int(10) UNSIGNED NOT NULL,
  `created_at` timestamp NULL DEFAULT NULL,
  `updated_at` timestamp NULL DEFAULT NULL,
  `title` varchar(100) COLLATE utf8mb4_unicode_ci NOT NULL,
  `company_id` int(10) UNSIGNED NOT NULL
) ENGINE=InnoDB DEFAULT CHARSET=utf8mb4 COLLATE=utf8mb4_unicode_ci;

-- --------------------------------------------------------

--
-- Estructura de tabla para la tabla `email_category_templates`
--

CREATE TABLE `email_category_templates` (
  `id` int(10) UNSIGNED NOT NULL,
  `created_at` timestamp NULL DEFAULT NULL,
  `updated_at` timestamp NULL DEFAULT NULL,
  `title` varchar(100) COLLATE utf8mb4_unicode_ci NOT NULL
) ENGINE=InnoDB DEFAULT CHARSET=utf8mb4 COLLATE=utf8mb4_unicode_ci;

--
-- Volcado de datos para la tabla `email_category_templates`
--

INSERT INTO `email_category_templates` (`id`, `created_at`, `updated_at`, `title`) VALUES
(1, '2018-03-14 16:04:58', '2018-03-14 16:04:58', 'Providers'),
(2, '2018-03-14 16:04:58', '2018-03-14 16:04:58', 'Customers'),
(3, '2018-03-14 16:04:58', '2018-03-14 16:04:58', 'Team'),
(4, '2018-03-14 16:04:58', '2018-03-14 16:04:58', 'Stakeholders'),
(5, '2018-03-14 16:04:58', '2018-03-14 16:04:58', 'Others'),
(6, '2018-03-14 16:04:58', '2018-03-14 16:04:58', 'Initiating'),
(7, '2018-03-14 16:04:58', '2018-03-14 16:04:58', 'Planning'),
(8, '2018-03-14 16:04:58', '2018-03-14 16:04:58', 'Executing'),
(9, '2018-03-14 16:04:58', '2018-03-14 16:04:58', 'Monitoring & Control'),
(10, '2018-03-14 16:04:58', '2018-03-14 16:04:58', 'Closing');

-- --------------------------------------------------------

--
-- Estructura de tabla para la tabla `email_templates`
--

CREATE TABLE `email_templates` (
  `id` int(10) UNSIGNED NOT NULL,
  `created_at` timestamp NULL DEFAULT NULL,
  `updated_at` timestamp NULL DEFAULT NULL,
  `title` varchar(100) COLLATE utf8mb4_unicode_ci NOT NULL,
  `subject` varchar(100) COLLATE utf8mb4_unicode_ci NOT NULL,
  `body` text COLLATE utf8mb4_unicode_ci NOT NULL,
  `email_category_template_id` int(10) UNSIGNED NOT NULL
) ENGINE=InnoDB DEFAULT CHARSET=utf8mb4 COLLATE=utf8mb4_unicode_ci;

--
-- Volcado de datos para la tabla `email_templates`
--

INSERT INTO `email_templates` (`id`, `created_at`, `updated_at`, `title`, `subject`, `body`, `email_category_template_id`) VALUES
(1, '2018-03-14 18:53:42', '2018-03-14 18:57:57', 'Billing Approval', 'Billing For the Last Period', 'Dear Customer: We are sending the billing information for your approval....', 2),
(2, '2018-03-14 18:55:16', '2018-03-14 18:57:33', 'RFP', 'New Request For Proposal', 'Dear Provider: We are sending below the new RFP for the service/product a,b & c based on our conversations...', 1),
(3, '2018-03-14 19:02:12', '2018-03-14 19:02:12', 'Quotation', 'Your Request Quotation For ....', 'Dear Customer: We are sending this quotation based on our last conversation...', 6),
(4, '2018-03-14 19:03:27', '2018-03-14 19:07:07', 'Status Report', 'Status Report for the Sprint #', 'Dear Customer: In atach the status report from Sprint # ....', 9),
(5, '2018-03-14 19:05:04', '2018-03-14 19:07:16', 'Team Survey', 'Team Survey for the Project', 'Dear Customer: We are sending this team survey as of Jan-2018. Please Kindly completed before .....Thanks in Advance,', 9),
(6, '2018-03-14 19:06:38', '2018-03-14 19:07:31', 'Communication Plan', 'Communication Plan for the Project', 'Dear Customer: In Atach the communication plan for the project xxxx. Please kindly check it and send us your confirmation. Thanks in Advance,', 7);

-- --------------------------------------------------------

--
-- Estructura de tabla para la tabla `engagements`
--

CREATE TABLE `engagements` (
  `id` int(10) UNSIGNED NOT NULL,
  `created_at` timestamp NULL DEFAULT NULL,
  `updated_at` timestamp NULL DEFAULT NULL,
  `name` varchar(100) COLLATE utf8mb4_unicode_ci NOT NULL
) ENGINE=InnoDB DEFAULT CHARSET=utf8mb4 COLLATE=utf8mb4_unicode_ci;

-- --------------------------------------------------------

--
-- Estructura de tabla para la tabla `exchange_rates`
--

CREATE TABLE `exchange_rates` (
  `id` int(10) UNSIGNED NOT NULL,
  `created_at` timestamp NULL DEFAULT NULL,
  `updated_at` timestamp NULL DEFAULT NULL,
  `currency_id` int(10) UNSIGNED NOT NULL,
  `company_id` int(10) UNSIGNED NOT NULL,
  `value` double(18,2) NOT NULL
) ENGINE=InnoDB DEFAULT CHARSET=utf8mb4 COLLATE=utf8mb4_unicode_ci;

--
-- Volcado de datos para la tabla `exchange_rates`
--

INSERT INTO `exchange_rates` (`id`, `created_at`, `updated_at`, `currency_id`, `company_id`, `value`) VALUES
(1, '2018-03-14 20:56:31', '2018-03-14 20:56:31', 1, 1, 20.00),
(2, '2018-03-14 20:56:45', '2018-03-14 21:02:12', 3, 1, 0.00),
(3, '2018-03-14 20:56:58', '2018-03-14 21:02:56', 4, 1, 0.05),
(4, '2018-03-14 20:57:16', '2018-03-14 21:03:57', 5, 1, 0.00),
(5, '2018-03-14 20:57:34', '2018-03-14 21:04:29', 6, 1, 0.31);

-- --------------------------------------------------------

--
-- Estructura de tabla para la tabla `expenses`
--

CREATE TABLE `expenses` (
  `id` int(10) UNSIGNED NOT NULL,
  `created_at` timestamp NULL DEFAULT NULL,
  `updated_at` timestamp NULL DEFAULT NULL,
  `reimbursable` tinyint(4) NOT NULL,
  `detail` varchar(100) COLLATE utf8mb4_unicode_ci NOT NULL,
  `amount` double(18,2) NOT NULL,
  `cost` double(18,2) DEFAULT NULL,
  `company_id` int(10) UNSIGNED NOT NULL,
  `cost_currency_id` int(10) UNSIGNED NOT NULL,
  `currency_id` int(10) UNSIGNED NOT NULL
) ENGINE=InnoDB DEFAULT CHARSET=utf8mb4 COLLATE=utf8mb4_unicode_ci;

--
-- Volcado de datos para la tabla `expenses`
--

INSERT INTO `expenses` (`id`, `created_at`, `updated_at`, `reimbursable`, `detail`, `amount`, `cost`, `company_id`, `cost_currency_id`, `currency_id`) VALUES
(1, '2018-03-14 21:20:42', '2018-03-14 21:20:42', 1, 'Passport', 150.00, 150.00, 1, 2, 2),
(2, '2018-03-14 21:21:05', '2018-03-14 21:21:05', 1, 'Hotel', 100.00, 100.00, 1, 2, 2),
(3, '2018-03-14 21:21:41', '2018-03-14 21:23:37', 1, 'Taxis', 100.00, 100.00, 1, 2, 2),
(4, '2018-03-14 21:22:16', '2018-03-14 21:22:16', 1, 'Food & Drink', 50.00, 50.00, 1, 2, 2),
(5, '2018-03-14 21:23:02', '2018-03-14 21:23:02', 1, 'Visa', 40.00, 40.00, 1, 2, 2),
(6, '2018-03-14 21:24:00', '2018-03-14 21:24:00', 1, 'Others', 30.00, 30.00, 1, 2, 2),
(7, '2018-03-14 21:24:49', '2018-03-14 21:24:49', 1, 'Intercity Travel (India)', 800.00, 800.00, 1, 5, 5);

-- --------------------------------------------------------

--
-- Estructura de tabla para la tabla `favorites`
--

CREATE TABLE `favorites` (
  `id` int(10) UNSIGNED NOT NULL,
  `created_at` timestamp NULL DEFAULT NULL,
  `updated_at` timestamp NULL DEFAULT NULL,
  `title` varchar(100) COLLATE utf8mb4_unicode_ci NOT NULL,
  `url` varchar(100) COLLATE utf8mb4_unicode_ci DEFAULT NULL,
  `user_id` int(10) UNSIGNED NOT NULL,
  `order` int(11) DEFAULT NULL
) ENGINE=InnoDB DEFAULT CHARSET=utf8mb4 COLLATE=utf8mb4_unicode_ci;

-- --------------------------------------------------------

--
-- Estructura de tabla para la tabla `holidays`
--

CREATE TABLE `holidays` (
  `id` int(10) UNSIGNED NOT NULL,
  `created_at` timestamp NULL DEFAULT NULL,
  `updated_at` timestamp NULL DEFAULT NULL,
  `date` date NOT NULL,
  `description` varchar(100) COLLATE utf8mb4_unicode_ci NOT NULL,
  `country_id` int(10) UNSIGNED NOT NULL,
  `company_id` int(10) UNSIGNED NOT NULL,
  `added_by` varchar(10) COLLATE utf8mb4_unicode_ci NOT NULL
) ENGINE=InnoDB DEFAULT CHARSET=utf8mb4 COLLATE=utf8mb4_unicode_ci;

--
-- Volcado de datos para la tabla `holidays`
--

INSERT INTO `holidays` (`id`, `created_at`, `updated_at`, `date`, `description`, `country_id`, `company_id`, `added_by`) VALUES
(75, '2018-03-14 20:53:57', '2018-03-14 20:53:57', '2018-01-01', 'New Year', 1, 1, 'reload'),
(76, '2018-03-14 20:53:57', '2018-03-14 20:53:57', '2018-02-12', 'Carnival', 1, 1, 'reload'),
(77, '2018-03-14 20:53:57', '2018-03-14 20:53:57', '2018-02-13', 'Carnival', 1, 1, 'reload'),
(78, '2018-03-14 20:53:57', '2018-03-14 20:53:57', '2018-03-29', 'Maundy Day', 1, 1, 'reload'),
(79, '2018-03-14 20:53:57', '2018-03-14 20:53:57', '2018-03-30', 'Good Friday', 1, 1, 'reload'),
(80, '2018-03-14 20:53:57', '2018-03-14 20:53:57', '2018-04-02', 'Veteran\'s Day', 1, 1, 'reload'),
(81, '2018-03-14 20:53:57', '2018-03-14 20:53:57', '2018-04-30', 'Bridge Holiday Before Labour Day', 1, 1, 'reload'),
(82, '2018-03-14 20:53:57', '2018-03-14 20:53:57', '2018-05-01', 'Labour Day', 1, 1, 'reload'),
(83, '2018-03-14 20:53:57', '2018-03-14 20:53:57', '2018-05-25', 'May Day Revolution', 1, 1, 'reload'),
(84, '2018-03-14 20:53:57', '2018-03-14 20:53:57', '2018-06-20', 'National Flag Day', 1, 1, 'reload'),
(85, '2018-03-14 20:53:57', '2018-03-14 20:53:57', '2018-07-09', 'Día de la Independencia.', 1, 1, 'reload'),
(86, '2018-03-14 20:53:57', '2018-03-14 20:53:57', '2018-08-20', 'Paso a la Inmortalidad del Gral. José de San Martín (17/8).', 1, 1, 'reload'),
(87, '2018-03-14 20:53:57', '2018-03-14 20:53:57', '2018-10-15', 'Día del Respeto a la Diversidad Cultural', 1, 1, 'reload'),
(88, '2018-03-14 20:53:57', '2018-03-14 20:53:57', '2018-11-19', 'Día de la Soberanía Nacional (20/11)', 1, 1, 'reload'),
(89, '2018-03-14 20:53:57', '2018-03-14 20:53:57', '2018-12-24', 'Día no laboral con fines turísticos.', 1, 1, 'reload'),
(90, '2018-03-14 20:53:57', '2018-03-14 20:53:57', '2018-12-31', 'Día no laboral con fines turísticos.', 1, 1, 'reload'),
(91, '2018-03-14 20:53:57', '2018-03-14 20:53:57', '2018-12-25', 'Navidad.', 1, 1, 'reload'),
(92, '2018-03-14 20:53:57', '2018-03-14 20:53:57', '2018-01-01', 'Confraternização Universal', 4, 1, 'reload'),
(93, '2018-03-14 20:53:57', '2018-03-14 20:53:57', '2018-04-21', 'Tiradentes', 4, 1, 'reload'),
(94, '2018-03-14 20:53:57', '2018-03-14 20:53:57', '2018-05-31', 'Corpus Christi', 4, 1, 'reload'),
(95, '2018-03-14 20:53:57', '2018-03-14 20:53:57', '2018-10-12', 'Nossa Senhora Aparecida', 4, 1, 'reload'),
(96, '2018-03-14 20:53:57', '2018-03-14 20:53:57', '2018-03-30', 'Sexta-feira da Paixão', 4, 1, 'reload'),
(97, '2018-03-14 20:53:57', '2018-03-14 20:53:57', '2018-05-01', 'Dia do Trabalhador', 4, 1, 'reload'),
(98, '2018-03-14 20:53:57', '2018-03-14 20:53:57', '2018-09-07', 'Dia da Independência do Brasil', 4, 1, 'reload'),
(99, '2018-03-14 20:53:57', '2018-03-14 20:53:57', '2018-11-02', 'Finados', 4, 1, 'reload'),
(100, '2018-03-14 20:53:57', '2018-03-14 20:53:57', '2018-11-15', 'Proclamação da República', 4, 1, 'reload'),
(101, '2018-03-14 20:53:57', '2018-03-14 20:53:57', '2018-12-25', 'Natal', 4, 1, 'reload'),
(102, '2018-03-14 20:53:57', '2018-03-14 20:53:57', '2018-01-01', 'New Year\'s Day 2018', 2, 1, 'reload'),
(103, '2018-03-14 20:53:57', '2018-03-14 20:53:57', '2018-01-15', 'Martin Luther King', 2, 1, 'reload'),
(104, '2018-03-14 20:53:57', '2018-03-14 20:53:57', '2018-02-19', 'President\'s Day', 2, 1, 'reload'),
(105, '2018-03-14 20:53:57', '2018-03-14 20:53:57', '2018-04-16', 'Emancipation Day', 2, 1, 'reload'),
(106, '2018-03-14 20:53:57', '2018-03-14 20:53:57', '2018-05-28', 'Memorial Day', 2, 1, 'reload'),
(107, '2018-03-14 20:53:57', '2018-03-14 20:53:57', '2018-07-04', 'Independence Day', 2, 1, 'reload'),
(108, '2018-03-14 20:53:57', '2018-03-14 20:53:57', '2018-09-03', 'Labor Day', 2, 1, 'reload'),
(109, '2018-03-14 20:53:57', '2018-03-14 20:53:57', '2018-10-08', 'Columbus Day', 2, 1, 'reload'),
(110, '2018-03-14 20:53:57', '2018-03-14 20:53:57', '2018-11-12', 'Veteran\'s Day', 2, 1, 'reload'),
(111, '2018-03-14 20:53:57', '2018-03-14 20:53:57', '2018-11-22', 'Thanksgiving', 2, 1, 'reload'),
(112, '2018-03-14 20:53:57', '2018-03-14 20:53:57', '2018-12-25', 'Christmas Day', 2, 1, 'reload'),
(113, '2018-03-14 20:53:57', '2018-03-14 20:53:57', '2018-01-01', 'New Year\'s Day', 5, 1, 'reload'),
(114, '2018-03-14 20:53:57', '2018-03-14 20:53:57', '2018-01-26', 'Republic Day', 5, 1, 'reload'),
(115, '2018-03-14 20:53:57', '2018-03-14 20:53:57', '2018-02-14', 'Maha Shivaratri', 5, 1, 'reload'),
(116, '2018-03-14 20:53:57', '2018-03-14 20:53:57', '2018-03-02', 'Holi', 5, 1, 'reload'),
(117, '2018-03-14 20:53:57', '2018-03-14 20:53:57', '2018-03-29', 'Mahavir Jayanti', 5, 1, 'reload'),
(118, '2018-03-14 20:53:57', '2018-03-14 20:53:57', '2018-03-30', 'Good Friday', 5, 1, 'reload'),
(119, '2018-03-14 20:53:57', '2018-03-14 20:53:57', '2018-04-30', 'Budhha Purnima', 5, 1, 'reload'),
(120, '2018-03-14 20:53:57', '2018-03-14 20:53:57', '2018-05-01', 'Labor Day', 5, 1, 'reload'),
(121, '2018-03-14 20:53:57', '2018-03-14 20:53:57', '2018-08-15', 'Independence Day', 5, 1, 'reload'),
(122, '2018-03-14 20:53:57', '2018-03-14 20:53:57', '2018-08-22', 'Bakri Id / Eid ul-Adha', 5, 1, 'reload'),
(123, '2018-03-14 20:53:57', '2018-03-14 20:53:57', '2018-09-03', 'Janmashtami', 5, 1, 'reload'),
(124, '2018-03-14 20:53:57', '2018-03-14 20:53:57', '2018-09-13', 'Vinayaka Chaturthi', 5, 1, 'reload'),
(125, '2018-03-14 20:53:57', '2018-03-14 20:53:57', '2018-09-21', 'Muharram', 5, 1, 'reload'),
(126, '2018-03-14 20:53:57', '2018-03-14 20:53:57', '2018-10-02', 'Mathatma Gandhi Jayanti', 5, 1, 'reload'),
(127, '2018-03-14 20:53:57', '2018-03-14 20:53:57', '2018-10-19', 'Dussehra / Dasara', 5, 1, 'reload'),
(128, '2018-03-14 20:53:57', '2018-03-14 20:53:57', '2018-11-07', 'Diwali / Deepavali', 5, 1, 'reload'),
(129, '2018-03-14 20:53:57', '2018-03-14 20:53:57', '2018-11-21', 'Milad un Nabi', 5, 1, 'reload'),
(130, '2018-03-14 20:53:57', '2018-03-14 20:53:57', '2018-11-23', 'Guru Nanak\'s Birthday', 5, 1, 'reload'),
(131, '2018-03-14 20:53:57', '2018-03-14 20:53:57', '2018-12-25', 'Christmas', 5, 1, 'reload'),
(132, '2018-03-14 20:53:57', '2018-03-14 20:53:57', '2018-01-01', 'New Year', 3, 1, 'reload'),
(133, '2018-03-14 20:53:57', '2018-03-14 20:53:57', '2018-01-08', 'Ephifany (Observed)', 3, 1, 'reload'),
(134, '2018-03-14 20:53:57', '2018-03-14 20:53:57', '2018-03-19', 'Saint Joseph Day', 3, 1, 'reload'),
(135, '2018-03-14 20:53:57', '2018-03-14 20:53:57', '2018-03-29', 'Maundy Thursday', 3, 1, 'reload'),
(136, '2018-03-14 20:53:57', '2018-03-14 20:53:57', '2018-03-30', 'Good Friday', 3, 1, 'reload'),
(137, '2018-03-14 20:53:57', '2018-03-14 20:53:57', '2018-05-01', 'Labour Day', 3, 1, 'reload'),
(138, '2018-03-14 20:53:57', '2018-03-14 20:53:57', '2018-05-14', 'Ascension Day (Observed)', 3, 1, 'reload'),
(139, '2018-03-14 20:53:57', '2018-03-14 20:53:57', '2018-06-04', 'Chorpus Christi', 3, 1, 'reload'),
(140, '2018-03-14 20:53:57', '2018-03-14 20:53:57', '2018-06-11', 'Sacred Heart', 3, 1, 'reload'),
(141, '2018-03-14 20:53:57', '2018-03-14 20:53:57', '2018-07-02', 'Saint Peter & Saint Paul Day', 3, 1, 'reload'),
(142, '2018-03-14 20:53:57', '2018-03-14 20:53:57', '2018-07-20', 'Declaration of Independence', 3, 1, 'reload'),
(143, '2018-03-14 20:53:57', '2018-03-14 20:53:57', '2018-08-07', 'Batalla de Boyaca', 3, 1, 'reload'),
(144, '2018-03-14 20:53:57', '2018-03-14 20:53:57', '2018-08-20', 'Assumption Day', 3, 1, 'reload'),
(145, '2018-03-14 20:53:57', '2018-03-14 20:53:57', '2018-10-15', 'Columbus Day', 3, 1, 'reload'),
(146, '2018-03-14 20:53:57', '2018-03-14 20:53:57', '2018-11-05', 'All Saints Day', 3, 1, 'reload'),
(147, '2018-03-14 20:53:57', '2018-03-14 20:53:57', '2018-11-12', 'Cartagena Independence', 3, 1, 'reload'),
(148, '2018-03-14 20:53:57', '2018-03-14 20:53:57', '2018-12-25', 'Christmas Day', 3, 1, 'reload');

-- --------------------------------------------------------

--
-- Estructura de tabla para la tabla `holidays_templates`
--

CREATE TABLE `holidays_templates` (
  `id` int(10) UNSIGNED NOT NULL,
  `created_at` timestamp NULL DEFAULT NULL,
  `updated_at` timestamp NULL DEFAULT NULL,
  `date` date NOT NULL,
  `description` varchar(100) COLLATE utf8mb4_unicode_ci NOT NULL,
  `country_id` int(10) UNSIGNED NOT NULL
) ENGINE=InnoDB DEFAULT CHARSET=utf8mb4 COLLATE=utf8mb4_unicode_ci;

--
-- Volcado de datos para la tabla `holidays_templates`
--

INSERT INTO `holidays_templates` (`id`, `created_at`, `updated_at`, `date`, `description`, `country_id`) VALUES
(6, '2018-03-14 15:55:36', '2018-03-14 15:55:36', '2018-01-01', 'New Year', 1),
(7, '2018-03-14 17:21:26', '2018-03-14 19:09:57', '2018-02-12', 'Carnival', 1),
(8, '2018-03-14 17:21:55', '2018-03-14 19:10:09', '2018-02-13', 'Carnival', 1),
(10, '2018-03-14 17:25:27', '2018-03-14 19:12:13', '2018-03-29', 'Maundy Day', 1),
(11, '2018-03-14 17:26:28', '2018-03-14 19:12:29', '2018-03-30', 'Good Friday', 1),
(12, '2018-03-14 17:27:18', '2018-03-14 19:13:41', '2018-04-02', 'Veteran\'s Day', 1),
(13, '2018-03-14 17:27:52', '2018-03-14 19:14:26', '2018-04-30', 'Bridge Holiday Before Labour Day', 1),
(14, '2018-03-14 17:28:49', '2018-03-14 19:14:39', '2018-05-01', 'Labour Day', 1),
(15, '2018-03-14 17:29:15', '2018-03-14 19:15:00', '2018-05-25', 'May Day Revolution', 1),
(16, '2018-03-14 17:29:47', '2018-03-14 19:15:50', '2018-06-20', 'National Flag Day', 1),
(17, '2018-03-14 17:30:16', '2018-03-14 17:30:16', '2018-07-09', 'Día de la Independencia.', 1),
(18, '2018-03-14 17:30:50', '2018-03-14 17:30:50', '2018-08-20', 'Paso a la Inmortalidad del Gral. José de San Martín (17/8).', 1),
(19, '2018-03-14 17:32:24', '2018-03-14 17:32:24', '2018-10-15', 'Día del Respeto a la Diversidad Cultural', 1),
(20, '2018-03-14 17:32:52', '2018-03-14 17:32:52', '2018-11-19', 'Día de la Soberanía Nacional (20/11)', 1),
(21, '2018-03-14 17:33:42', '2018-03-14 17:33:42', '2018-12-24', 'Día no laboral con fines turísticos.', 1),
(22, '2018-03-14 17:34:04', '2018-03-14 17:34:04', '2018-12-31', 'Día no laboral con fines turísticos.', 1),
(23, '2018-03-14 17:34:26', '2018-03-14 17:34:26', '2018-12-25', 'Navidad.', 1),
(24, '2018-03-14 17:37:09', '2018-03-14 17:37:09', '2018-01-01', 'Confraternização Universal', 4),
(25, '2018-03-14 17:37:32', '2018-03-14 17:37:32', '2018-04-21', 'Tiradentes', 4),
(26, '2018-03-14 17:37:53', '2018-03-14 17:37:53', '2018-05-31', 'Corpus Christi', 4),
(27, '2018-03-14 17:38:20', '2018-03-14 17:38:20', '2018-10-12', 'Nossa Senhora Aparecida', 4),
(28, '2018-03-14 17:38:38', '2018-03-14 17:38:38', '2018-03-30', 'Sexta-feira da Paixão', 4),
(29, '2018-03-14 17:39:02', '2018-03-14 17:39:02', '2018-05-01', 'Dia do Trabalhador', 4),
(30, '2018-03-14 17:39:38', '2018-03-14 17:39:38', '2018-09-07', 'Dia da Independência do Brasil', 4),
(31, '2018-03-14 17:40:04', '2018-03-14 17:40:04', '2018-11-02', 'Finados', 4),
(32, '2018-03-14 17:40:32', '2018-03-14 17:40:32', '2018-11-15', 'Proclamação da República', 4),
(33, '2018-03-14 17:40:55', '2018-03-14 17:40:55', '2018-12-25', 'Natal', 4),
(34, '2018-03-14 17:42:39', '2018-03-14 17:42:39', '2018-01-01', 'New Year\'s Day 2018', 2),
(35, '2018-03-14 17:45:21', '2018-03-14 17:45:21', '2018-01-15', 'Martin Luther King', 2),
(36, '2018-03-14 17:46:58', '2018-03-14 17:46:58', '2018-02-19', 'President\'s Day', 2),
(37, '2018-03-14 17:47:45', '2018-03-14 17:47:45', '2018-04-16', 'Emancipation Day', 2),
(38, '2018-03-14 17:49:41', '2018-03-14 17:49:41', '2018-05-28', 'Memorial Day', 2),
(39, '2018-03-14 17:50:06', '2018-03-14 17:50:06', '2018-07-04', 'Independence Day', 2),
(40, '2018-03-14 17:51:12', '2018-03-14 17:51:12', '2018-09-03', 'Labor Day', 2),
(41, '2018-03-14 17:52:16', '2018-03-14 17:52:16', '2018-10-08', 'Columbus Day', 2),
(42, '2018-03-14 17:52:46', '2018-03-14 17:52:46', '2018-11-12', 'Veteran\'s Day', 2),
(43, '2018-03-14 17:53:23', '2018-03-14 17:53:23', '2018-11-22', 'Thanksgiving', 2),
(44, '2018-03-14 17:53:52', '2018-03-14 17:53:52', '2018-12-25', 'Christmas Day', 2),
(45, '2018-03-14 18:01:27', '2018-03-14 18:01:27', '2018-01-01', 'New Year\'s Day', 5),
(46, '2018-03-14 18:01:51', '2018-03-14 18:01:51', '2018-01-26', 'Republic Day', 5),
(47, '2018-03-14 18:02:23', '2018-03-14 18:02:23', '2018-02-14', 'Maha Shivaratri', 5),
(48, '2018-03-14 18:02:40', '2018-03-14 18:02:40', '2018-03-02', 'Holi', 5),
(49, '2018-03-14 18:03:01', '2018-03-14 18:03:01', '2018-03-29', 'Mahavir Jayanti', 5),
(50, '2018-03-14 18:03:18', '2018-03-14 18:03:18', '2018-03-30', 'Good Friday', 5),
(51, '2018-03-14 18:03:37', '2018-03-14 18:03:37', '2018-04-30', 'Budhha Purnima', 5),
(52, '2018-03-14 18:03:58', '2018-03-14 18:03:58', '2018-05-01', 'Labor Day', 5),
(53, '2018-03-14 18:04:57', '2018-03-14 18:04:57', '2018-08-15', 'Independence Day', 5),
(54, '2018-03-14 18:05:21', '2018-03-14 18:05:21', '2018-08-22', 'Bakri Id / Eid ul-Adha', 5),
(55, '2018-03-14 18:05:40', '2018-03-14 18:05:40', '2018-09-03', 'Janmashtami', 5),
(56, '2018-03-14 18:06:02', '2018-03-14 18:06:02', '2018-09-13', 'Vinayaka Chaturthi', 5),
(57, '2018-03-14 18:06:27', '2018-03-14 18:06:27', '2018-09-21', 'Muharram', 5),
(58, '2018-03-14 18:06:48', '2018-03-14 18:06:48', '2018-10-02', 'Mathatma Gandhi Jayanti', 5),
(59, '2018-03-14 18:07:22', '2018-03-14 18:07:22', '2018-10-19', 'Dussehra / Dasara', 5),
(60, '2018-03-14 18:07:46', '2018-03-14 18:07:46', '2018-11-07', 'Diwali / Deepavali', 5),
(61, '2018-03-14 18:08:17', '2018-03-14 18:08:17', '2018-11-21', 'Milad un Nabi', 5),
(62, '2018-03-14 18:08:42', '2018-03-14 18:08:42', '2018-11-23', 'Guru Nanak\'s Birthday', 5),
(63, '2018-03-14 18:09:06', '2018-03-14 18:09:06', '2018-12-25', 'Christmas', 5),
(64, '2018-03-14 18:17:00', '2018-03-14 18:17:00', '2018-01-01', 'New Year', 3),
(65, '2018-03-14 18:17:52', '2018-03-14 18:17:52', '2018-01-08', 'Ephifany (Observed)', 3),
(66, '2018-03-14 18:18:23', '2018-03-14 18:18:23', '2018-03-19', 'Saint Joseph Day', 3),
(67, '2018-03-14 18:20:01', '2018-03-14 18:20:01', '2018-03-29', 'Maundy Thursday', 3),
(68, '2018-03-14 18:20:26', '2018-03-14 18:20:26', '2018-03-30', 'Good Friday', 3),
(69, '2018-03-14 18:20:56', '2018-03-14 18:20:56', '2018-05-01', 'Labour Day', 3),
(70, '2018-03-14 18:21:29', '2018-03-14 18:21:29', '2018-05-14', 'Ascension Day (Observed)', 3),
(71, '2018-03-14 18:21:55', '2018-03-14 18:21:55', '2018-06-04', 'Chorpus Christi', 3),
(72, '2018-03-14 18:22:26', '2018-03-14 18:22:26', '2018-06-11', 'Sacred Heart', 3),
(73, '2018-03-14 18:22:52', '2018-03-14 18:22:52', '2018-07-02', 'Saint Peter & Saint Paul Day', 3),
(74, '2018-03-14 18:23:30', '2018-03-14 18:23:30', '2018-07-20', 'Declaration of Independence', 3),
(75, '2018-03-14 18:24:06', '2018-03-14 18:24:06', '2018-08-07', 'Batalla de Boyaca', 3),
(76, '2018-03-14 18:24:29', '2018-03-14 18:24:29', '2018-08-20', 'Assumption Day', 3),
(77, '2018-03-14 18:25:48', '2018-03-14 18:25:48', '2018-10-15', 'Columbus Day', 3),
(78, '2018-03-14 18:26:11', '2018-03-14 18:26:11', '2018-11-05', 'All Saints Day', 3),
(79, '2018-03-14 18:26:48', '2018-03-14 18:26:48', '2018-11-12', 'Cartagena Independence', 3),
(80, '2018-03-14 18:27:16', '2018-03-14 18:27:16', '2018-12-25', 'Christmas Day', 3);

-- --------------------------------------------------------

--
-- Estructura de tabla para la tabla `industries`
--

CREATE TABLE `industries` (
  `id` int(10) UNSIGNED NOT NULL,
  `created_at` timestamp NULL DEFAULT NULL,
  `updated_at` timestamp NULL DEFAULT NULL,
  `name` varchar(100) COLLATE utf8mb4_unicode_ci NOT NULL
) ENGINE=InnoDB DEFAULT CHARSET=utf8mb4 COLLATE=utf8mb4_unicode_ci;

--
-- Volcado de datos para la tabla `industries`
--

INSERT INTO `industries` (`id`, `created_at`, `updated_at`, `name`) VALUES
(1, '2018-03-14 15:55:36', '2018-03-14 15:55:36', 'Pharmaceutical'),
(2, '2018-03-14 15:55:36', '2018-03-14 15:55:36', 'Internet & Information Technology'),
(3, '2018-03-14 15:55:36', '2018-03-14 15:55:36', 'Legal & Law Enforcement'),
(4, '2018-03-14 15:55:36', '2018-03-14 15:55:36', 'Mining'),
(5, '2018-03-14 15:55:36', '2018-03-14 15:55:36', 'Entertainment'),
(6, '2018-03-14 15:55:36', '2018-03-14 15:55:36', 'Sports & Recreation'),
(7, '2018-03-14 15:55:36', '2018-03-14 15:55:36', 'Agriculture'),
(8, '2018-03-14 15:55:36', '2018-03-14 15:55:36', 'Construction'),
(9, '2018-03-14 15:55:36', '2018-03-14 15:55:36', 'Manufacturing'),
(10, '2018-03-14 15:55:36', '2018-03-14 15:55:36', 'Engineering'),
(11, '2018-03-14 15:55:36', '2018-03-14 15:55:36', 'Education & Training'),
(12, '2018-03-14 15:55:36', '2018-03-14 15:55:36', 'Finance & Accounting'),
(13, '2018-03-14 15:55:36', '2018-03-14 15:55:36', 'Government'),
(14, '2018-03-14 15:55:36', '2018-03-14 15:55:36', 'Healthcare & Medical'),
(15, '2018-03-14 15:55:36', '2018-03-14 15:55:36', 'Human Resources'),
(16, '2018-03-14 15:55:36', '2018-03-14 15:55:36', 'Insurance'),
(17, '2018-03-14 15:55:36', '2018-03-14 15:55:36', 'Operations & Logistics'),
(18, '2018-03-14 15:55:36', '2018-03-14 15:55:36', 'Retail & Consumer'),
(19, '2018-03-14 15:55:36', '2018-03-14 15:55:36', 'Goods & Services'),
(20, '2018-03-14 15:55:36', '2018-03-14 15:55:36', 'Sales & Marketing'),
(21, '2018-03-14 15:55:36', '2018-03-14 15:55:36', 'Science & Research'),
(22, '2018-03-14 15:55:36', '2018-03-14 15:55:36', 'Telecommunications'),
(23, '2018-03-14 15:55:36', '2018-03-14 15:55:36', 'Travel & Tourism');

-- --------------------------------------------------------

--
-- Estructura de tabla para la tabla `invoices`
--

CREATE TABLE `invoices` (
  `id` int(10) UNSIGNED NOT NULL,
  `created_at` timestamp NULL DEFAULT NULL,
  `updated_at` timestamp NULL DEFAULT NULL,
  `project_id` int(10) UNSIGNED NOT NULL,
  `number` varchar(200) COLLATE utf8mb4_unicode_ci NOT NULL,
  `purchase_order` varchar(200) COLLATE utf8mb4_unicode_ci NOT NULL,
  `concept` varchar(200) COLLATE utf8mb4_unicode_ci NOT NULL,
  `from` date NOT NULL,
  `to` date NOT NULL,
  `contact_id` int(10) UNSIGNED NOT NULL,
  `currency_id` int(10) UNSIGNED NOT NULL,
  `due_date` date DEFAULT NULL,
  `total` double(8,2) NOT NULL,
  `bill_to` varchar(200) COLLATE utf8mb4_unicode_ci NOT NULL,
  `remit_to` varchar(200) COLLATE utf8mb4_unicode_ci NOT NULL,
  `emited` tinyint(1) NOT NULL
) ENGINE=InnoDB DEFAULT CHARSET=utf8mb4 COLLATE=utf8mb4_unicode_ci;

-- --------------------------------------------------------

--
-- Estructura de tabla para la tabla `invoice_discounts`
--

CREATE TABLE `invoice_discounts` (
  `id` int(10) UNSIGNED NOT NULL,
  `created_at` timestamp NULL DEFAULT NULL,
  `updated_at` timestamp NULL DEFAULT NULL,
  `invoice_id` int(10) UNSIGNED NOT NULL,
  `currency_id` int(10) UNSIGNED NOT NULL,
  `name` varchar(150) COLLATE utf8mb4_unicode_ci NOT NULL,
  `amount` double(18,2) NOT NULL,
  `percentage` double(18,2) NOT NULL
) ENGINE=InnoDB DEFAULT CHARSET=utf8mb4 COLLATE=utf8mb4_unicode_ci;

-- --------------------------------------------------------

--
-- Estructura de tabla para la tabla `invoice_disc_codifier`
--

CREATE TABLE `invoice_disc_codifier` (
  `id` int(10) UNSIGNED NOT NULL,
  `created_at` timestamp NULL DEFAULT NULL,
  `updated_at` timestamp NULL DEFAULT NULL,
  `discount_id` int(10) UNSIGNED NOT NULL,
  `currency_id` int(10) UNSIGNED NOT NULL,
  `name` varchar(150) COLLATE utf8mb4_unicode_ci NOT NULL,
  `percentage` double(18,2) NOT NULL,
  `overfield` tinyint(4) NOT NULL
) ENGINE=InnoDB DEFAULT CHARSET=utf8mb4 COLLATE=utf8mb4_unicode_ci;

-- --------------------------------------------------------

--
-- Estructura de tabla para la tabla `invoice_expenses`
--

CREATE TABLE `invoice_expenses` (
  `id` int(10) UNSIGNED NOT NULL,
  `created_at` timestamp NULL DEFAULT NULL,
  `updated_at` timestamp NULL DEFAULT NULL,
  `invoice_id` int(10) UNSIGNED NOT NULL,
  `detail` varchar(150) COLLATE utf8mb4_unicode_ci NOT NULL,
  `amount` double(18,2) NOT NULL,
  `cost` double(18,2) NOT NULL,
  `currency_id` int(10) UNSIGNED NOT NULL
) ENGINE=InnoDB DEFAULT CHARSET=utf8mb4 COLLATE=utf8mb4_unicode_ci;

-- --------------------------------------------------------

--
-- Estructura de tabla para la tabla `invoice_materials`
--

CREATE TABLE `invoice_materials` (
  `id` int(10) UNSIGNED NOT NULL,
  `created_at` timestamp NULL DEFAULT NULL,
  `updated_at` timestamp NULL DEFAULT NULL,
  `invoice_id` int(10) UNSIGNED NOT NULL,
  `currency_id` int(10) UNSIGNED NOT NULL,
  `detail` varchar(150) COLLATE utf8mb4_unicode_ci NOT NULL,
  `cost` double(18,2) NOT NULL,
  `amount` double(18,2) NOT NULL
) ENGINE=InnoDB DEFAULT CHARSET=utf8mb4 COLLATE=utf8mb4_unicode_ci;

-- --------------------------------------------------------

--
-- Estructura de tabla para la tabla `invoice_resources`
--

CREATE TABLE `invoice_resources` (
  `id` int(10) UNSIGNED NOT NULL,
  `created_at` timestamp NULL DEFAULT NULL,
  `updated_at` timestamp NULL DEFAULT NULL,
  `invoice_id` int(10) UNSIGNED NOT NULL,
  `project_role_id` int(10) UNSIGNED NOT NULL,
  `seniority_id` int(10) UNSIGNED NOT NULL,
  `currency_id` int(10) UNSIGNED NOT NULL,
  `load` tinyint(4) NOT NULL,
  `workplace` enum('onsite','offshore') COLLATE utf8mb4_unicode_ci NOT NULL,
  `rate` double(18,2) NOT NULL,
  `rate_id` int(10) UNSIGNED NOT NULL,
  `hours` int(11) NOT NULL,
  `type` varchar(190) COLLATE utf8mb4_unicode_ci NOT NULL,
  `user_id` int(10) UNSIGNED NOT NULL,
  `comments` text COLLATE utf8mb4_unicode_ci
) ENGINE=InnoDB DEFAULT CHARSET=utf8mb4 COLLATE=utf8mb4_unicode_ci;

-- --------------------------------------------------------

--
-- Estructura de tabla para la tabla `invoice_services`
--

CREATE TABLE `invoice_services` (
  `id` int(10) UNSIGNED NOT NULL,
  `created_at` timestamp NULL DEFAULT NULL,
  `updated_at` timestamp NULL DEFAULT NULL,
  `invoice_id` int(10) UNSIGNED NOT NULL,
  `detail` varchar(150) COLLATE utf8mb4_unicode_ci NOT NULL,
  `amount` double(18,2) NOT NULL,
  `cost` double(18,2) NOT NULL,
  `currency_id` int(10) UNSIGNED NOT NULL
) ENGINE=InnoDB DEFAULT CHARSET=utf8mb4 COLLATE=utf8mb4_unicode_ci;

-- --------------------------------------------------------

--
-- Estructura de tabla para la tabla `invoice_taxes`
--

CREATE TABLE `invoice_taxes` (
  `id` int(10) UNSIGNED NOT NULL,
  `created_at` timestamp NULL DEFAULT NULL,
  `updated_at` timestamp NULL DEFAULT NULL,
  `invoice_id` int(10) UNSIGNED NOT NULL,
  `currency_id` int(10) UNSIGNED NOT NULL,
  `name` varchar(150) COLLATE utf8mb4_unicode_ci NOT NULL,
  `amount` double(18,2) NOT NULL,
  `percentage` double(18,2) NOT NULL
) ENGINE=InnoDB DEFAULT CHARSET=utf8mb4 COLLATE=utf8mb4_unicode_ci;

-- --------------------------------------------------------

--
-- Estructura de tabla para la tabla `invoice_tax_codifier`
--

CREATE TABLE `invoice_tax_codifier` (
  `id` int(10) UNSIGNED NOT NULL,
  `created_at` timestamp NULL DEFAULT NULL,
  `updated_at` timestamp NULL DEFAULT NULL,
  `tax_id` int(10) UNSIGNED NOT NULL,
  `currency_id` int(10) UNSIGNED NOT NULL,
  `name` varchar(150) COLLATE utf8mb4_unicode_ci NOT NULL,
  `percentage` double(18,2) NOT NULL,
  `overfield` tinyint(4) NOT NULL
) ENGINE=InnoDB DEFAULT CHARSET=utf8mb4 COLLATE=utf8mb4_unicode_ci;

-- --------------------------------------------------------

--
-- Estructura de tabla para la tabla `kpis`
--

CREATE TABLE `kpis` (
  `id` int(10) UNSIGNED NOT NULL,
  `created_at` timestamp NULL DEFAULT NULL,
  `updated_at` timestamp NULL DEFAULT NULL,
  `company_id` int(10) UNSIGNED NOT NULL,
  `category` varchar(100) COLLATE utf8mb4_unicode_ci NOT NULL,
  `description` text COLLATE utf8mb4_unicode_ci NOT NULL,
  `query` varchar(200) COLLATE utf8mb4_unicode_ci NOT NULL
) ENGINE=InnoDB DEFAULT CHARSET=utf8mb4 COLLATE=utf8mb4_unicode_ci;

-- --------------------------------------------------------

--
-- Estructura de tabla para la tabla `languages`
--

CREATE TABLE `languages` (
  `id` int(10) UNSIGNED NOT NULL,
  `created_at` timestamp NULL DEFAULT NULL,
  `updated_at` timestamp NULL DEFAULT NULL,
  `name` varchar(20) COLLATE utf8mb4_unicode_ci NOT NULL,
  `code` varchar(3) COLLATE utf8mb4_unicode_ci NOT NULL
) ENGINE=InnoDB DEFAULT CHARSET=utf8mb4 COLLATE=utf8mb4_unicode_ci;

--
-- Volcado de datos para la tabla `languages`
--

INSERT INTO `languages` (`id`, `created_at`, `updated_at`, `name`, `code`) VALUES
(1, '2018-03-14 15:55:36', '2018-03-14 15:55:36', 'Spanish', 'ES'),
(2, '2018-03-14 15:55:36', '2018-03-14 15:55:36', 'English', 'EN'),
(3, '2018-03-14 15:55:36', '2018-03-14 15:55:36', 'French', 'FR'),
(4, '2018-03-14 15:55:36', '2018-03-14 15:55:36', 'German', 'DE'),
(5, '2018-03-14 17:03:15', '2018-03-14 17:03:15', 'Portugues', 'PT'),
(6, '2018-03-14 17:05:37', '2018-03-14 17:05:37', 'Hindi', 'HN');

-- --------------------------------------------------------

--
-- Estructura de tabla para la tabla `materials`
--

CREATE TABLE `materials` (
  `id` int(10) UNSIGNED NOT NULL,
  `created_at` timestamp NULL DEFAULT NULL,
  `updated_at` timestamp NULL DEFAULT NULL,
  `reimbursable` tinyint(4) NOT NULL,
  `detail` varchar(100) COLLATE utf8mb4_unicode_ci NOT NULL,
  `amount` double(18,2) NOT NULL,
  `cost` double(18,2) DEFAULT NULL,
  `company_id` int(10) UNSIGNED NOT NULL,
  `cost_currency_id` int(10) UNSIGNED NOT NULL,
  `currency_id` int(10) UNSIGNED NOT NULL
) ENGINE=InnoDB DEFAULT CHARSET=utf8mb4 COLLATE=utf8mb4_unicode_ci;

--
-- Volcado de datos para la tabla `materials`
--

INSERT INTO `materials` (`id`, `created_at`, `updated_at`, `reimbursable`, `detail`, `amount`, `cost`, `company_id`, `cost_currency_id`, `currency_id`) VALUES
(1, '2018-03-14 21:54:07', '2018-03-14 21:54:21', 1, 'Cables & Plugs', 100.00, 40.00, 1, 1, 2),
(2, '2018-03-14 21:54:51', '2018-03-14 21:54:51', 1, 'Plastic Boxes', 100.00, 80.00, 1, 1, 2);

-- --------------------------------------------------------

--
-- Estructura de tabla para la tabla `metadocu`
--

CREATE TABLE `metadocu` (
  `language` int(10) UNSIGNED NOT NULL,
  `activity` int(10) UNSIGNED NOT NULL,
  `document_type` int(10) UNSIGNED NOT NULL,
  `code` int(10) UNSIGNED NOT NULL,
  `version` int(10) UNSIGNED NOT NULL,
  `name` varchar(255) COLLATE utf8mb4_unicode_ci NOT NULL,
  `link_logo_left` varchar(255) COLLATE utf8mb4_unicode_ci NOT NULL,
  `link_logo_right` varchar(255) COLLATE utf8mb4_unicode_ci NOT NULL,
  `path_ref` varchar(255) COLLATE utf8mb4_unicode_ci NOT NULL COMMENT 'Esta columna es solo de referencia, seria el nombre del archivo final. Tendra que ser compatible con el archivo a cargar.',
  `document_id` int(10) UNSIGNED NOT NULL
) ENGINE=InnoDB DEFAULT CHARSET=utf8mb4 COLLATE=utf8mb4_unicode_ci;

-- --------------------------------------------------------

--
-- Estructura de tabla para la tabla `metagrid`
--

CREATE TABLE `metagrid` (
  `language` int(10) UNSIGNED NOT NULL,
  `activity` int(10) UNSIGNED NOT NULL,
  `document_type` int(10) UNSIGNED NOT NULL,
  `code` int(10) UNSIGNED NOT NULL,
  `version` int(10) UNSIGNED NOT NULL,
  `variable_code` int(10) UNSIGNED NOT NULL,
  `caption` varchar(255) COLLATE utf8mb4_unicode_ci NOT NULL,
  `row_number` int(11) NOT NULL,
  `column_number` int(11) NOT NULL,
  `column_name` varchar(255) COLLATE utf8mb4_unicode_ci NOT NULL,
  `column_type` varchar(2) COLLATE utf8mb4_unicode_ci NOT NULL COMMENT 'T, P, N, D, I, L, HL',
  `image_link` varchar(2) COLLATE utf8mb4_unicode_ci NOT NULL COMMENT 'Para datatype imagen',
  `hyperlink_link` varchar(2) COLLATE utf8mb4_unicode_ci NOT NULL COMMENT 'Para datatype link o hyperlink'
) ENGINE=InnoDB DEFAULT CHARSET=utf8mb4 COLLATE=utf8mb4_unicode_ci;

-- --------------------------------------------------------

--
-- Estructura de tabla para la tabla `metavariable`
--

CREATE TABLE `metavariable` (
  `language` int(10) UNSIGNED NOT NULL,
  `activity` int(10) UNSIGNED NOT NULL,
  `document_type` int(10) UNSIGNED NOT NULL,
  `code` int(10) UNSIGNED NOT NULL,
  `version` int(10) UNSIGNED NOT NULL,
  `variable_code` int(10) UNSIGNED NOT NULL,
  `variable_type` int(10) UNSIGNED NOT NULL,
  `variable_name` varchar(255) COLLATE utf8mb4_unicode_ci NOT NULL,
  `caption` varchar(255) COLLATE utf8mb4_unicode_ci NOT NULL,
  `image_link` varchar(255) COLLATE utf8mb4_unicode_ci NOT NULL,
  `hyperlink_link` varchar(255) COLLATE utf8mb4_unicode_ci NOT NULL,
  `dependencies` varchar(255) COLLATE utf8mb4_unicode_ci NOT NULL
) ENGINE=InnoDB DEFAULT CHARSET=utf8mb4 COLLATE=utf8mb4_unicode_ci;

-- --------------------------------------------------------

--
-- Estructura de tabla para la tabla `migrations`
--

CREATE TABLE `migrations` (
  `id` int(10) UNSIGNED NOT NULL,
  `migration` varchar(191) COLLATE utf8mb4_unicode_ci NOT NULL,
  `batch` int(11) NOT NULL
) ENGINE=InnoDB DEFAULT CHARSET=utf8mb4 COLLATE=utf8mb4_unicode_ci;

--
-- Volcado de datos para la tabla `migrations`
--

INSERT INTO `migrations` (`id`, `migration`, `batch`) VALUES
(1, '2017_01_09_120130_create_companies_table', 1),
(2, '2017_01_10_120200_create_company_roles_table', 1),
(3, '2017_01_15_105324_create_roles_table', 1),
(4, '2017_01_26_115212_create_permissions_table', 1),
(5, '2017_04_10_120000_create_engagements_table', 1),
(6, '2017_04_10_120015_create_users_table', 1),
(7, '2017_04_10_120100_create_cities_table', 1),
(8, '2017_04_10_121714_create_costs_table', 1),
(9, '2017_04_10_121714_create_countries_table', 1),
(10, '2017_04_10_121714_create_currencies_table', 1),
(11, '2017_04_10_121714_create_customers_table', 1),
(12, '2017_04_10_121714_create_holidays_templates_table', 1),
(13, '2017_04_10_121714_create_industries_table', 1),
(14, '2017_04_10_121714_create_kpis_table', 1),
(15, '2017_04_10_121714_create_languages_table', 1),
(16, '2017_04_10_121714_create_materials_table', 1),
(17, '2017_04_10_121714_create_offices_table', 1),
(18, '2017_04_10_121714_create_project_roles_table', 1),
(19, '2017_04_10_121714_create_providers_table', 1),
(20, '2017_04_10_121714_create_quotation_lines_table', 1),
(21, '2017_04_10_121714_create_quotations_table', 1),
(22, '2017_04_10_121714_create_seniorities_table', 1),
(23, '2017_04_10_121714_create_services_table', 1),
(24, '2017_04_10_121714_create_user_social_networks_table', 1),
(25, '2017_04_10_121714_create_workgroups_table', 1),
(26, '2017_04_10_121715_create_absence_types_table', 1),
(27, '2017_04_10_121715_create_absences_table', 1),
(28, '2017_04_10_121715_create_discounts_table', 1),
(29, '2017_04_10_121715_create_holidays_table', 1),
(30, '2017_04_10_121715_create_permission_user_table', 1),
(31, '2017_04_10_121715_create_rates_table', 1),
(32, '2017_04_10_121715_create_replacements_table', 1),
(33, '2017_04_10_121715_create_role_user_table', 1),
(34, '2017_04_10_121715_create_taxes_table', 1),
(35, '2017_04_10_185223_create_departments_table', 1),
(36, '2017_04_11_121714_create_projects_table', 1),
(37, '2017_04_11_121715_create_procurements_table', 1),
(38, '2017_04_11_121717_create_contracts_table', 1),
(39, '2017_04_12_121715_create_teams_table', 1),
(40, '2017_04_12_121800_create_agenda_table', 1),
(41, '2017_04_12_165846_create_notes_table', 1),
(42, '2017_04_13_121716_create_contract_materials_table', 1),
(43, '2017_04_13_121716_create_contract_services_table', 1),
(44, '2017_04_13_121900_create_contacts_table', 1),
(45, '2017_04_13_122000_create_contract_resources_table', 1),
(46, '2017_04_13_132000_create_stakeholders_table', 1),
(47, '2017_04_21_175338_create_seniority_templates_table', 1),
(48, '2017_04_21_183737_create_project_role_templates_table', 1),
(49, '2017_04_24_122029_create_company_role_templates_table', 1),
(50, '2017_04_25_163101_create_favorites_table', 1),
(51, '2017_05_05_202314_create_exchange_rates_table', 1),
(52, '2017_05_10_121715_create_team_users_table', 1),
(53, '2017_05_18_193952_create_email_category_templates_table', 1),
(54, '2017_05_18_193953_create_email_templates_table', 1),
(55, '2017_05_19_193810_create_email_categories_table', 1),
(56, '2017_05_19_193819_create_emails_table', 1),
(57, '2017_06_02_174146_create_company_users_table', 1),
(58, '2017_06_15_120523_create_activities_table', 1),
(59, '2017_06_15_120524_create_activities_history_table', 1),
(60, '2017_06_16_130156_create_project_kpi_alerts_table', 1),
(61, '2017_06_22_182919_create_additional_hours_table', 1),
(62, '2017_06_23_140247_create_working_hours_table', 1),
(63, '2017_06_27_124506_create_project_resources_table', 1),
(64, '2017_06_27_132702_create_project_services_table', 1),
(65, '2017_06_27_132850_create_project_materials_table', 1),
(66, '2017_06_29_182038_create_expenses_table', 1),
(67, '2017_06_30_121715_create_contract_expenses_table', 1),
(68, '2017_06_30_132324_create_project_expenses_table', 1),
(69, '2017_06_30_134440_create_invoices_table', 1),
(70, '2017_06_30_191711_invoice_resources', 1),
(71, '2017_06_30_192235_invoice_expenses', 1),
(72, '2017_06_30_192525_create_invoice_services', 1),
(73, '2017_06_30_192606_create_invoice_materials', 1),
(74, '2017_06_30_192636_create_invoice_discounts', 1),
(75, '2017_06_30_192755_create_invoice_taxes', 1),
(76, '2017_07_16_133623_create_requirements_table', 1),
(77, '2017_07_17_180434_create_table_procurement_offers', 1),
(78, '2017_07_17_180724_create_table_tasks', 1),
(79, '2017_07_27_123255_create_task_material_table', 1),
(80, '2017_07_27_123420_create_task_resources_table', 1),
(81, '2017_07_27_123506_create_task_services_table', 1),
(82, '2017_07_27_123641_create_tickets_table', 1),
(83, '2017_07_27_124212_create_tickets_histories_table', 1),
(84, '2018_03_12_115523_create_permission_role_table', 1),
(85, '2018_03_13_110800_create_doctypes_table', 1),
(86, '2018_03_13_113000_create_invoice_disc_codifier_table', 1),
(87, '2018_03_13_120100_create_metagrid_table', 1),
(88, '2018_03_13_123641_create_directories_table', 1),
(89, '2018_03_13_123642_create_directory_role_table', 1),
(90, '2018_03_13_130900_create_documents_table', 1),
(91, '2018_03_13_133000_create_invoice_tax_codifier_table', 1),
(92, '2018_03_13_140600_create_metavariable_table', 1),
(93, '2018_03_13_155000_create_metadocu_table', 1),
(94, '2018_04_10_121725_create_foreign_keys', 1);

-- --------------------------------------------------------

--
-- Estructura de tabla para la tabla `notes`
--

CREATE TABLE `notes` (
  `id` int(10) UNSIGNED NOT NULL,
  `created_at` timestamp NULL DEFAULT NULL,
  `updated_at` timestamp NULL DEFAULT NULL,
  `title` varchar(190) COLLATE utf8mb4_unicode_ci NOT NULL,
  `description` text COLLATE utf8mb4_unicode_ci NOT NULL,
  `color` varchar(190) COLLATE utf8mb4_unicode_ci NOT NULL,
  `tag` varchar(190) COLLATE utf8mb4_unicode_ci NOT NULL,
  `project_id` int(10) UNSIGNED NOT NULL
) ENGINE=InnoDB DEFAULT CHARSET=utf8mb4 COLLATE=utf8mb4_unicode_ci;

-- --------------------------------------------------------

--
-- Estructura de tabla para la tabla `offices`
--

CREATE TABLE `offices` (
  `id` int(10) UNSIGNED NOT NULL,
  `created_at` timestamp NULL DEFAULT NULL,
  `updated_at` timestamp NULL DEFAULT NULL,
  `title` varchar(100) COLLATE utf8mb4_unicode_ci NOT NULL,
  `company_id` int(10) UNSIGNED NOT NULL,
  `city_id` int(10) UNSIGNED DEFAULT NULL,
  `workinghours_from` varchar(8) COLLATE utf8mb4_unicode_ci DEFAULT NULL,
  `workinghours_to` varchar(8) COLLATE utf8mb4_unicode_ci DEFAULT NULL,
  `hours_by_day` int(10) UNSIGNED NOT NULL DEFAULT '8'
) ENGINE=InnoDB DEFAULT CHARSET=utf8mb4 COLLATE=utf8mb4_unicode_ci;

--
-- Volcado de datos para la tabla `offices`
--

INSERT INTO `offices` (`id`, `created_at`, `updated_at`, `title`, `company_id`, `city_id`, `workinghours_from`, `workinghours_to`, `hours_by_day`) VALUES
(1, '2018-03-14 20:36:14', '2018-03-14 20:39:08', 'Buenos Aires Office', 1, 2, '09:00', '18:00', 8),
(2, '2018-03-14 20:37:13', '2018-03-14 20:39:25', 'Cordoba Office', 1, 6, '08:00', '17:00', 8),
(3, '2018-03-14 20:38:45', '2018-03-14 20:38:45', 'Sao Paulo Office', 1, 5, '10:00', '18:00', 7),
(4, '2018-03-14 20:42:31', '2018-03-14 20:42:48', 'Bogota Office', 1, 9, '09:00', '17:00', 7),
(5, '2018-03-14 20:43:28', '2018-03-14 20:43:28', 'Bangalore Office', 1, 8, '08:00', '17:00', 8);

-- --------------------------------------------------------

--
-- Estructura de tabla para la tabla `permissions`
--

CREATE TABLE `permissions` (
  `id` int(10) UNSIGNED NOT NULL,
  `name` varchar(191) COLLATE utf8mb4_unicode_ci NOT NULL,
  `slug` varchar(191) COLLATE utf8mb4_unicode_ci NOT NULL,
  `description` varchar(191) COLLATE utf8mb4_unicode_ci DEFAULT NULL,
  `model` varchar(191) COLLATE utf8mb4_unicode_ci DEFAULT NULL,
  `created_at` timestamp NULL DEFAULT NULL,
  `updated_at` timestamp NULL DEFAULT NULL
) ENGINE=InnoDB DEFAULT CHARSET=utf8mb4 COLLATE=utf8mb4_unicode_ci;

--
-- Volcado de datos para la tabla `permissions`
--

INSERT INTO `permissions` (`id`, `name`, `slug`, `description`, `model`, `created_at`, `updated_at`) VALUES
(1, 'Can View Users', 'view.users', 'Can view users', 'Permission', '2018-03-14 15:55:36', '2018-03-14 15:55:36'),
(2, 'Can Create Users', 'create.users', 'Can create new users', 'Permission', '2018-03-14 15:55:36', '2018-03-14 15:55:36'),
(3, 'Can Edit Users', 'edit.users', 'Can edit users', 'Permission', '2018-03-14 15:55:36', '2018-03-14 15:55:36'),
(4, 'Can Delete Users', 'delete.users', 'Can delete users', 'Permission', '2018-03-14 15:55:36', '2018-03-14 15:55:36'),
(5, 'View My Company', 'view.mycompany', 'View My Company', 'Permission', '2018-03-14 15:55:36', '2018-03-14 15:55:36'),
(6, 'Manage My Company', 'manage.mycompany', 'Manage My Company', 'Permission', '2018-03-14 15:55:36', '2018-03-14 15:55:36'),
(7, 'View Emails', 'view.emails', 'View Emails', 'Permission', '2018-03-14 15:55:36', '2018-03-14 15:55:36'),
(8, 'Manage Emails', 'manage.emails', 'Manage Emails', 'Permission', '2018-03-14 15:55:36', '2018-03-14 15:55:36'),
(9, 'View Customers', 'view.customers', 'View Customers', 'Permission', '2018-03-14 15:55:36', '2018-03-14 15:55:36'),
(10, 'Manage Customers', 'manage.customers', 'Manage Customers', 'Permission', '2018-03-14 15:55:36', '2018-03-14 15:55:36'),
(11, 'View Costs', 'view.costs', 'MaView Costs', 'Permission', '2018-03-14 15:55:36', '2018-03-14 15:55:36'),
(12, 'Manage Costs', 'manage.costs', 'Manage Costss', 'Permission', '2018-03-14 15:55:36', '2018-03-14 15:55:36'),
(13, 'View Company Rates', 'view.companyrates', 'View Company Rates', 'Permission', '2018-03-14 15:55:36', '2018-03-14 15:55:36'),
(14, 'Manage Company Rates', 'manage.companyrates', 'Manage Company Ratess', 'Permission', '2018-03-14 15:55:36', '2018-03-14 15:55:36');

-- --------------------------------------------------------

--
-- Estructura de tabla para la tabla `permission_role`
--

CREATE TABLE `permission_role` (
  `id` int(10) UNSIGNED NOT NULL,
  `permission_id` int(10) UNSIGNED NOT NULL,
  `role_id` int(10) UNSIGNED NOT NULL,
  `created_at` timestamp NULL DEFAULT NULL,
  `updated_at` timestamp NULL DEFAULT NULL
) ENGINE=InnoDB DEFAULT CHARSET=utf8mb4 COLLATE=utf8mb4_unicode_ci;

--
-- Volcado de datos para la tabla `permission_role`
--

INSERT INTO `permission_role` (`id`, `permission_id`, `role_id`, `created_at`, `updated_at`) VALUES
(1, 1, 1, '2018-03-14 15:55:36', '2018-03-14 15:55:36'),
(2, 2, 1, '2018-03-14 15:55:36', '2018-03-14 15:55:36'),
(3, 3, 1, '2018-03-14 15:55:36', '2018-03-14 15:55:36'),
(4, 4, 1, '2018-03-14 15:55:36', '2018-03-14 15:55:36'),
(5, 5, 1, '2018-03-14 15:55:36', '2018-03-14 15:55:36'),
(6, 6, 1, '2018-03-14 15:55:36', '2018-03-14 15:55:36'),
(7, 7, 1, '2018-03-14 15:55:36', '2018-03-14 15:55:36'),
(8, 8, 1, '2018-03-14 15:55:36', '2018-03-14 15:55:36'),
(9, 9, 1, '2018-03-14 15:55:36', '2018-03-14 15:55:36'),
(10, 10, 1, '2018-03-14 15:55:36', '2018-03-14 15:55:36'),
(11, 11, 1, '2018-03-14 15:55:36', '2018-03-14 15:55:36'),
(12, 12, 1, '2018-03-14 15:55:36', '2018-03-14 15:55:36'),
(13, 13, 1, '2018-03-14 15:55:36', '2018-03-14 15:55:36'),
(14, 14, 1, '2018-03-14 15:55:36', '2018-03-14 15:55:36');

-- --------------------------------------------------------

--
-- Estructura de tabla para la tabla `permission_user`
--

CREATE TABLE `permission_user` (
  `id` int(10) UNSIGNED NOT NULL,
  `permission_id` int(10) UNSIGNED NOT NULL,
  `user_id` int(10) UNSIGNED NOT NULL,
  `created_at` timestamp NULL DEFAULT NULL,
  `updated_at` timestamp NULL DEFAULT NULL
) ENGINE=InnoDB DEFAULT CHARSET=utf8mb4 COLLATE=utf8mb4_unicode_ci;

-- --------------------------------------------------------

--
-- Estructura de tabla para la tabla `procurements`
--

CREATE TABLE `procurements` (
  `id` int(10) UNSIGNED NOT NULL,
  `created_at` timestamp NULL DEFAULT NULL,
  `updated_at` timestamp NULL DEFAULT NULL,
  `project_id` int(10) UNSIGNED NOT NULL,
  `type` enum('internal','external','any') COLLATE utf8mb4_unicode_ci NOT NULL,
  `date` date NOT NULL,
  `description` varchar(180) COLLATE utf8mb4_unicode_ci NOT NULL,
  `RFPID` int(10) UNSIGNED DEFAULT NULL,
  `ContractID` int(10) UNSIGNED DEFAULT NULL,
  `specifications` text COLLATE utf8mb4_unicode_ci NOT NULL,
  `approver_name` varchar(180) COLLATE utf8mb4_unicode_ci NOT NULL,
  `responsable_id` int(10) UNSIGNED NOT NULL,
  `due_date` date NOT NULL,
  `cost` double(18,2) NOT NULL,
  `cost_currency_id` int(10) UNSIGNED NOT NULL,
  `quality_required` tinyint(4) NOT NULL,
  `contract_status` enum('starting','running','standby','finished','other') COLLATE utf8mb4_unicode_ci NOT NULL,
  `provider_id` int(10) UNSIGNED NOT NULL,
  `provider_feedback` tinyint(4) NOT NULL,
  `delivery` varchar(180) COLLATE utf8mb4_unicode_ci NOT NULL,
  `quality` varchar(180) COLLATE utf8mb4_unicode_ci NOT NULL,
  `overallscore` tinyint(4) NOT NULL,
  `requirement_status` enum('starting','running','waiting','standby','finished','closed') COLLATE utf8mb4_unicode_ci NOT NULL,
  `delivered_date` date NOT NULL
) ENGINE=InnoDB DEFAULT CHARSET=utf8mb4 COLLATE=utf8mb4_unicode_ci;

-- --------------------------------------------------------

--
-- Estructura de tabla para la tabla `procurement_offers`
--

CREATE TABLE `procurement_offers` (
  `id` int(10) UNSIGNED NOT NULL,
  `created_at` timestamp NULL DEFAULT NULL,
  `updated_at` timestamp NULL DEFAULT NULL,
  `description` varchar(180) COLLATE utf8mb4_unicode_ci NOT NULL,
  `specifications` text COLLATE utf8mb4_unicode_ci NOT NULL,
  `delivery_max_days_offered` tinyint(4) NOT NULL,
  `delivery_responsable` int(10) UNSIGNED NOT NULL,
  `cost` double(18,2) NOT NULL,
  `quality` varchar(180) COLLATE utf8mb4_unicode_ci NOT NULL,
  `provider_id` int(10) UNSIGNED NOT NULL,
  `comment` varchar(180) COLLATE utf8mb4_unicode_ci NOT NULL,
  `procurement_id` int(10) UNSIGNED NOT NULL
) ENGINE=InnoDB DEFAULT CHARSET=utf8mb4 COLLATE=utf8mb4_unicode_ci;

-- --------------------------------------------------------

--
-- Estructura de tabla para la tabla `projects`
--

CREATE TABLE `projects` (
  `id` int(10) UNSIGNED NOT NULL,
  `created_at` timestamp NULL DEFAULT NULL,
  `updated_at` timestamp NULL DEFAULT NULL,
  `name` varchar(200) COLLATE utf8mb4_unicode_ci NOT NULL,
  `customer_id` int(10) UNSIGNED NOT NULL,
  `customer_name` varchar(150) COLLATE utf8mb4_unicode_ci NOT NULL,
  `start` date NOT NULL,
  `finish` date NOT NULL,
  `project_manager_id` int(10) UNSIGNED NOT NULL,
  `technical_director_id` int(10) UNSIGNED NOT NULL,
  `delivery_manager_id` int(10) UNSIGNED NOT NULL,
  `sow_number` varchar(150) COLLATE utf8mb4_unicode_ci NOT NULL,
  `identificator` varchar(100) COLLATE utf8mb4_unicode_ci DEFAULT NULL,
  `status` enum('initiating','planning','executing','closing','waiting') COLLATE utf8mb4_unicode_ci NOT NULL,
  `presales_responsable` varchar(150) COLLATE utf8mb4_unicode_ci NOT NULL,
  `technical_estimator` varchar(150) COLLATE utf8mb4_unicode_ci NOT NULL,
  `engagement` enum(' Staff Augmentation','Time & Materiales') COLLATE utf8mb4_unicode_ci NOT NULL,
  `estimated_revenue` double(18,2) NOT NULL,
  `estimated_cost` double(18,2) NOT NULL,
  `estimated_margin` double(18,2) NOT NULL,
  `estimated_department_margin` double(8,2) DEFAULT NULL,
  `target_margin` double(18,2) NOT NULL,
  `financial_deviation_threshold` int(11) NOT NULL,
  `time_deviation_threshold` int(11) NOT NULL,
  `department_id` int(10) UNSIGNED DEFAULT NULL
) ENGINE=InnoDB DEFAULT CHARSET=utf8mb4 COLLATE=utf8mb4_unicode_ci;

-- --------------------------------------------------------

--
-- Estructura de tabla para la tabla `project_expenses`
--

CREATE TABLE `project_expenses` (
  `id` int(10) UNSIGNED NOT NULL,
  `created_at` timestamp NULL DEFAULT NULL,
  `updated_at` timestamp NULL DEFAULT NULL,
  `project_id` int(10) UNSIGNED NOT NULL,
  `detail` varchar(150) COLLATE utf8mb4_unicode_ci NOT NULL,
  `cost` double(18,2) NOT NULL,
  `amount` double(18,2) NOT NULL,
  `currency_id` int(10) UNSIGNED NOT NULL,
  `expense_id` int(10) UNSIGNED DEFAULT NULL,
  `reimbursable` tinyint(1) NOT NULL,
  `frequency` enum('monthly','weekly') COLLATE utf8mb4_unicode_ci NOT NULL
) ENGINE=InnoDB DEFAULT CHARSET=utf8mb4 COLLATE=utf8mb4_unicode_ci;

-- --------------------------------------------------------

--
-- Estructura de tabla para la tabla `project_kpi_alerts`
--

CREATE TABLE `project_kpi_alerts` (
  `id` int(10) UNSIGNED NOT NULL,
  `created_at` timestamp NULL DEFAULT NULL,
  `updated_at` timestamp NULL DEFAULT NULL,
  `kpi_id` int(10) UNSIGNED NOT NULL,
  `project_id` int(10) UNSIGNED NOT NULL,
  `red_alert` double(18,2) NOT NULL,
  `yellow_alert` double(18,2) NOT NULL,
  `green_alert` double(18,2) NOT NULL
) ENGINE=InnoDB DEFAULT CHARSET=utf8mb4 COLLATE=utf8mb4_unicode_ci;

-- --------------------------------------------------------

--
-- Estructura de tabla para la tabla `project_materials`
--

CREATE TABLE `project_materials` (
  `id` int(10) UNSIGNED NOT NULL,
  `created_at` timestamp NULL DEFAULT NULL,
  `updated_at` timestamp NULL DEFAULT NULL,
  `project_id` int(10) UNSIGNED NOT NULL,
  `detail` varchar(150) COLLATE utf8mb4_unicode_ci NOT NULL,
  `cost` double(18,2) NOT NULL,
  `amount` double(18,2) NOT NULL,
  `currency_id` int(10) UNSIGNED NOT NULL,
  `material_id` int(10) UNSIGNED DEFAULT NULL,
  `reimbursable` tinyint(1) NOT NULL,
  `frequency` enum('monthly','weekly') COLLATE utf8mb4_unicode_ci NOT NULL
) ENGINE=InnoDB DEFAULT CHARSET=utf8mb4 COLLATE=utf8mb4_unicode_ci;

-- --------------------------------------------------------

--
-- Estructura de tabla para la tabla `project_resources`
--

CREATE TABLE `project_resources` (
  `id` int(10) UNSIGNED NOT NULL,
  `created_at` timestamp NULL DEFAULT NULL,
  `updated_at` timestamp NULL DEFAULT NULL,
  `project_id` int(10) UNSIGNED NOT NULL,
  `user_id` int(10) UNSIGNED DEFAULT NULL,
  `project_role_id` int(10) UNSIGNED NOT NULL,
  `seniority_id` int(10) UNSIGNED NOT NULL,
  `rate_id` int(10) UNSIGNED NOT NULL,
  `rate` double(8,2) NOT NULL,
  `currency_id` int(10) UNSIGNED NOT NULL,
  `load` tinyint(4) NOT NULL,
  `workplace` enum('onsite','offshore') COLLATE utf8mb4_unicode_ci NOT NULL,
  `comments` text COLLATE utf8mb4_unicode_ci
) ENGINE=InnoDB DEFAULT CHARSET=utf8mb4 COLLATE=utf8mb4_unicode_ci;

-- --------------------------------------------------------

--
-- Estructura de tabla para la tabla `project_roles`
--

CREATE TABLE `project_roles` (
  `id` int(10) UNSIGNED NOT NULL,
  `created_at` timestamp NULL DEFAULT NULL,
  `updated_at` timestamp NULL DEFAULT NULL,
  `company_id` int(10) UNSIGNED NOT NULL,
  `title` varchar(100) COLLATE utf8mb4_unicode_ci NOT NULL
) ENGINE=InnoDB DEFAULT CHARSET=utf8mb4 COLLATE=utf8mb4_unicode_ci;

--
-- Volcado de datos para la tabla `project_roles`
--

INSERT INTO `project_roles` (`id`, `created_at`, `updated_at`, `company_id`, `title`) VALUES
(1, '2018-03-14 20:48:16', '2018-03-14 20:48:46', 1, 'Developer'),
(2, '2018-03-14 20:48:25', '2018-03-14 20:48:25', 1, 'Project Manager'),
(3, '2018-03-14 20:48:55', '2018-03-14 20:50:40', 1, 'QA Analyst'),
(4, '2018-03-14 20:49:13', '2018-03-14 20:49:13', 1, 'Web Developer'),
(5, '2018-03-14 20:49:28', '2018-03-14 20:49:28', 1, 'Delivery Manager'),
(6, '2018-03-14 20:49:42', '2018-03-14 20:49:42', 1, 'UX Designer'),
(7, '2018-03-14 20:49:59', '2018-03-14 20:49:59', 1, 'Technical Leader');

-- --------------------------------------------------------

--
-- Estructura de tabla para la tabla `project_role_templates`
--

CREATE TABLE `project_role_templates` (
  `id` int(10) UNSIGNED NOT NULL,
  `created_at` timestamp NULL DEFAULT NULL,
  `updated_at` timestamp NULL DEFAULT NULL,
  `title` varchar(100) COLLATE utf8mb4_unicode_ci NOT NULL
) ENGINE=InnoDB DEFAULT CHARSET=utf8mb4 COLLATE=utf8mb4_unicode_ci;

--
-- Volcado de datos para la tabla `project_role_templates`
--

INSERT INTO `project_role_templates` (`id`, `created_at`, `updated_at`, `title`) VALUES
(1, '2018-03-14 15:55:36', '2018-03-14 15:55:36', 'Project Manager'),
(2, '2018-03-14 15:55:36', '2018-03-14 15:55:36', 'Program Manager'),
(3, '2018-03-14 15:55:36', '2018-03-14 15:55:36', 'Delivery Manager'),
(4, '2018-03-14 15:55:36', '2018-03-14 15:55:36', 'Technical Leader'),
(5, '2018-03-14 15:55:36', '2018-03-14 15:55:36', 'Functional Analyst');

-- --------------------------------------------------------

--
-- Estructura de tabla para la tabla `project_services`
--

CREATE TABLE `project_services` (
  `id` int(10) UNSIGNED NOT NULL,
  `created_at` timestamp NULL DEFAULT NULL,
  `updated_at` timestamp NULL DEFAULT NULL,
  `project_id` int(10) UNSIGNED NOT NULL,
  `detail` varchar(150) COLLATE utf8mb4_unicode_ci NOT NULL,
  `cost` double(18,2) NOT NULL,
  `amount` double(18,2) NOT NULL,
  `currency_id` int(10) UNSIGNED NOT NULL,
  `service_id` int(10) UNSIGNED DEFAULT NULL,
  `reimbursable` tinyint(1) NOT NULL,
  `frequency` enum('monthly','weekly') COLLATE utf8mb4_unicode_ci NOT NULL
) ENGINE=InnoDB DEFAULT CHARSET=utf8mb4 COLLATE=utf8mb4_unicode_ci;

-- --------------------------------------------------------

--
-- Estructura de tabla para la tabla `providers`
--

CREATE TABLE `providers` (
  `id` int(10) UNSIGNED NOT NULL,
  `created_at` timestamp NULL DEFAULT NULL,
  `updated_at` timestamp NULL DEFAULT NULL,
  `name` varchar(100) COLLATE utf8mb4_unicode_ci NOT NULL,
  `address` varchar(150) COLLATE utf8mb4_unicode_ci NOT NULL,
  `city_id` int(10) UNSIGNED NOT NULL,
  `email_1` varchar(100) COLLATE utf8mb4_unicode_ci NOT NULL,
  `email_2` varchar(100) COLLATE utf8mb4_unicode_ci NOT NULL,
  `email_3` varchar(100) COLLATE utf8mb4_unicode_ci NOT NULL,
  `phone_1` varchar(20) COLLATE utf8mb4_unicode_ci NOT NULL,
  `phone_2` varchar(20) COLLATE utf8mb4_unicode_ci NOT NULL,
  `phone_3` varchar(20) COLLATE utf8mb4_unicode_ci NOT NULL,
  `billing_name` varchar(100) COLLATE utf8mb4_unicode_ci NOT NULL,
  `billing_address` varchar(150) COLLATE utf8mb4_unicode_ci NOT NULL,
  `tax_number` varchar(100) COLLATE utf8mb4_unicode_ci NOT NULL,
  `bank_name` varchar(100) COLLATE utf8mb4_unicode_ci NOT NULL,
  `account_number` varchar(100) COLLATE utf8mb4_unicode_ci NOT NULL,
  `swiftcode` varchar(100) COLLATE utf8mb4_unicode_ci NOT NULL,
  `aba` varchar(100) COLLATE utf8mb4_unicode_ci NOT NULL,
  `currency_id` int(10) UNSIGNED NOT NULL,
  `industry_id` int(10) UNSIGNED NOT NULL,
  `company_id` int(10) UNSIGNED NOT NULL
) ENGINE=InnoDB DEFAULT CHARSET=utf8mb4 COLLATE=utf8mb4_unicode_ci;

--
-- Volcado de datos para la tabla `providers`
--

INSERT INTO `providers` (`id`, `created_at`, `updated_at`, `name`, `address`, `city_id`, `email_1`, `email_2`, `email_3`, `phone_1`, `phone_2`, `phone_3`, `billing_name`, `billing_address`, `tax_number`, `bank_name`, `account_number`, `swiftcode`, `aba`, `currency_id`, `industry_id`, `company_id`) VALUES
(1, '2018-03-14 21:30:00', '2018-03-14 21:47:55', 'MicroChips Inc.', 'Sunset Boulevard 2342', 7, 'contact@microchips.com', '', '', '9998878 INT 232', '', '', 'MicroChips Inc.', 'Sunset Boulevard 2342', '', 'Bank of America', '87929-23', 'BOA23456786', '192837465', 2, 9, 1),
(3, '2018-03-14 21:45:52', '2018-03-14 21:45:52', 'Internationals Displays Inc.', 'Ocean Streen 2090 - Florida, USA', 7, 'contact@internationalsdisplays.com', '', '', '2342-234234', '', '', 'Internationals Displays Inc.', 'Ocean Streen 2090 - Florida, USA', '', 'HSBC', '88876', 'HSB8076287', '987654321', 2, 9, 1);

-- --------------------------------------------------------

--
-- Estructura de tabla para la tabla `quotations`
--

CREATE TABLE `quotations` (
  `id` int(10) UNSIGNED NOT NULL,
  `created_at` timestamp NULL DEFAULT NULL,
  `updated_at` timestamp NULL DEFAULT NULL,
  `project_id` int(10) UNSIGNED NOT NULL,
  `customer_id` int(10) UNSIGNED NOT NULL
) ENGINE=InnoDB DEFAULT CHARSET=utf8mb4 COLLATE=utf8mb4_unicode_ci;

-- --------------------------------------------------------

--
-- Estructura de tabla para la tabla `quotation_lines`
--

CREATE TABLE `quotation_lines` (
  `id` int(10) UNSIGNED NOT NULL,
  `created_at` timestamp NULL DEFAULT NULL,
  `updated_at` timestamp NULL DEFAULT NULL,
  `name` varchar(100) COLLATE utf8mb4_unicode_ci NOT NULL,
  `quotation_id` int(10) UNSIGNED NOT NULL,
  `role` varchar(100) COLLATE utf8mb4_unicode_ci NOT NULL,
  `workplace` enum('onsite','offshore') COLLATE utf8mb4_unicode_ci NOT NULL,
  `rate` varchar(100) COLLATE utf8mb4_unicode_ci NOT NULL,
  `phase` varchar(100) COLLATE utf8mb4_unicode_ci NOT NULL,
  `start` date NOT NULL,
  `end` date NOT NULL,
  `load` tinyint(4) NOT NULL,
  `workinghours` double(3,2) NOT NULL,
  `comments` varchar(250) COLLATE utf8mb4_unicode_ci NOT NULL
) ENGINE=InnoDB DEFAULT CHARSET=utf8mb4 COLLATE=utf8mb4_unicode_ci;

-- --------------------------------------------------------

--
-- Estructura de tabla para la tabla `rates`
--

CREATE TABLE `rates` (
  `id` int(10) UNSIGNED NOT NULL,
  `created_at` timestamp NULL DEFAULT NULL,
  `updated_at` timestamp NULL DEFAULT NULL,
  `company_id` int(10) UNSIGNED NOT NULL,
  `country_id` int(10) UNSIGNED NOT NULL,
  `city_id` int(10) UNSIGNED DEFAULT NULL,
  `project_role_id` int(10) UNSIGNED NOT NULL,
  `seniority_id` int(10) UNSIGNED NOT NULL,
  `title` varchar(100) COLLATE utf8mb4_unicode_ci NOT NULL,
  `value` double(18,2) NOT NULL,
  `currency_id` int(10) UNSIGNED NOT NULL,
  `workplace` enum('onsite','offshore') COLLATE utf8mb4_unicode_ci NOT NULL,
  `office_id` int(10) UNSIGNED NOT NULL
) ENGINE=InnoDB DEFAULT CHARSET=utf8mb4 COLLATE=utf8mb4_unicode_ci;

--
-- Volcado de datos para la tabla `rates`
--

INSERT INTO `rates` (`id`, `created_at`, `updated_at`, `company_id`, `country_id`, `city_id`, `project_role_id`, `seniority_id`, `title`, `value`, `currency_id`, `workplace`, `office_id`) VALUES
(1, '2018-03-14 21:07:29', '2018-03-14 21:07:29', 1, 1, 2, 2, 3, 'Project Manager', 25.00, 2, 'offshore', 1),
(2, '2018-03-14 21:08:17', '2018-03-14 21:08:17', 1, 1, 6, 6, 3, 'UX Designer', 18.75, 2, 'offshore', 2),
(3, '2018-03-14 21:09:15', '2018-03-14 21:09:15', 1, 1, 2, 3, 2, 'QA Analyst', 15.62, 2, 'offshore', 1),
(4, '2018-03-14 21:10:19', '2018-03-14 21:10:19', 1, 1, 2, 5, 3, 'Delivery Manager', 31.25, 2, 'offshore', 1),
(5, '2018-03-14 21:11:08', '2018-03-14 21:11:08', 1, 3, 9, 7, 3, 'Technical Leader', 28.12, 2, 'offshore', 4),
(6, '2018-03-14 21:14:20', '2018-03-14 21:14:20', 1, 4, 5, 4, 3, 'Web Developer', 15.62, 2, 'offshore', 3);

-- --------------------------------------------------------

--
-- Estructura de tabla para la tabla `replacements`
--

CREATE TABLE `replacements` (
  `id` int(10) UNSIGNED NOT NULL,
  `created_at` timestamp NULL DEFAULT NULL,
  `updated_at` timestamp NULL DEFAULT NULL,
  `absence_id` int(10) UNSIGNED NOT NULL,
  `user_id` int(10) UNSIGNED NOT NULL,
  `from` date NOT NULL,
  `to` date NOT NULL,
  `ticket` varchar(150) COLLATE utf8mb4_unicode_ci NOT NULL,
  `comment` text COLLATE utf8mb4_unicode_ci NOT NULL
) ENGINE=InnoDB DEFAULT CHARSET=utf8mb4 COLLATE=utf8mb4_unicode_ci;

-- --------------------------------------------------------

--
-- Estructura de tabla para la tabla `requirements`
--

CREATE TABLE `requirements` (
  `id` int(10) UNSIGNED NOT NULL,
  `created_at` timestamp NULL DEFAULT NULL,
  `updated_at` timestamp NULL DEFAULT NULL,
  `project_id` int(10) UNSIGNED NOT NULL,
  `description` varchar(180) COLLATE utf8mb4_unicode_ci NOT NULL,
  `type` enum('project','product') COLLATE utf8mb4_unicode_ci NOT NULL,
  `request_date` date NOT NULL,
  `status_comment` varchar(180) COLLATE utf8mb4_unicode_ci NOT NULL,
  `due_date` date NOT NULL,
  `owner_id` int(10) UNSIGNED NOT NULL,
  `priority` tinyint(4) NOT NULL,
  `requester_name` varchar(180) COLLATE utf8mb4_unicode_ci NOT NULL,
  `requester_email` varchar(180) COLLATE utf8mb4_unicode_ci NOT NULL,
  `requester_type` varchar(180) COLLATE utf8mb4_unicode_ci NOT NULL,
  `approval_date` date NOT NULL,
  `approver_name` date NOT NULL,
  `comment` text COLLATE utf8mb4_unicode_ci NOT NULL,
  `business_value` tinyint(4) NOT NULL
) ENGINE=InnoDB DEFAULT CHARSET=utf8mb4 COLLATE=utf8mb4_unicode_ci;

-- --------------------------------------------------------

--
-- Estructura de tabla para la tabla `roles`
--

CREATE TABLE `roles` (
  `id` int(10) UNSIGNED NOT NULL,
  `name` varchar(191) COLLATE utf8mb4_unicode_ci NOT NULL,
  `slug` varchar(191) COLLATE utf8mb4_unicode_ci NOT NULL,
  `description` varchar(191) COLLATE utf8mb4_unicode_ci DEFAULT NULL,
  `level` int(11) NOT NULL DEFAULT '1',
  `created_at` timestamp NULL DEFAULT NULL,
  `updated_at` timestamp NULL DEFAULT NULL,
  `company_role_id` int(10) UNSIGNED DEFAULT NULL
) ENGINE=InnoDB DEFAULT CHARSET=utf8mb4 COLLATE=utf8mb4_unicode_ci;

--
-- Volcado de datos para la tabla `roles`
--

INSERT INTO `roles` (`id`, `name`, `slug`, `description`, `level`, `created_at`, `updated_at`, `company_role_id`) VALUES
(1, 'Admin', 'admin', 'Admin Role', 5, '2018-03-14 15:55:36', '2018-03-14 15:55:36', NULL),
(2, 'User', 'user', 'User Role', 1, '2018-03-14 15:55:36', '2018-03-14 15:55:36', NULL),
(3, 'Unverified', 'unverified', 'Unverified Role', 0, '2018-03-14 15:55:36', '2018-03-14 15:55:36', NULL);

-- --------------------------------------------------------

--
-- Estructura de tabla para la tabla `role_user`
--

CREATE TABLE `role_user` (
  `id` int(10) UNSIGNED NOT NULL,
  `role_id` int(10) UNSIGNED NOT NULL,
  `user_id` int(10) UNSIGNED NOT NULL,
  `created_at` timestamp NULL DEFAULT NULL,
  `updated_at` timestamp NULL DEFAULT NULL
) ENGINE=InnoDB DEFAULT CHARSET=utf8mb4 COLLATE=utf8mb4_unicode_ci;

--
-- Volcado de datos para la tabla `role_user`
--

INSERT INTO `role_user` (`id`, `role_id`, `user_id`, `created_at`, `updated_at`) VALUES
(1, 1, 1, '2018-03-14 15:55:36', '2018-03-14 15:55:36'),
(2, 2, 2, '2018-03-14 15:55:36', '2018-03-14 15:55:36');

-- --------------------------------------------------------

--
-- Estructura de tabla para la tabla `seniorities`
--

CREATE TABLE `seniorities` (
  `id` int(10) UNSIGNED NOT NULL,
  `created_at` timestamp NULL DEFAULT NULL,
  `updated_at` timestamp NULL DEFAULT NULL,
  `company_id` int(10) UNSIGNED NOT NULL,
  `title` varchar(100) COLLATE utf8mb4_unicode_ci NOT NULL
) ENGINE=InnoDB DEFAULT CHARSET=utf8mb4 COLLATE=utf8mb4_unicode_ci;

--
-- Volcado de datos para la tabla `seniorities`
--

INSERT INTO `seniorities` (`id`, `created_at`, `updated_at`, `company_id`, `title`) VALUES
(1, '2018-03-14 20:51:27', '2018-03-14 20:51:27', 1, 'Junior'),
(2, '2018-03-14 20:51:39', '2018-03-14 20:51:39', 1, 'Semi-Senior'),
(3, '2018-03-14 20:51:45', '2018-03-14 20:51:45', 1, 'Senior'),
(4, '2018-03-14 20:51:52', '2018-03-14 20:51:52', 1, 'Guru');

-- --------------------------------------------------------

--
-- Estructura de tabla para la tabla `seniority_templates`
--

CREATE TABLE `seniority_templates` (
  `id` int(10) UNSIGNED NOT NULL,
  `created_at` timestamp NULL DEFAULT NULL,
  `updated_at` timestamp NULL DEFAULT NULL,
  `title` varchar(100) COLLATE utf8mb4_unicode_ci NOT NULL
) ENGINE=InnoDB DEFAULT CHARSET=utf8mb4 COLLATE=utf8mb4_unicode_ci;

--
-- Volcado de datos para la tabla `seniority_templates`
--

INSERT INTO `seniority_templates` (`id`, `created_at`, `updated_at`, `title`) VALUES
(1, '2018-03-14 15:55:36', '2018-03-14 15:55:36', 'Junior'),
(2, '2018-03-14 15:55:36', '2018-03-14 15:55:36', 'Junior'),
(3, '2018-03-14 15:55:36', '2018-03-14 15:55:36', 'Senior');

-- --------------------------------------------------------

--
-- Estructura de tabla para la tabla `services`
--

CREATE TABLE `services` (
  `id` int(10) UNSIGNED NOT NULL,
  `created_at` timestamp NULL DEFAULT NULL,
  `updated_at` timestamp NULL DEFAULT NULL,
  `reimbursable` tinyint(4) NOT NULL,
  `detail` varchar(100) COLLATE utf8mb4_unicode_ci NOT NULL,
  `amount` double(18,2) NOT NULL,
  `cost` double(18,2) DEFAULT NULL,
  `company_id` int(10) UNSIGNED NOT NULL,
  `cost_currency_id` int(10) UNSIGNED NOT NULL,
  `currency_id` int(10) UNSIGNED NOT NULL
) ENGINE=InnoDB DEFAULT CHARSET=utf8mb4 COLLATE=utf8mb4_unicode_ci;

--
-- Volcado de datos para la tabla `services`
--

INSERT INTO `services` (`id`, `created_at`, `updated_at`, `reimbursable`, `detail`, `amount`, `cost`, `company_id`, `cost_currency_id`, `currency_id`) VALUES
(1, '2018-03-14 21:48:50', '2018-03-14 21:48:50', 1, 'Hosting BlueHost', 250.00, 100.00, 1, 2, 2),
(2, '2018-03-14 21:50:11', '2018-03-14 21:50:11', 1, 'TestMyDevice Service', 180.00, 1400.00, 1, 3, 2),
(3, '2018-03-14 21:52:42', '2018-03-14 21:52:42', 1, 'All Devices DB', 200.00, 500.00, 1, 1, 2);

-- --------------------------------------------------------

--
-- Estructura de tabla para la tabla `stakeholders`
--

CREATE TABLE `stakeholders` (
  `id` int(10) UNSIGNED NOT NULL,
  `created_at` timestamp NULL DEFAULT NULL,
  `updated_at` timestamp NULL DEFAULT NULL,
  `influence` enum('high','medium','low') COLLATE utf8mb4_unicode_ci NOT NULL,
  `impacted` text COLLATE utf8mb4_unicode_ci NOT NULL,
  `impact` text COLLATE utf8mb4_unicode_ci NOT NULL,
  `expectations` text COLLATE utf8mb4_unicode_ci NOT NULL,
  `contact_id` int(10) UNSIGNED NOT NULL
) ENGINE=InnoDB DEFAULT CHARSET=utf8mb4 COLLATE=utf8mb4_unicode_ci;

-- --------------------------------------------------------

--
-- Estructura de tabla para la tabla `tasks`
--

CREATE TABLE `tasks` (
  `id` int(10) UNSIGNED NOT NULL,
  `created_at` timestamp NULL DEFAULT NULL,
  `updated_at` timestamp NULL DEFAULT NULL,
  `project_id` int(10) UNSIGNED NOT NULL,
  `requirement_id` int(10) UNSIGNED DEFAULT NULL,
  `description` varchar(180) COLLATE utf8mb4_unicode_ci NOT NULL,
  `start_date` date NOT NULL,
  `due_date` date NOT NULL,
  `start_is_milestone` tinyint(4) NOT NULL,
  `end_is_milestone` tinyint(4) NOT NULL,
  `progress` tinyint(4) NOT NULL,
  `depends` varchar(50) COLLATE utf8mb4_unicode_ci NOT NULL,
  `status` varchar(50) COLLATE utf8mb4_unicode_ci NOT NULL,
  `priority` tinyint(4) NOT NULL,
  `estimated_hours` smallint(6) NOT NULL,
  `burned_hours` smallint(6) NOT NULL,
  `business_value` tinyint(4) NOT NULL,
  `phase` varchar(180) COLLATE utf8mb4_unicode_ci NOT NULL,
  `version` varchar(180) COLLATE utf8mb4_unicode_ci NOT NULL,
  `release` varchar(180) COLLATE utf8mb4_unicode_ci NOT NULL,
  `label` varchar(180) COLLATE utf8mb4_unicode_ci NOT NULL,
  `comments` text COLLATE utf8mb4_unicode_ci NOT NULL,
  `attachment` varchar(180) COLLATE utf8mb4_unicode_ci NOT NULL,
  `level` tinyint(4) NOT NULL,
  `duration` smallint(6) NOT NULL
) ENGINE=InnoDB DEFAULT CHARSET=utf8mb4 COLLATE=utf8mb4_unicode_ci;

-- --------------------------------------------------------

--
-- Estructura de tabla para la tabla `task_materials`
--

CREATE TABLE `task_materials` (
  `id` int(10) UNSIGNED NOT NULL,
  `created_at` timestamp NULL DEFAULT NULL,
  `updated_at` timestamp NULL DEFAULT NULL,
  `task_id` int(10) UNSIGNED NOT NULL,
  `detail` varchar(180) COLLATE utf8mb4_unicode_ci NOT NULL
) ENGINE=InnoDB DEFAULT CHARSET=utf8mb4 COLLATE=utf8mb4_unicode_ci;

-- --------------------------------------------------------

--
-- Estructura de tabla para la tabla `task_resources`
--

CREATE TABLE `task_resources` (
  `id` int(10) UNSIGNED NOT NULL,
  `created_at` timestamp NULL DEFAULT NULL,
  `updated_at` timestamp NULL DEFAULT NULL,
  `task_id` int(10) UNSIGNED NOT NULL,
  `user_id` int(10) UNSIGNED NOT NULL
) ENGINE=InnoDB DEFAULT CHARSET=utf8mb4 COLLATE=utf8mb4_unicode_ci;

-- --------------------------------------------------------

--
-- Estructura de tabla para la tabla `task_services`
--

CREATE TABLE `task_services` (
  `id` int(10) UNSIGNED NOT NULL,
  `created_at` timestamp NULL DEFAULT NULL,
  `updated_at` timestamp NULL DEFAULT NULL,
  `task_id` int(10) UNSIGNED NOT NULL,
  `detail` varchar(180) COLLATE utf8mb4_unicode_ci NOT NULL
) ENGINE=InnoDB DEFAULT CHARSET=utf8mb4 COLLATE=utf8mb4_unicode_ci;

-- --------------------------------------------------------

--
-- Estructura de tabla para la tabla `taxes`
--

CREATE TABLE `taxes` (
  `id` int(10) UNSIGNED NOT NULL,
  `created_at` timestamp NULL DEFAULT NULL,
  `updated_at` timestamp NULL DEFAULT NULL,
  `company_id` int(10) UNSIGNED NOT NULL,
  `detail` varchar(200) COLLATE utf8mb4_unicode_ci NOT NULL,
  `country_id` int(10) UNSIGNED NOT NULL,
  `currency_id` int(10) UNSIGNED NOT NULL,
  `value` double(18,2) NOT NULL,
  `percentage` double(18,2) NOT NULL
) ENGINE=InnoDB DEFAULT CHARSET=utf8mb4 COLLATE=utf8mb4_unicode_ci;

--
-- Volcado de datos para la tabla `taxes`
--

INSERT INTO `taxes` (`id`, `created_at`, `updated_at`, `company_id`, `detail`, `country_id`, `currency_id`, `value`, `percentage`) VALUES
(1, '2018-03-14 21:27:25', '2018-03-14 21:28:03', 1, 'Internal Tax', 2, 2, 0.00, 1.50),
(2, '2018-03-14 21:28:26', '2018-03-14 21:28:26', 1, 'I.V.A.', 1, 1, 0.00, 21.00);

-- --------------------------------------------------------

--
-- Estructura de tabla para la tabla `teams`
--

CREATE TABLE `teams` (
  `id` int(10) UNSIGNED NOT NULL,
  `created_at` timestamp NULL DEFAULT NULL,
  `updated_at` timestamp NULL DEFAULT NULL,
  `project_id` int(10) UNSIGNED NOT NULL,
  `name` varchar(100) COLLATE utf8mb4_unicode_ci NOT NULL
) ENGINE=InnoDB DEFAULT CHARSET=utf8mb4 COLLATE=utf8mb4_unicode_ci;

-- --------------------------------------------------------

--
-- Estructura de tabla para la tabla `team_users`
--

CREATE TABLE `team_users` (
  `id` int(10) UNSIGNED NOT NULL,
  `created_at` timestamp NULL DEFAULT NULL,
  `updated_at` timestamp NULL DEFAULT NULL,
  `project_id` int(10) UNSIGNED NOT NULL,
  `user_id` int(10) UNSIGNED NOT NULL,
  `hours` int(10) UNSIGNED NOT NULL,
  `load` int(10) UNSIGNED NOT NULL,
  `date_from` date NOT NULL,
  `date_to` date NOT NULL
) ENGINE=InnoDB DEFAULT CHARSET=utf8mb4 COLLATE=utf8mb4_unicode_ci;

-- --------------------------------------------------------

--
-- Estructura de tabla para la tabla `tickets`
--

CREATE TABLE `tickets` (
  `id` int(10) UNSIGNED NOT NULL,
  `created_at` timestamp NULL DEFAULT NULL,
  `updated_at` timestamp NULL DEFAULT NULL,
  `task_id` int(10) UNSIGNED NOT NULL,
  `description` varchar(180) COLLATE utf8mb4_unicode_ci NOT NULL,
  `type` tinyint(4) NOT NULL,
  `status` tinyint(4) NOT NULL,
  `assignee_id` int(10) UNSIGNED NOT NULL,
  `group` tinyint(4) NOT NULL,
  `sprint` varchar(50) COLLATE utf8mb4_unicode_ci NOT NULL,
  `last_updater_id` int(10) UNSIGNED DEFAULT NULL,
  `due_date` date NOT NULL,
  `requester_name` varchar(180) COLLATE utf8mb4_unicode_ci NOT NULL,
  `requester_email` varchar(100) COLLATE utf8mb4_unicode_ci NOT NULL,
  `requester_type` varchar(50) COLLATE utf8mb4_unicode_ci NOT NULL,
  `priority` tinyint(4) NOT NULL,
  `severity` tinyint(4) NOT NULL,
  `probability` tinyint(4) NOT NULL,
  `impact` tinyint(4) NOT NULL,
  `version` varchar(180) COLLATE utf8mb4_unicode_ci NOT NULL,
  `release` varchar(180) COLLATE utf8mb4_unicode_ci NOT NULL,
  `estimated_hours` smallint(6) NOT NULL,
  `burned_hours` smallint(6) NOT NULL,
  `story_points` smallint(6) NOT NULL,
  `approval_date` date NOT NULL,
  `approver_name` varchar(150) COLLATE utf8mb4_unicode_ci NOT NULL,
  `acceptance_criteria` varchar(180) COLLATE utf8mb4_unicode_ci NOT NULL,
  `testing_criteria` varchar(180) COLLATE utf8mb4_unicode_ci NOT NULL,
  `done_criteria` varchar(180) COLLATE utf8mb4_unicode_ci NOT NULL,
  `label` varchar(180) COLLATE utf8mb4_unicode_ci NOT NULL,
  `comment` varchar(180) COLLATE utf8mb4_unicode_ci NOT NULL,
  `owner_id` int(10) UNSIGNED NOT NULL
) ENGINE=InnoDB DEFAULT CHARSET=utf8mb4 COLLATE=utf8mb4_unicode_ci;

-- --------------------------------------------------------

--
-- Estructura de tabla para la tabla `ticket_histories`
--

CREATE TABLE `ticket_histories` (
  `id` int(10) UNSIGNED NOT NULL,
  `created_at` timestamp NULL DEFAULT NULL,
  `updated_at` timestamp NULL DEFAULT NULL,
  `ticket_id` int(10) UNSIGNED NOT NULL,
  `date` date NOT NULL,
  `internal_or_external` enum('internal','external') COLLATE utf8mb4_unicode_ci NOT NULL,
  `comment` varchar(180) COLLATE utf8mb4_unicode_ci NOT NULL,
  `owner_id` int(10) UNSIGNED NOT NULL
) ENGINE=InnoDB DEFAULT CHARSET=utf8mb4 COLLATE=utf8mb4_unicode_ci;

-- --------------------------------------------------------

--
-- Estructura de tabla para la tabla `users`
--

CREATE TABLE `users` (
  `id` int(10) UNSIGNED NOT NULL,
  `created_at` timestamp NULL DEFAULT NULL,
  `updated_at` timestamp NULL DEFAULT NULL,
  `name` varchar(150) COLLATE utf8mb4_unicode_ci DEFAULT NULL,
  `email` varchar(100) COLLATE utf8mb4_unicode_ci NOT NULL,
  `password` varchar(100) COLLATE utf8mb4_unicode_ci NOT NULL,
  `address` varchar(150) COLLATE utf8mb4_unicode_ci DEFAULT NULL,
  `office_phone` varchar(20) COLLATE utf8mb4_unicode_ci DEFAULT NULL,
  `home_phone` varchar(20) COLLATE utf8mb4_unicode_ci DEFAULT NULL,
  `cell_phone` varchar(20) COLLATE utf8mb4_unicode_ci DEFAULT NULL,
  `city_id` int(10) UNSIGNED DEFAULT NULL,
  `company_role_id` int(10) UNSIGNED DEFAULT NULL,
  `project_role_id` int(10) UNSIGNED DEFAULT NULL,
  `seniority_id` int(10) UNSIGNED DEFAULT NULL,
  `office_id` int(10) UNSIGNED DEFAULT NULL,
  `workgroup_id` int(10) UNSIGNED DEFAULT NULL,
  `profile_image_path` varchar(200) COLLATE utf8mb4_unicode_ci DEFAULT NULL,
  `sidebar` enum('sidebar_mini','sidebar_main_open') COLLATE utf8mb4_unicode_ci DEFAULT NULL,
  `theme` enum('app_theme_a','app_theme_b','app_theme_c','app_theme_d','app_theme_e','app_theme_f','app_theme_g','app_theme_h','app_theme_i','app_theme_dark','app_theme_default') COLLATE utf8mb4_unicode_ci DEFAULT 'app_theme_default',
  `remember_token` varchar(255) COLLATE utf8mb4_unicode_ci DEFAULT NULL,
  `user_id` int(10) UNSIGNED DEFAULT NULL,
  `workplace` enum('offshore','onsite') COLLATE utf8mb4_unicode_ci NOT NULL
) ENGINE=InnoDB DEFAULT CHARSET=utf8mb4 COLLATE=utf8mb4_unicode_ci;

--
-- Volcado de datos para la tabla `users`
--

INSERT INTO `users` (`id`, `created_at`, `updated_at`, `name`, `email`, `password`, `address`, `office_phone`, `home_phone`, `cell_phone`, `city_id`, `company_role_id`, `project_role_id`, `seniority_id`, `office_id`, `workgroup_id`, `profile_image_path`, `sidebar`, `theme`, `remember_token`, `user_id`, `workplace`) VALUES
(1, '2018-03-14 15:55:36', '2018-03-14 19:28:35', 'TASKCONTROL SUPERUSER', 'superuser@taskcontrol.com', '$2y$10$NrtzE9/VFCEfykU8JKDaXeNIM9suk1dOw50xyp.vEsRfnTEPmuCX.', 'Juramento 4630 PB Dept 2, Capital Federal, Buenos Aires, Argentina', '291-419-5040', '', '291-419-5040', NULL, NULL, NULL, NULL, NULL, NULL, 'v1521055555/profile/avatar/ebnn3bzfzkyqcd5leq6f.jpg', 'sidebar_mini', 'app_theme_default', 'aWZpDvKGbqmQBCWlkjezTXqn4pI90pXIEh1GWdSeqJAg88WPXt5NFBVZrFnU', NULL, 'offshore'),
(2, '2018-03-14 15:55:36', '2018-03-14 15:55:36', 'Admin', 'admin@goitglobal.taskcontrol.com', '$2y$10$XzIIDodTYM/azJjmdJLTy.aSNXPtzHFW46ydrXYHom7ChFSoxR.Vm', NULL, NULL, NULL, NULL, NULL, NULL, NULL, NULL, NULL, NULL, NULL, NULL, 'app_theme_default', 'avA1SIh2OmttVdfPejG3zDgUWul0UPCAFt5D1UCDh1xLyf5hmiRTuQfI6hCH', NULL, 'offshore'),
(3, '2018-03-14 22:38:03', '2018-03-14 22:38:03', 'Rakesh Dara', 'rakesh.dara@goitglobal.taskcontrol.co', '$2y$10$L8BbZLQBFWJKMJYS6jD8Qe8xP0ZnBORctDn.usJOnKmymyAnzgC7S', 'WhitField Rock Block # 35', '+91 884 4206 9950', NULL, NULL, 8, NULL, NULL, 2, 5, 2, NULL, NULL, 'app_theme_default', NULL, 2, 'offshore'),
(4, '2018-03-14 22:38:10', '2018-03-14 22:38:10', 'Rakesh Dara', 'giangreco.roberto@gmail.com', '$2y$10$fluHpoy.ELMhETG0ZsdRPebp6lRy8sGtjd1T7oNmB1n.3pAkmNz.W', 'WhitField Rock Block # 35', '+91 884 4206 9950', NULL, NULL, 8, NULL, NULL, 2, 5, 2, NULL, NULL, 'app_theme_default', NULL, 2, 'offshore'),
(5, '2018-03-14 22:38:10', '2018-03-14 22:38:10', 'Rakesh Dara', 'giangreco.roberto@gmail.com', '$2y$10$7LDK2f1WAk.rwhQIGkd.WOobBpXpTSXIcPvAPU5/mGA4pxlLpGAyy', 'WhitField Rock Block # 35', '+91 884 4206 9950', NULL, NULL, 8, NULL, NULL, 2, 5, 2, NULL, NULL, 'app_theme_default', NULL, 2, 'offshore'),
(6, '2018-03-14 22:38:45', '2018-03-14 22:38:45', 'Rakesh Dara', 'giangreco.roberto@gmail.com', '$2y$10$vjceAqRLDsAS70/K52tEGOU1T/fucx20TcK2WxzKfFJBop8ZdNZO.', 'WhitField Rock Block # 35', '+91 884 4223 8890', '+91 884 4223 8890', '+91 884 4223 8890', 8, NULL, NULL, 2, 5, 2, NULL, NULL, 'app_theme_default', NULL, 2, 'offshore'),
(7, '2018-03-14 22:38:45', '2018-03-14 22:38:45', 'Rakesh Dara', 'giangreco.roberto@gmail.com', '$2y$10$y614bul8UH/S5GX4YXZu4ejfT.eAd//udCuvNAOCZTt8BHvAm0cMi', 'WhitField Rock Block # 35', '+91 884 4223 8890', '+91 884 4223 8890', '+91 884 4223 8890', 8, NULL, NULL, 2, 5, 2, NULL, NULL, 'app_theme_default', NULL, 2, 'offshore'),
(8, '2018-03-14 22:38:45', '2018-03-14 22:38:45', 'Rakesh Dara', 'giangreco.roberto@gmail.com', '$2y$10$E/sKZFy5vzgpeWcPmqiMeeIeP7eyHj6nOTXBZ0LKgSWsdLja5TBaa', 'WhitField Rock Block # 35', '+91 884 4223 8890', '+91 884 4223 8890', '+91 884 4223 8890', 8, NULL, NULL, 2, 5, 2, NULL, NULL, 'app_theme_default', NULL, 2, 'offshore'),
(9, '2018-03-14 22:39:01', '2018-03-14 22:39:01', 'Rakesh Dara', 'rdara@goitglobal.taskcontrol.co', '$2y$10$uKSE48v2zQ162w.WrEzqweiFFq2VihZXTYBa1FrkFYCp.1kG8xz/6', 'WhitField Rock Block # 35', '+91 884 4223 8890', '+91 884 4223 8890', '+91 884 4223 8890', 8, NULL, NULL, 2, 5, 2, NULL, NULL, 'app_theme_default', NULL, 2, 'offshore'),
(10, '2018-03-14 22:39:01', '2018-03-14 22:39:01', 'Rakesh Dara', 'rdara@goitglobal.taskcontrol.co', '$2y$10$ZDtxMobpABB8egp3929DiO0BSjcBpIqkAtmPdBRZRlexrUmYmI6La', 'WhitField Rock Block # 35', '+91 884 4223 8890', '+91 884 4223 8890', '+91 884 4223 8890', 8, NULL, NULL, 2, 5, 2, NULL, NULL, 'app_theme_default', NULL, 2, 'offshore'),
(11, '2018-03-14 22:39:01', '2018-03-14 22:39:01', 'Rakesh Dara', 'rdara@goitglobal.taskcontrol.co', '$2y$10$9qt80bTE7NbVHBecKvsQfOeT6MgXx8li23NFI/1cyhU3KYt1UCivS', 'WhitField Rock Block # 35', '+91 884 4223 8890', '+91 884 4223 8890', '+91 884 4223 8890', 8, NULL, NULL, 2, 5, 2, NULL, NULL, 'app_theme_default', NULL, 2, 'offshore'),
(12, '2018-03-14 22:39:01', '2018-03-14 22:39:01', 'Rakesh Dara', 'rdara@goitglobal.taskcontrol.co', '$2y$10$7dsaf1Xii2DHklrsGQvvCuPUJ4WCl/I2B5CLbKLQaU7jxahmAXvHa', 'WhitField Rock Block # 35', '+91 884 4223 8890', '+91 884 4223 8890', '+91 884 4223 8890', 8, NULL, NULL, 2, 5, 2, NULL, NULL, 'app_theme_default', NULL, 2, 'offshore'),
(13, '2018-03-14 22:39:03', '2018-03-14 22:39:03', 'Rakesh Dara', 'rdara@goitglobal.taskcontrol.co', '$2y$10$zmNICATdp2TRUHDxZKj48.fyC2nMPyd4efGCGOrK1yZ3fuad7ZxlG', 'WhitField Rock Block # 35', '+91 884 4223 8890', '+91 884 4223 8890', '+91 884 4223 8890', 8, NULL, NULL, 2, 5, 2, NULL, NULL, 'app_theme_default', NULL, 2, 'offshore'),
(14, '2018-03-14 22:39:03', '2018-03-14 22:39:03', 'Rakesh Dara', 'rdara@goitglobal.taskcontrol.co', '$2y$10$W6X.EHy128tJRszIwIdNZuzKmVGyXHDJmeqeO1QG2Ke/sP49uPOe6', 'WhitField Rock Block # 35', '+91 884 4223 8890', '+91 884 4223 8890', '+91 884 4223 8890', 8, NULL, NULL, 2, 5, 2, NULL, NULL, 'app_theme_default', NULL, 2, 'offshore'),
(15, '2018-03-14 22:39:03', '2018-03-14 22:39:03', 'Rakesh Dara', 'rdara@goitglobal.taskcontrol.co', '$2y$10$TM7IhcWWoDpZh6GU5eSNh.BwCAVZaZsUZKAuoxfDjSpLGES.AxrKy', 'WhitField Rock Block # 35', '+91 884 4223 8890', '+91 884 4223 8890', '+91 884 4223 8890', 8, NULL, NULL, 2, 5, 2, NULL, NULL, 'app_theme_default', NULL, 2, 'offshore'),
(16, '2018-03-14 22:39:03', '2018-03-14 22:39:03', 'Rakesh Dara', 'rdara@goitglobal.taskcontrol.co', '$2y$10$jDlKQWd6pI5qVlMMO3W28uUIZkKDbZV6KwRuv0GOGHaY7y9ueEo/y', 'WhitField Rock Block # 35', '+91 884 4223 8890', '+91 884 4223 8890', '+91 884 4223 8890', 8, NULL, NULL, 2, 5, 2, NULL, NULL, 'app_theme_default', NULL, 2, 'offshore'),
(17, '2018-03-14 22:39:03', '2018-03-14 22:39:03', 'Rakesh Dara', 'rdara@goitglobal.taskcontrol.co', '$2y$10$AGMGlWWFg/6QjX.76VhSwej4mz20xfLst0AEe6rkYDmTOM.StfoJ6', 'WhitField Rock Block # 35', '+91 884 4223 8890', '+91 884 4223 8890', '+91 884 4223 8890', 8, NULL, NULL, 2, 5, 2, NULL, NULL, 'app_theme_default', NULL, 2, 'offshore'),
(18, '2018-03-14 22:39:04', '2018-03-14 22:39:04', 'Rakesh Dara', 'rdara@goitglobal.taskcontrol.co', '$2y$10$fokyKTw.DE1fqY1XAN5Fc.zcKtM0FEz.OC5zQukDe2pP7DhEiEss2', 'WhitField Rock Block # 35', '+91 884 4223 8890', '+91 884 4223 8890', '+91 884 4223 8890', 8, NULL, NULL, 2, 5, 2, NULL, NULL, 'app_theme_default', NULL, 2, 'offshore'),
(19, '2018-03-14 22:39:04', '2018-03-14 22:39:04', 'Rakesh Dara', 'rdara@goitglobal.taskcontrol.co', '$2y$10$tB1rg4QSTdnXmO/zR9YpeeqAEs6aq5jyXv90qVHaH3gHv2TMzTRPK', 'WhitField Rock Block # 35', '+91 884 4223 8890', '+91 884 4223 8890', '+91 884 4223 8890', 8, NULL, NULL, 2, 5, 2, NULL, NULL, 'app_theme_default', NULL, 2, 'offshore'),
(20, '2018-03-14 22:39:05', '2018-03-14 22:39:05', 'Rakesh Dara', 'rdara@goitglobal.taskcontrol.co', '$2y$10$Bl2thxzYkDtNaGfZEI7R8OhzbOkN5K5qxqJRKDU7.gVPlTSHNlRLa', 'WhitField Rock Block # 35', '+91 884 4223 8890', '+91 884 4223 8890', '+91 884 4223 8890', 8, NULL, NULL, 2, 5, 2, NULL, NULL, 'app_theme_default', NULL, 2, 'offshore'),
(21, '2018-03-14 22:39:05', '2018-03-14 22:39:05', 'Rakesh Dara', 'rdara@goitglobal.taskcontrol.co', '$2y$10$JsHe/EInNPq51vaY3jXRfeTf78Mt3oHJ3wdD8.vwQat6/wLt2I0/G', 'WhitField Rock Block # 35', '+91 884 4223 8890', '+91 884 4223 8890', '+91 884 4223 8890', 8, NULL, NULL, 2, 5, 2, NULL, NULL, 'app_theme_default', NULL, 2, 'offshore'),
(22, '2018-03-14 22:39:05', '2018-03-14 22:39:05', 'Rakesh Dara', 'rdara@goitglobal.taskcontrol.co', '$2y$10$AiPvUJ0zK90.eNdXFNGLjup1cJaZUdzBCEQCw0.ydZbq3p4AtbOda', 'WhitField Rock Block # 35', '+91 884 4223 8890', '+91 884 4223 8890', '+91 884 4223 8890', 8, NULL, NULL, 2, 5, 2, NULL, NULL, 'app_theme_default', NULL, 2, 'offshore'),
(23, '2018-03-14 22:39:05', '2018-03-14 22:39:05', 'Rakesh Dara', 'rdara@goitglobal.taskcontrol.co', '$2y$10$X7PwuEZme.XU6LEU.ybjy.7ZK4evlaIiYqWFfDfaS2bPzvuSeaxju', 'WhitField Rock Block # 35', '+91 884 4223 8890', '+91 884 4223 8890', '+91 884 4223 8890', 8, NULL, NULL, 2, 5, 2, NULL, NULL, 'app_theme_default', NULL, 2, 'offshore'),
(24, '2018-03-14 22:39:05', '2018-03-14 22:39:05', 'Rakesh Dara', 'rdara@goitglobal.taskcontrol.co', '$2y$10$3a4dhRXgsrRsinaVWE08KO.4PZMVwBtFo3dHa45EeBw61hzz/AJb2', 'WhitField Rock Block # 35', '+91 884 4223 8890', '+91 884 4223 8890', '+91 884 4223 8890', 8, NULL, NULL, 2, 5, 2, NULL, NULL, 'app_theme_default', NULL, 2, 'offshore'),
(25, '2018-03-14 22:39:05', '2018-03-14 22:39:05', 'Rakesh Dara', 'rdara@goitglobal.taskcontrol.co', '$2y$10$gIUnbiwa7FLt3F4kNdw9EOHvDB7Ada9IQwHEUoTa3PKz.JHH7HX1K', 'WhitField Rock Block # 35', '+91 884 4223 8890', '+91 884 4223 8890', '+91 884 4223 8890', 8, NULL, NULL, 2, 5, 2, NULL, NULL, 'app_theme_default', NULL, 2, 'offshore'),
(26, '2018-03-14 22:39:07', '2018-03-14 22:39:07', 'Rakesh Dara', 'rdara@goitglobal.taskcontrol.co', '$2y$10$0GsK.Hf390UtYWyc8vLhreWmCe9OX.ZDMGIVwgwvj5rB0UL7Ntibe', 'WhitField Rock Block # 35', '+91 884 4223 8890', '+91 884 4223 8890', '+91 884 4223 8890', 8, NULL, NULL, 2, 5, 2, NULL, NULL, 'app_theme_default', NULL, 2, 'offshore'),
(27, '2018-03-14 22:39:07', '2018-03-14 22:39:07', 'Rakesh Dara', 'rdara@goitglobal.taskcontrol.co', '$2y$10$T.rCeK8a36b6qehW7BNkVOBwcxkrtNxy3INjB81oMUGvtGwLTFr/i', 'WhitField Rock Block # 35', '+91 884 4223 8890', '+91 884 4223 8890', '+91 884 4223 8890', 8, NULL, NULL, 2, 5, 2, NULL, NULL, 'app_theme_default', NULL, 2, 'offshore'),
(28, '2018-03-14 22:39:07', '2018-03-14 22:39:07', 'Rakesh Dara', 'rdara@goitglobal.taskcontrol.co', '$2y$10$62./nT.dmuKI16m6NlhqF.h7XCA9gEru5qbKmFnNUML6fCpwgT2tO', 'WhitField Rock Block # 35', '+91 884 4223 8890', '+91 884 4223 8890', '+91 884 4223 8890', 8, NULL, NULL, 2, 5, 2, NULL, NULL, 'app_theme_default', NULL, 2, 'offshore'),
(29, '2018-03-14 22:39:07', '2018-03-14 22:39:07', 'Rakesh Dara', 'rdara@goitglobal.taskcontrol.co', '$2y$10$Y2bGmfl3LIysVIttadfzc.HhiUwqIcZQYsVGKiHzL.Eg6smXNc4bK', 'WhitField Rock Block # 35', '+91 884 4223 8890', '+91 884 4223 8890', '+91 884 4223 8890', 8, NULL, NULL, 2, 5, 2, NULL, NULL, 'app_theme_default', NULL, 2, 'offshore'),
(30, '2018-03-14 22:39:07', '2018-03-14 22:39:07', 'Rakesh Dara', 'rdara@goitglobal.taskcontrol.co', '$2y$10$uE9Cv2OE.ZHflEDxAN7JluloPkf6/XQEHK9QKCJFIjp9GPg2XMCX2', 'WhitField Rock Block # 35', '+91 884 4223 8890', '+91 884 4223 8890', '+91 884 4223 8890', 8, NULL, NULL, 2, 5, 2, NULL, NULL, 'app_theme_default', NULL, 2, 'offshore'),
(31, '2018-03-14 22:39:07', '2018-03-14 22:39:07', 'Rakesh Dara', 'rdara@goitglobal.taskcontrol.co', '$2y$10$S/Gz/lBi4bzkGGqqSwvVWe5zh5AyQf0d6Q26A1jZfCUpuugYihL6q', 'WhitField Rock Block # 35', '+91 884 4223 8890', '+91 884 4223 8890', '+91 884 4223 8890', 8, NULL, NULL, 2, 5, 2, NULL, NULL, 'app_theme_default', NULL, 2, 'offshore'),
(32, '2018-03-14 22:39:08', '2018-03-14 22:39:08', 'Rakesh Dara', 'rdara@goitglobal.taskcontrol.co', '$2y$10$gE9CO/s3DHWWh6X2bu96pOnHrEu68uKDRJzg7zkVsOMEzxfJMVAzy', 'WhitField Rock Block # 35', '+91 884 4223 8890', '+91 884 4223 8890', '+91 884 4223 8890', 8, NULL, NULL, 2, 5, 2, NULL, NULL, 'app_theme_default', NULL, 2, 'offshore'),
(33, '2018-03-14 22:39:09', '2018-03-14 22:39:09', 'Rakesh Dara', 'rdara@goitglobal.taskcontrol.co', '$2y$10$W7M3AgdzUUcUN/z2E8y9PenOCRB3I9eVTHN/IiGSZULwa7nxot0zu', 'WhitField Rock Block # 35', '+91 884 4223 8890', '+91 884 4223 8890', '+91 884 4223 8890', 8, NULL, NULL, 2, 5, 2, NULL, NULL, 'app_theme_default', NULL, 2, 'offshore'),
(34, '2018-03-14 22:39:09', '2018-03-14 22:39:09', 'Rakesh Dara', 'rdara@goitglobal.taskcontrol.co', '$2y$10$Eikat4hTtkRReQ.FrXHbVuwuuAendxbH50qqVeO0g/Uuvlg0ksmEq', 'WhitField Rock Block # 35', '+91 884 4223 8890', '+91 884 4223 8890', '+91 884 4223 8890', 8, NULL, NULL, 2, 5, 2, NULL, NULL, 'app_theme_default', NULL, 2, 'offshore'),
(35, '2018-03-14 22:39:09', '2018-03-14 22:39:09', 'Rakesh Dara', 'rdara@goitglobal.taskcontrol.co', '$2y$10$Jz3rlC/a8Dbl./RVvo3hMOFOJ1vdBW2i/RhsnMFBRvV9GJCWUoCOC', 'WhitField Rock Block # 35', '+91 884 4223 8890', '+91 884 4223 8890', '+91 884 4223 8890', 8, NULL, NULL, 2, 5, 2, NULL, NULL, 'app_theme_default', NULL, 2, 'offshore'),
(36, '2018-03-14 22:39:09', '2018-03-14 22:39:09', 'Rakesh Dara', 'rdara@goitglobal.taskcontrol.co', '$2y$10$CYrztO90EOJKCGqdZvjaOeqJd6ylXoCmuPr.wB5HnVlnuqcekNyJW', 'WhitField Rock Block # 35', '+91 884 4223 8890', '+91 884 4223 8890', '+91 884 4223 8890', 8, NULL, NULL, 2, 5, 2, NULL, NULL, 'app_theme_default', NULL, 2, 'offshore'),
(37, '2018-03-14 22:39:09', '2018-03-14 22:39:09', 'Rakesh Dara', 'rdara@goitglobal.taskcontrol.co', '$2y$10$OV5itzz9eyDAXx6QO5oZOuuWmgjrBSrttqcPl1LxwIUOFTqGrsPrS', 'WhitField Rock Block # 35', '+91 884 4223 8890', '+91 884 4223 8890', '+91 884 4223 8890', 8, NULL, NULL, 2, 5, 2, NULL, NULL, 'app_theme_default', NULL, 2, 'offshore'),
(38, '2018-03-14 22:39:09', '2018-03-14 22:39:09', 'Rakesh Dara', 'rdara@goitglobal.taskcontrol.co', '$2y$10$zP.QrOPBEvmRYCaFugUm..uiTEKwmA3ra.zfAny9kbxyFO8Y9LVgy', 'WhitField Rock Block # 35', '+91 884 4223 8890', '+91 884 4223 8890', '+91 884 4223 8890', 8, NULL, NULL, 2, 5, 2, NULL, NULL, 'app_theme_default', NULL, 2, 'offshore'),
(39, '2018-03-14 22:39:10', '2018-03-14 22:39:10', 'Rakesh Dara', 'rdara@goitglobal.taskcontrol.co', '$2y$10$AuHPwblhBmJr9rdoBq70hegTNkmNWN/l9ZQ5SKEY.V90VmK13EqvC', 'WhitField Rock Block # 35', '+91 884 4223 8890', '+91 884 4223 8890', '+91 884 4223 8890', 8, NULL, NULL, 2, 5, 2, NULL, NULL, 'app_theme_default', NULL, 2, 'offshore'),
(40, '2018-03-14 22:39:10', '2018-03-14 22:39:10', 'Rakesh Dara', 'rdara@goitglobal.taskcontrol.co', '$2y$10$e3Nc2jvIxD/M5oqaWsgpfOa4F8qLrEV.BQH/aibciz1ZbhmlaGBCe', 'WhitField Rock Block # 35', '+91 884 4223 8890', '+91 884 4223 8890', '+91 884 4223 8890', 8, NULL, NULL, 2, 5, 2, NULL, NULL, 'app_theme_default', NULL, 2, 'offshore'),
(41, '2018-03-14 22:39:11', '2018-03-14 22:39:11', 'Rakesh Dara', 'rdara@goitglobal.taskcontrol.co', '$2y$10$ImVf6eDAdAgIVd6bP7HwgujbPrYXA.zXVZG3A15B43Y338CyiKt6e', 'WhitField Rock Block # 35', '+91 884 4223 8890', '+91 884 4223 8890', '+91 884 4223 8890', 8, NULL, NULL, 2, 5, 2, NULL, NULL, 'app_theme_default', NULL, 2, 'offshore'),
(42, '2018-03-14 22:39:11', '2018-03-14 22:39:11', 'Rakesh Dara', 'rdara@goitglobal.taskcontrol.co', '$2y$10$4Fr7yoAeC6yQ3g2eca8JSeBGsvWeQ9B5tleUU3Jmx3inSGjdZGJ0a', 'WhitField Rock Block # 35', '+91 884 4223 8890', '+91 884 4223 8890', '+91 884 4223 8890', 8, NULL, NULL, 2, 5, 2, NULL, NULL, 'app_theme_default', NULL, 2, 'offshore'),
(43, '2018-03-14 22:39:11', '2018-03-14 22:39:11', 'Rakesh Dara', 'rdara@goitglobal.taskcontrol.co', '$2y$10$2xdH7J1rtSESoiZnW9MdVu2XidUrg9V8YTkgU.I/bqqoHztMnSk2e', 'WhitField Rock Block # 35', '+91 884 4223 8890', '+91 884 4223 8890', '+91 884 4223 8890', 8, NULL, NULL, 2, 5, 2, NULL, NULL, 'app_theme_default', NULL, 2, 'offshore'),
(44, '2018-03-14 22:39:11', '2018-03-14 22:39:11', 'Rakesh Dara', 'rdara@goitglobal.taskcontrol.co', '$2y$10$Ehn8pVJAR1zpu9Il9DwyhOQUPjuYR9QwQR8DVLrvt0OHSHLuBQ9d2', 'WhitField Rock Block # 35', '+91 884 4223 8890', '+91 884 4223 8890', '+91 884 4223 8890', 8, NULL, NULL, 2, 5, 2, NULL, NULL, 'app_theme_default', NULL, 2, 'offshore'),
(45, '2018-03-14 22:39:11', '2018-03-14 22:39:11', 'Rakesh Dara', 'rdara@goitglobal.taskcontrol.co', '$2y$10$KmqfFAIIZ8V3EGs.IS1q7ut9n30EXjPIrVN.WA5c9ZCf4GRWWExNG', 'WhitField Rock Block # 35', '+91 884 4223 8890', '+91 884 4223 8890', '+91 884 4223 8890', 8, NULL, NULL, 2, 5, 2, NULL, NULL, 'app_theme_default', NULL, 2, 'offshore'),
(46, '2018-03-14 22:39:12', '2018-03-14 22:39:12', 'Rakesh Dara', 'rdara@goitglobal.taskcontrol.co', '$2y$10$/SV2S0TBgbhgZLWzYTfILOFp4pmqd.MnLQo2iXAkdYO0d3uynrEM6', 'WhitField Rock Block # 35', '+91 884 4223 8890', '+91 884 4223 8890', '+91 884 4223 8890', 8, NULL, NULL, 2, 5, 2, NULL, NULL, 'app_theme_default', NULL, 2, 'offshore'),
(47, '2018-03-14 22:39:12', '2018-03-14 22:39:12', 'Rakesh Dara', 'rdara@goitglobal.taskcontrol.co', '$2y$10$TM7x6iaNAJSTL5ng6Tmd/.ijXB86xTORrMfdjGPsCor2Qd2VNk.Yq', 'WhitField Rock Block # 35', '+91 884 4223 8890', '+91 884 4223 8890', '+91 884 4223 8890', 8, NULL, NULL, 2, 5, 2, NULL, NULL, 'app_theme_default', NULL, 2, 'offshore'),
(48, '2018-03-14 22:39:12', '2018-03-14 22:39:12', 'Rakesh Dara', 'rdara@goitglobal.taskcontrol.co', '$2y$10$oNQ1EtmjaRxj/7tv6lP16.i4NkirE4H.4JgDFcdA5p5MEwrfnJdQ2', 'WhitField Rock Block # 35', '+91 884 4223 8890', '+91 884 4223 8890', '+91 884 4223 8890', 8, NULL, NULL, 2, 5, 2, NULL, NULL, 'app_theme_default', NULL, 2, 'offshore'),
(49, '2018-03-14 22:39:13', '2018-03-14 22:39:13', 'Rakesh Dara', 'rdara@goitglobal.taskcontrol.co', '$2y$10$sc.Y4qZRTNnMJb9TQD0ET.BFDv0c.Ws7trvyfIRtKagZ7tVxEqQMK', 'WhitField Rock Block # 35', '+91 884 4223 8890', '+91 884 4223 8890', '+91 884 4223 8890', 8, NULL, NULL, 2, 5, 2, NULL, NULL, 'app_theme_default', NULL, 2, 'offshore'),
(50, '2018-03-14 22:39:13', '2018-03-14 22:39:13', 'Rakesh Dara', 'rdara@goitglobal.taskcontrol.co', '$2y$10$A0apIFz2hRi/P9Xl3gPlkuYIXSEkzLUHkTG3SXs6x5p3doPw3dwXi', 'WhitField Rock Block # 35', '+91 884 4223 8890', '+91 884 4223 8890', '+91 884 4223 8890', 8, NULL, NULL, 2, 5, 2, NULL, NULL, 'app_theme_default', NULL, 2, 'offshore'),
(51, '2018-03-14 22:39:13', '2018-03-14 22:39:13', 'Rakesh Dara', 'rdara@goitglobal.taskcontrol.co', '$2y$10$zpeqPDInjKQexbHv0h4nBeJXQabEETFOuOk/H2TJdCf0Ty3jn4v5e', 'WhitField Rock Block # 35', '+91 884 4223 8890', '+91 884 4223 8890', '+91 884 4223 8890', 8, NULL, NULL, 2, 5, 2, NULL, NULL, 'app_theme_default', NULL, 2, 'offshore'),
(52, '2018-03-14 22:39:13', '2018-03-14 22:39:13', 'Rakesh Dara', 'rdara@goitglobal.taskcontrol.co', '$2y$10$zs9XGhWES2.pqafZTjuhkeuTaFR59oAfvgETeeLygTFMQnHqcnCWK', 'WhitField Rock Block # 35', '+91 884 4223 8890', '+91 884 4223 8890', '+91 884 4223 8890', 8, NULL, NULL, 2, 5, 2, NULL, NULL, 'app_theme_default', NULL, 2, 'offshore'),
(53, '2018-03-14 22:39:13', '2018-03-14 22:39:13', 'Rakesh Dara', 'rdara@goitglobal.taskcontrol.co', '$2y$10$S6ZaqC5JEAlrb76gAoMg4OiZ4NXT4juljY4CNZygB/p9.shhNxSo.', 'WhitField Rock Block # 35', '+91 884 4223 8890', '+91 884 4223 8890', '+91 884 4223 8890', 8, NULL, NULL, 2, 5, 2, NULL, NULL, 'app_theme_default', NULL, 2, 'offshore'),
(54, '2018-03-14 22:39:14', '2018-03-14 22:39:14', 'Rakesh Dara', 'rdara@goitglobal.taskcontrol.co', '$2y$10$I4dmdpXRW9oldsjL/S3WkupaQ2m081k2dcRvY8SHdW4j4b2FrdThq', 'WhitField Rock Block # 35', '+91 884 4223 8890', '+91 884 4223 8890', '+91 884 4223 8890', 8, NULL, NULL, 2, 5, 2, NULL, NULL, 'app_theme_default', NULL, 2, 'offshore'),
(55, '2018-03-14 22:39:15', '2018-03-14 22:39:15', 'Rakesh Dara', 'rdara@goitglobal.taskcontrol.co', '$2y$10$XhJ7VXxjOUSjhcF0myjQIO36L/c6Zd3TAEzgSbfXgnYCvMM42VG66', 'WhitField Rock Block # 35', '+91 884 4223 8890', '+91 884 4223 8890', '+91 884 4223 8890', 8, NULL, NULL, 2, 5, 2, NULL, NULL, 'app_theme_default', NULL, 2, 'offshore'),
(56, '2018-03-14 22:39:15', '2018-03-14 22:39:15', 'Rakesh Dara', 'rdara@goitglobal.taskcontrol.co', '$2y$10$Ng1Ab.lFqoR9MOxU4OtPEOPDM4wb55GsyzspRFDPid3M627sZFe0.', 'WhitField Rock Block # 35', '+91 884 4223 8890', '+91 884 4223 8890', '+91 884 4223 8890', 8, NULL, NULL, 2, 5, 2, NULL, NULL, 'app_theme_default', NULL, 2, 'offshore'),
(57, '2018-03-14 22:39:15', '2018-03-14 22:39:15', 'Rakesh Dara', 'rdara@goitglobal.taskcontrol.co', '$2y$10$T5cG8XlINzuifimit7i9.O.6s9gG26EqsyerOpmHkCfIowjj9muvS', 'WhitField Rock Block # 35', '+91 884 4223 8890', '+91 884 4223 8890', '+91 884 4223 8890', 8, NULL, NULL, 2, 5, 2, NULL, NULL, 'app_theme_default', NULL, 2, 'offshore'),
(58, '2018-03-14 22:39:15', '2018-03-14 22:39:15', 'Rakesh Dara', 'rdara@goitglobal.taskcontrol.co', '$2y$10$bedcBboc.woLUbCMuMqwquBoZuAxxCoV8QUSopuljR6i9Ad20IPvO', 'WhitField Rock Block # 35', '+91 884 4223 8890', '+91 884 4223 8890', '+91 884 4223 8890', 8, NULL, NULL, 2, 5, 2, NULL, NULL, 'app_theme_default', NULL, 2, 'offshore'),
(59, '2018-03-14 22:39:15', '2018-03-14 22:39:15', 'Rakesh Dara', 'rdara@goitglobal.taskcontrol.co', '$2y$10$BC9VTMaU1dBpR5kLGOX4J.oX6Dg96yX7s/ZLBontx/v0HzZCQDnQ6', 'WhitField Rock Block # 35', '+91 884 4223 8890', '+91 884 4223 8890', '+91 884 4223 8890', 8, NULL, NULL, 2, 5, 2, NULL, NULL, 'app_theme_default', NULL, 2, 'offshore'),
(60, '2018-03-14 22:39:16', '2018-03-14 22:39:16', 'Rakesh Dara', 'rdara@goitglobal.taskcontrol.co', '$2y$10$XH9X4rZsTe5iNQ5JdM7m3OcTck3p9tw5TABG3LPP6Zh9AX9qBsfnS', 'WhitField Rock Block # 35', '+91 884 4223 8890', '+91 884 4223 8890', '+91 884 4223 8890', 8, NULL, NULL, 2, 5, 2, NULL, NULL, 'app_theme_default', NULL, 2, 'offshore'),
(61, '2018-03-14 22:39:16', '2018-03-14 22:39:16', 'Rakesh Dara', 'rdara@goitglobal.taskcontrol.co', '$2y$10$8XoKAcP9.hZEFQk24EImGuem17V2THy83oOofSHRGy.SHIQD0CrSq', 'WhitField Rock Block # 35', '+91 884 4223 8890', '+91 884 4223 8890', '+91 884 4223 8890', 8, NULL, NULL, 2, 5, 2, NULL, NULL, 'app_theme_default', NULL, 2, 'offshore'),
(62, '2018-03-14 22:39:16', '2018-03-14 22:39:16', 'Rakesh Dara', 'rdara@goitglobal.taskcontrol.co', '$2y$10$JWtJiYQSeJWlCsI/XNcsCuzAmiEy5m4a6HGiwxCwcjG8sCqcudDgK', 'WhitField Rock Block # 35', '+91 884 4223 8890', '+91 884 4223 8890', '+91 884 4223 8890', 8, NULL, NULL, 2, 5, 2, NULL, NULL, 'app_theme_default', NULL, 2, 'offshore'),
(63, '2018-03-14 22:39:17', '2018-03-14 22:39:17', 'Rakesh Dara', 'rdara@goitglobal.taskcontrol.co', '$2y$10$GgdMdscuntmPmTJiiJjqK.dzKf3rcWuTad5fdXItEChyhI6.g.h2.', 'WhitField Rock Block # 35', '+91 884 4223 8890', '+91 884 4223 8890', '+91 884 4223 8890', 8, NULL, NULL, 2, 5, 2, NULL, NULL, 'app_theme_default', NULL, 2, 'offshore'),
(64, '2018-03-14 22:39:17', '2018-03-14 22:39:17', 'Rakesh Dara', 'rdara@goitglobal.taskcontrol.co', '$2y$10$.v7TCikYmdiMVgRoWnbl1.jU7pdCH.mPBuqyv2C10UHQ6G4h1NeBC', 'WhitField Rock Block # 35', '+91 884 4223 8890', '+91 884 4223 8890', '+91 884 4223 8890', 8, NULL, NULL, 2, 5, 2, NULL, NULL, 'app_theme_default', NULL, 2, 'offshore'),
(65, '2018-03-14 22:39:17', '2018-03-14 22:39:17', 'Rakesh Dara', 'rdara@goitglobal.taskcontrol.co', '$2y$10$mUpBO/CnuM15RmW6BQY5ceuXBMvJ0XXQMnr0zo46tEXt5M10wA/IG', 'WhitField Rock Block # 35', '+91 884 4223 8890', '+91 884 4223 8890', '+91 884 4223 8890', 8, NULL, NULL, 2, 5, 2, NULL, NULL, 'app_theme_default', NULL, 2, 'offshore'),
(66, '2018-03-14 22:39:17', '2018-03-14 22:39:17', 'Rakesh Dara', 'rdara@goitglobal.taskcontrol.co', '$2y$10$KQ20EyfDlTqH4bTGAzcIqOAutW.ZkzxPSPGDqt0.U.U35udw.Owl.', 'WhitField Rock Block # 35', '+91 884 4223 8890', '+91 884 4223 8890', '+91 884 4223 8890', 8, NULL, NULL, 2, 5, 2, NULL, NULL, 'app_theme_default', NULL, 2, 'offshore'),
(67, '2018-03-14 22:39:17', '2018-03-14 22:39:17', 'Rakesh Dara', 'rdara@goitglobal.taskcontrol.co', '$2y$10$s9D3nP33ZcYvYwbDiP5aVOXrDfWE21edJOqn8.p9ryOym/d060pGG', 'WhitField Rock Block # 35', '+91 884 4223 8890', '+91 884 4223 8890', '+91 884 4223 8890', 8, NULL, NULL, 2, 5, 2, NULL, NULL, 'app_theme_default', NULL, 2, 'offshore'),
(68, '2018-03-14 22:39:18', '2018-03-14 22:39:18', 'Rakesh Dara', 'rdara@goitglobal.taskcontrol.co', '$2y$10$cFW0vm6FpmQcnEhqLb.4YeT2iXS.NoVzIV/i9T8I5fub2yX3dScFi', 'WhitField Rock Block # 35', '+91 884 4223 8890', '+91 884 4223 8890', '+91 884 4223 8890', 8, NULL, NULL, 2, 5, 2, NULL, NULL, 'app_theme_default', NULL, 2, 'offshore'),
(69, '2018-03-14 22:39:18', '2018-03-14 22:39:18', 'Rakesh Dara', 'rdara@goitglobal.taskcontrol.co', '$2y$10$idRyvIMHPbC7Doppeiz/P.5FQfby/XL.N1R6ChRUPYsodRc9CjqfW', 'WhitField Rock Block # 35', '+91 884 4223 8890', '+91 884 4223 8890', '+91 884 4223 8890', 8, NULL, NULL, 2, 5, 2, NULL, NULL, 'app_theme_default', NULL, 2, 'offshore'),
(70, '2018-03-14 22:39:18', '2018-03-14 22:39:18', 'Rakesh Dara', 'rdara@goitglobal.taskcontrol.co', '$2y$10$s9BEScDc.YKkN7qlblpch.8BFMy7Sk8dCN1VRofF7pqX38tTUW4AG', 'WhitField Rock Block # 35', '+91 884 4223 8890', '+91 884 4223 8890', '+91 884 4223 8890', 8, NULL, NULL, 2, 5, 2, NULL, NULL, 'app_theme_default', NULL, 2, 'offshore'),
(71, '2018-03-14 22:39:18', '2018-03-14 22:39:18', 'Rakesh Dara', 'rdara@goitglobal.taskcontrol.co', '$2y$10$uwLNfbz7doeKcEiFOKfZn.QQsII8gYZzdR10mbdUXodVCshR2szaG', 'WhitField Rock Block # 35', '+91 884 4223 8890', '+91 884 4223 8890', '+91 884 4223 8890', 8, NULL, NULL, 2, 5, 2, NULL, NULL, 'app_theme_default', NULL, 2, 'offshore'),
(72, '2018-03-14 22:39:18', '2018-03-14 22:39:18', 'Rakesh Dara', 'rdara@goitglobal.taskcontrol.co', '$2y$10$.TdoxCiMY35PtxjiUtld4OWx2MWJSLW7YmwLexCezmRE1hE7sH0MO', 'WhitField Rock Block # 35', '+91 884 4223 8890', '+91 884 4223 8890', '+91 884 4223 8890', 8, NULL, NULL, 2, 5, 2, NULL, NULL, 'app_theme_default', NULL, 2, 'offshore'),
(73, '2018-03-14 22:39:19', '2018-03-14 22:39:19', 'Rakesh Dara', 'rdara@goitglobal.taskcontrol.co', '$2y$10$aXCre1YYMcAysQgKWRAGkOKbA4oNoDafT.LKmNdW8sPsy0ZksbO.C', 'WhitField Rock Block # 35', '+91 884 4223 8890', '+91 884 4223 8890', '+91 884 4223 8890', 8, NULL, NULL, 2, 5, 2, NULL, NULL, 'app_theme_default', NULL, 2, 'offshore'),
(74, '2018-03-14 22:39:19', '2018-03-14 22:39:19', 'Rakesh Dara', 'rdara@goitglobal.taskcontrol.co', '$2y$10$XJ2TmjUIdBItKiqTYFfXeeRUAnAb9XzgvYa9e0iGddghup84XoTTm', 'WhitField Rock Block # 35', '+91 884 4223 8890', '+91 884 4223 8890', '+91 884 4223 8890', 8, NULL, NULL, 2, 5, 2, NULL, NULL, 'app_theme_default', NULL, 2, 'offshore'),
(75, '2018-03-14 22:39:20', '2018-03-14 22:39:20', 'Rakesh Dara', 'rdara@goitglobal.taskcontrol.co', '$2y$10$i6wNt6IZUZ0VuxY3vWf.H.6cTpxN.5PDmoS9D1Gilai7FCm9wt6Ku', 'WhitField Rock Block # 35', '+91 884 4223 8890', '+91 884 4223 8890', '+91 884 4223 8890', 8, NULL, NULL, 2, 5, 2, NULL, NULL, 'app_theme_default', NULL, 2, 'offshore'),
(76, '2018-03-14 22:39:20', '2018-03-14 22:39:20', 'Rakesh Dara', 'rdara@goitglobal.taskcontrol.co', '$2y$10$u2CL8CFrYgDuXg3i0FDpGuuWzBB7DTYKRENL2.yMGKthijTdhU7Y2', 'WhitField Rock Block # 35', '+91 884 4223 8890', '+91 884 4223 8890', '+91 884 4223 8890', 8, NULL, NULL, 2, 5, 2, NULL, NULL, 'app_theme_default', NULL, 2, 'offshore'),
(77, '2018-03-14 22:39:20', '2018-03-14 22:39:20', 'Rakesh Dara', 'rdara@goitglobal.taskcontrol.co', '$2y$10$OUz1hpxHwLaWurtiZPQ0GOh3QFw4.Jkg3Z58ld4jMyYHVrIhFrfyq', 'WhitField Rock Block # 35', '+91 884 4223 8890', '+91 884 4223 8890', '+91 884 4223 8890', 8, NULL, NULL, 2, 5, 2, NULL, NULL, 'app_theme_default', NULL, 2, 'offshore'),
(78, '2018-03-14 22:39:20', '2018-03-14 22:39:20', 'Rakesh Dara', 'rdara@goitglobal.taskcontrol.co', '$2y$10$vQxmzloQ5U6rpRmtYkc0ReyFYgH6j2K4JIoxEChIJTTlIBT7G.sCG', 'WhitField Rock Block # 35', '+91 884 4223 8890', '+91 884 4223 8890', '+91 884 4223 8890', 8, NULL, NULL, 2, 5, 2, NULL, NULL, 'app_theme_default', NULL, 2, 'offshore'),
(79, '2018-03-14 22:39:20', '2018-03-14 22:39:20', 'Rakesh Dara', 'rdara@goitglobal.taskcontrol.co', '$2y$10$Kmz8kGDIW4Mo8ortSkrj.OU.ge/RUi5uLRZzBRdQQCmqKOR7nFL9i', 'WhitField Rock Block # 35', '+91 884 4223 8890', '+91 884 4223 8890', '+91 884 4223 8890', 8, NULL, NULL, 2, 5, 2, NULL, NULL, 'app_theme_default', NULL, 2, 'offshore'),
(80, '2018-03-14 22:39:20', '2018-03-14 22:39:20', 'Rakesh Dara', 'rdara@goitglobal.taskcontrol.co', '$2y$10$DZZsEIGO4gBVOgl.yjsb4uO2liWwX5o6Lgjhop1.Lc0gGRU52Ghq2', 'WhitField Rock Block # 35', '+91 884 4223 8890', '+91 884 4223 8890', '+91 884 4223 8890', 8, NULL, NULL, 2, 5, 2, NULL, NULL, 'app_theme_default', NULL, 2, 'offshore'),
(81, '2018-03-14 22:39:21', '2018-03-14 22:39:21', 'Rakesh Dara', 'rdara@goitglobal.taskcontrol.co', '$2y$10$dSpDN8LPrZqV5q6seotspOx9.P93TydXnv8HXZVm1E5N7ZTTBplDC', 'WhitField Rock Block # 35', '+91 884 4223 8890', '+91 884 4223 8890', '+91 884 4223 8890', 8, NULL, NULL, 2, 5, 2, NULL, NULL, 'app_theme_default', NULL, 2, 'offshore'),
(82, '2018-03-14 22:39:21', '2018-03-14 22:39:21', 'Rakesh Dara', 'rdara@goitglobal.taskcontrol.co', '$2y$10$.SgrPAhFe7F5n5bzTwZgsee9HIiLjeeqsUDfyB1LlOpgeE2la3Q02', 'WhitField Rock Block # 35', '+91 884 4223 8890', '+91 884 4223 8890', '+91 884 4223 8890', 8, NULL, NULL, 2, 5, 2, NULL, NULL, 'app_theme_default', NULL, 2, 'offshore'),
(83, '2018-03-14 22:39:21', '2018-03-14 22:39:21', 'Rakesh Dara', 'rdara@goitglobal.taskcontrol.co', '$2y$10$EnW5pTTmRtcIlW2HBsTsHe1AypBrC2kx..hDkmiHOWaWApmOkAyCy', 'WhitField Rock Block # 35', '+91 884 4223 8890', '+91 884 4223 8890', '+91 884 4223 8890', 8, NULL, NULL, 2, 5, 2, NULL, NULL, 'app_theme_default', NULL, 2, 'offshore'),
(84, '2018-03-14 22:39:21', '2018-03-14 22:39:21', 'Rakesh Dara', 'rdara@goitglobal.taskcontrol.co', '$2y$10$.Xd.wlnJltFmIaT/pNi8w.rV1WmniBjfkMSCiTuESE6WI8BGrwZXi', 'WhitField Rock Block # 35', '+91 884 4223 8890', '+91 884 4223 8890', '+91 884 4223 8890', 8, NULL, NULL, 2, 5, 2, NULL, NULL, 'app_theme_default', NULL, 2, 'offshore'),
(85, '2018-03-14 22:39:22', '2018-03-14 22:39:22', 'Rakesh Dara', 'rdara@goitglobal.taskcontrol.co', '$2y$10$SRjmY7xPB/SDVaWFA1iAXOevGHRTrrFo5hWGmqLQqBdiiR2ANYrsO', 'WhitField Rock Block # 35', '+91 884 4223 8890', '+91 884 4223 8890', '+91 884 4223 8890', 8, NULL, NULL, 2, 5, 2, NULL, NULL, 'app_theme_default', NULL, 2, 'offshore'),
(86, '2018-03-14 22:39:22', '2018-03-14 22:39:22', 'Rakesh Dara', 'rdara@goitglobal.taskcontrol.co', '$2y$10$HaWziVwbYb/fUjmHl24.l.01JdyHhgOFW/GZRoH3qsw2FTmkV0FMa', 'WhitField Rock Block # 35', '+91 884 4223 8890', '+91 884 4223 8890', '+91 884 4223 8890', 8, NULL, NULL, 2, 5, 2, NULL, NULL, 'app_theme_default', NULL, 2, 'offshore'),
(87, '2018-03-14 22:39:22', '2018-03-14 22:39:22', 'Rakesh Dara', 'rdara@goitglobal.taskcontrol.co', '$2y$10$ZDpFrbou4EwqENpqXvXkCudzSJNZeKHOj1dKVzoHvabwffWtW0qgC', 'WhitField Rock Block # 35', '+91 884 4223 8890', '+91 884 4223 8890', '+91 884 4223 8890', 8, NULL, NULL, 2, 5, 2, NULL, NULL, 'app_theme_default', NULL, 2, 'offshore'),
(88, '2018-03-14 22:39:22', '2018-03-14 22:39:22', 'Rakesh Dara', 'rdara@goitglobal.taskcontrol.co', '$2y$10$KP6EW5Ni.dIUUO1BmljdVO4NfRs2SXFTV7fWfgMwNQ6.oQRJPxv1W', 'WhitField Rock Block # 35', '+91 884 4223 8890', '+91 884 4223 8890', '+91 884 4223 8890', 8, NULL, NULL, 2, 5, 2, NULL, NULL, 'app_theme_default', NULL, 2, 'offshore'),
(89, '2018-03-14 22:39:23', '2018-03-14 22:39:23', 'Rakesh Dara', 'rdara@goitglobal.taskcontrol.co', '$2y$10$vKdAowwj2DBXPgse2AxcTOsavS11Z3MnRjPCtgXi5rWAMS6Ogj2k6', 'WhitField Rock Block # 35', '+91 884 4223 8890', '+91 884 4223 8890', '+91 884 4223 8890', 8, NULL, NULL, 2, 5, 2, NULL, NULL, 'app_theme_default', NULL, 2, 'offshore'),
(90, '2018-03-14 22:39:23', '2018-03-14 22:39:23', 'Rakesh Dara', 'rdara@goitglobal.taskcontrol.co', '$2y$10$nmZV1tetFxDcq2./.S8CMejug/hkEOq3pnBUojGZV5Y2yABat7tni', 'WhitField Rock Block # 35', '+91 884 4223 8890', '+91 884 4223 8890', '+91 884 4223 8890', 8, NULL, NULL, 2, 5, 2, NULL, NULL, 'app_theme_default', NULL, 2, 'offshore'),
(91, '2018-03-14 22:39:23', '2018-03-14 22:39:23', 'Rakesh Dara', 'rdara@goitglobal.taskcontrol.co', '$2y$10$3kWURy.wHf.arM48GwZHG.pehHooOsXDp2hVb9fihsf/mxYOuPfnW', 'WhitField Rock Block # 35', '+91 884 4223 8890', '+91 884 4223 8890', '+91 884 4223 8890', 8, NULL, NULL, 2, 5, 2, NULL, NULL, 'app_theme_default', NULL, 2, 'offshore'),
(92, '2018-03-14 22:39:23', '2018-03-14 22:39:23', 'Rakesh Dara', 'rdara@goitglobal.taskcontrol.co', '$2y$10$l0znMwjA3kHDCJjqGOCr2urWP2BPkNr9hSPIODr.yeBH/EN3gHR4S', 'WhitField Rock Block # 35', '+91 884 4223 8890', '+91 884 4223 8890', '+91 884 4223 8890', 8, NULL, NULL, 2, 5, 2, NULL, NULL, 'app_theme_default', NULL, 2, 'offshore'),
(93, '2018-03-14 22:39:24', '2018-03-14 22:39:24', 'Rakesh Dara', 'rdara@goitglobal.taskcontrol.co', '$2y$10$xJYa/62yuK9VlSTuDPgbMe7MIB.iVzzP5khcIhXfvFzU8mRk1Kbhu', 'WhitField Rock Block # 35', '+91 884 4223 8890', '+91 884 4223 8890', '+91 884 4223 8890', 8, NULL, NULL, 2, 5, 2, NULL, NULL, 'app_theme_default', NULL, 2, 'offshore'),
(94, '2018-03-14 22:39:24', '2018-03-14 22:39:24', 'Rakesh Dara', 'rdara@goitglobal.taskcontrol.co', '$2y$10$1Xb65A4IHWapXbS9q99zVOsU8T6Wzz/IytKJZoq9GVsW0MlRrr2Qy', 'WhitField Rock Block # 35', '+91 884 4223 8890', '+91 884 4223 8890', '+91 884 4223 8890', 8, NULL, NULL, 2, 5, 2, NULL, NULL, 'app_theme_default', NULL, 2, 'offshore'),
(95, '2018-03-14 22:39:24', '2018-03-14 22:39:24', 'Rakesh Dara', 'rdara@goitglobal.taskcontrol.co', '$2y$10$ntpCITGF7xWF5n2HRe1QHOivw2p6zWeHGvNlBprPkNxTKru1mYgC.', 'WhitField Rock Block # 35', '+91 884 4223 8890', '+91 884 4223 8890', '+91 884 4223 8890', 8, NULL, NULL, 2, 5, 2, NULL, NULL, 'app_theme_default', NULL, 2, 'offshore'),
(96, '2018-03-14 22:39:24', '2018-03-14 22:39:24', 'Rakesh Dara', 'rdara@goitglobal.taskcontrol.co', '$2y$10$FEQJG8igQiIKAlPFUhQ00eUTaD5GQdgyzijrNej4bAxIsXI41Bf4u', 'WhitField Rock Block # 35', '+91 884 4223 8890', '+91 884 4223 8890', '+91 884 4223 8890', 8, NULL, NULL, 2, 5, 2, NULL, NULL, 'app_theme_default', NULL, 2, 'offshore'),
(97, '2018-03-14 22:39:25', '2018-03-14 22:39:25', 'Rakesh Dara', 'rdara@goitglobal.taskcontrol.co', '$2y$10$Lif5rB7ftwzLh/qsqCkY1uEtKQ20dsKtd38oXWgxDeAKaXqGOZKyW', 'WhitField Rock Block # 35', '+91 884 4223 8890', '+91 884 4223 8890', '+91 884 4223 8890', 8, NULL, NULL, 2, 5, 2, NULL, NULL, 'app_theme_default', NULL, 2, 'offshore'),
(98, '2018-03-14 22:39:25', '2018-03-14 22:39:25', 'Rakesh Dara', 'rdara@goitglobal.taskcontrol.co', '$2y$10$tM3zqDtFXhthrqBtv/EjNu3q2tPd2F2R783Mo5Y1imkopykZqqvM2', 'WhitField Rock Block # 35', '+91 884 4223 8890', '+91 884 4223 8890', '+91 884 4223 8890', 8, NULL, NULL, 2, 5, 2, NULL, NULL, 'app_theme_default', NULL, 2, 'offshore'),
(99, '2018-03-14 22:39:25', '2018-03-14 22:39:25', 'Rakesh Dara', 'rdara@goitglobal.taskcontrol.co', '$2y$10$5mH9BiBFKKKYvnIt4/KUcOJxES3dseQAOeAXtIjoPq4PZaIS6bilG', 'WhitField Rock Block # 35', '+91 884 4223 8890', '+91 884 4223 8890', '+91 884 4223 8890', 8, NULL, NULL, 2, 5, 2, NULL, NULL, 'app_theme_default', NULL, 2, 'offshore'),
(100, '2018-03-14 22:39:25', '2018-03-14 22:39:25', 'Rakesh Dara', 'rdara@goitglobal.taskcontrol.co', '$2y$10$5MCUtkQAdp/NCkpVLiMvNeXAzhkFHqhYw5XjgZ6vR7olWqefmikF6', 'WhitField Rock Block # 35', '+91 884 4223 8890', '+91 884 4223 8890', '+91 884 4223 8890', 8, NULL, NULL, 2, 5, 2, NULL, NULL, 'app_theme_default', NULL, 2, 'offshore'),
(101, '2018-03-14 22:39:25', '2018-03-14 22:39:25', 'Rakesh Dara', 'rdara@goitglobal.taskcontrol.co', '$2y$10$Tm7g50.Y7OYBINjJAOaH.ecM6Zb9ob.E1VKkbKNYljFfEzMpyQuoy', 'WhitField Rock Block # 35', '+91 884 4223 8890', '+91 884 4223 8890', '+91 884 4223 8890', 8, NULL, NULL, 2, 5, 2, NULL, NULL, 'app_theme_default', NULL, 2, 'offshore'),
(102, '2018-03-14 22:39:25', '2018-03-14 22:39:25', 'Rakesh Dara', 'rdara@goitglobal.taskcontrol.co', '$2y$10$/TIpEivyjAdwFCC5PHvqpeR9PIQFjucvJYAwJEZ3inl5nxikFjdcq', 'WhitField Rock Block # 35', '+91 884 4223 8890', '+91 884 4223 8890', '+91 884 4223 8890', 8, NULL, NULL, 2, 5, 2, NULL, NULL, 'app_theme_default', NULL, 2, 'offshore'),
(103, '2018-03-14 22:39:26', '2018-03-14 22:39:26', 'Rakesh Dara', 'rdara@goitglobal.taskcontrol.co', '$2y$10$/7osG2SZNKgBRhpWmG8oHOrOHtObUG33SylrijQUGJJXKpnGfwuMy', 'WhitField Rock Block # 35', '+91 884 4223 8890', '+91 884 4223 8890', '+91 884 4223 8890', 8, NULL, NULL, 2, 5, 2, NULL, NULL, 'app_theme_default', NULL, 2, 'offshore'),
(104, '2018-03-14 22:39:26', '2018-03-14 22:39:26', 'Rakesh Dara', 'rdara@goitglobal.taskcontrol.co', '$2y$10$GIIW8mwTmrF13UbIkJVgw.4bmGgCMUm.1bFok0i2xX7L1vmxQ3fj6', 'WhitField Rock Block # 35', '+91 884 4223 8890', '+91 884 4223 8890', '+91 884 4223 8890', 8, NULL, NULL, 2, 5, 2, NULL, NULL, 'app_theme_default', NULL, 2, 'offshore'),
(105, '2018-03-14 22:39:26', '2018-03-14 22:39:26', 'Rakesh Dara', 'rdara@goitglobal.taskcontrol.co', '$2y$10$4/cGEujG7ELVNZGVOXrDMOx9ViRPJ2Cg4MmFcWaX.pENiscwCNivi', 'WhitField Rock Block # 35', '+91 884 4223 8890', '+91 884 4223 8890', '+91 884 4223 8890', 8, NULL, NULL, 2, 5, 2, NULL, NULL, 'app_theme_default', NULL, 2, 'offshore'),
(106, '2018-03-14 22:39:26', '2018-03-14 22:39:26', 'Rakesh Dara', 'rdara@goitglobal.taskcontrol.co', '$2y$10$MzGGf4iXAxcNFC0TYZqNJ.vGoA55CFEcOJO1cHf.Ec9uTRVIz2mDu', 'WhitField Rock Block # 35', '+91 884 4223 8890', '+91 884 4223 8890', '+91 884 4223 8890', 8, NULL, NULL, 2, 5, 2, NULL, NULL, 'app_theme_default', NULL, 2, 'offshore'),
(107, '2018-03-14 22:39:26', '2018-03-14 22:39:26', 'Rakesh Dara', 'rdara@goitglobal.taskcontrol.co', '$2y$10$iMKJ3Fh3CRdLfbX7hbt2ZegfFDU5ryOBdmoEHDB1flr5qGaITEt5K', 'WhitField Rock Block # 35', '+91 884 4223 8890', '+91 884 4223 8890', '+91 884 4223 8890', 8, NULL, NULL, 2, 5, 2, NULL, NULL, 'app_theme_default', NULL, 2, 'offshore'),
(108, '2018-03-14 22:39:27', '2018-03-14 22:39:27', 'Rakesh Dara', 'rdara@goitglobal.taskcontrol.co', '$2y$10$5UMgOPKkkJMkk0epVgK7PuOuD12Wmx9jF1ZRxKLQEJE5gkfLO1Nm6', 'WhitField Rock Block # 35', '+91 884 4223 8890', '+91 884 4223 8890', '+91 884 4223 8890', 8, NULL, NULL, 2, 5, 2, NULL, NULL, 'app_theme_default', NULL, 2, 'offshore'),
(109, '2018-03-14 22:39:27', '2018-03-14 22:39:27', 'Rakesh Dara', 'rdara@goitglobal.taskcontrol.co', '$2y$10$GKyeoy4rkG.5ZwlYgYnP0uK24m1zsYM6CjBA57Ol1J14YEOJrvF82', 'WhitField Rock Block # 35', '+91 884 4223 8890', '+91 884 4223 8890', '+91 884 4223 8890', 8, NULL, NULL, 2, 5, 2, NULL, NULL, 'app_theme_default', NULL, 2, 'offshore'),
(110, '2018-03-14 22:39:27', '2018-03-14 22:39:27', 'Rakesh Dara', 'rdara@goitglobal.taskcontrol.co', '$2y$10$2gnMCR4os2Ka3hxsu0smBeSdmKRWB4UgY4w/goiMihVTxMLx7jQQa', 'WhitField Rock Block # 35', '+91 884 4223 8890', '+91 884 4223 8890', '+91 884 4223 8890', 8, NULL, NULL, 2, 5, 2, NULL, NULL, 'app_theme_default', NULL, 2, 'offshore'),
(111, '2018-03-14 22:39:27', '2018-03-14 22:39:27', 'Rakesh Dara', 'rdara@goitglobal.taskcontrol.co', '$2y$10$RVO2cnb5qk57Mff6jIMmVuLLvWV6TGOQDFdkP0o87j0YAFAAQW8aK', 'WhitField Rock Block # 35', '+91 884 4223 8890', '+91 884 4223 8890', '+91 884 4223 8890', 8, NULL, NULL, 2, 5, 2, NULL, NULL, 'app_theme_default', NULL, 2, 'offshore'),
(112, '2018-03-14 22:39:28', '2018-03-14 22:39:28', 'Rakesh Dara', 'rdara@goitglobal.taskcontrol.co', '$2y$10$AjCla1xOIINHPYU/dIC1u./kDtHBqflvzEvzr8v7zdkE8CY/wFmTG', 'WhitField Rock Block # 35', '+91 884 4223 8890', '+91 884 4223 8890', '+91 884 4223 8890', 8, NULL, NULL, 2, 5, 2, NULL, NULL, 'app_theme_default', NULL, 2, 'offshore'),
(113, '2018-03-14 22:39:28', '2018-03-14 22:39:28', 'Rakesh Dara', 'rdara@goitglobal.taskcontrol.co', '$2y$10$c94jGKnGUSt1TBIaWnXTr.jR1fuotRLI/NkSp1rSbel4C.XIOa.T.', 'WhitField Rock Block # 35', '+91 884 4223 8890', '+91 884 4223 8890', '+91 884 4223 8890', 8, NULL, NULL, 2, 5, 2, NULL, NULL, 'app_theme_default', NULL, 2, 'offshore'),
(114, '2018-03-14 22:39:28', '2018-03-14 22:39:28', 'Rakesh Dara', 'rdara@goitglobal.taskcontrol.co', '$2y$10$9s4LMVadRFLILyP.DNUyMu4BH/YWeHaSI1ixbXGH.tD.jO9PE3ZjW', 'WhitField Rock Block # 35', '+91 884 4223 8890', '+91 884 4223 8890', '+91 884 4223 8890', 8, NULL, NULL, 2, 5, 2, NULL, NULL, 'app_theme_default', NULL, 2, 'offshore'),
(115, '2018-03-14 22:39:29', '2018-03-14 22:39:29', 'Rakesh Dara', 'rdara@goitglobal.taskcontrol.co', '$2y$10$fpg/Aam/rgcOliLE.uL.O.u7ASsP6vMAqcjxI56TFPnyluVcO8mTu', 'WhitField Rock Block # 35', '+91 884 4223 8890', '+91 884 4223 8890', '+91 884 4223 8890', 8, NULL, NULL, 2, 5, 2, NULL, NULL, 'app_theme_default', NULL, 2, 'offshore'),
(116, '2018-03-14 22:39:29', '2018-03-14 22:39:29', 'Rakesh Dara', 'rdara@goitglobal.taskcontrol.co', '$2y$10$73N4.o9u85Xob4JS9bGbSOVdRppWeer8Zcd79oj.fRv4Gtx3Gir8q', 'WhitField Rock Block # 35', '+91 884 4223 8890', '+91 884 4223 8890', '+91 884 4223 8890', 8, NULL, NULL, 2, 5, 2, NULL, NULL, 'app_theme_default', NULL, 2, 'offshore'),
(117, '2018-03-14 22:39:30', '2018-03-14 22:39:30', 'Rakesh Dara', 'rdara@goitglobal.taskcontrol.co', '$2y$10$GVYzQb9mo39ZBSRPpnTxUOjNB268y5Vz9y6kkPqW2bCL3bwUBMnx2', 'WhitField Rock Block # 35', '+91 884 4223 8890', '+91 884 4223 8890', '+91 884 4223 8890', 8, NULL, NULL, 2, 5, 2, NULL, NULL, 'app_theme_default', NULL, 2, 'offshore'),
(118, '2018-03-14 22:39:30', '2018-03-14 22:39:30', 'Rakesh Dara', 'rdara@goitglobal.taskcontrol.co', '$2y$10$s.GgO8qRUXMHBrvMbs.d3OhKQLIQ.qhwWOO6Yw9a.7XuH0KQUKU6C', 'WhitField Rock Block # 35', '+91 884 4223 8890', '+91 884 4223 8890', '+91 884 4223 8890', 8, NULL, NULL, 2, 5, 2, NULL, NULL, 'app_theme_default', NULL, 2, 'offshore'),
(119, '2018-03-14 22:39:30', '2018-03-14 22:39:30', 'Rakesh Dara', 'rdara@goitglobal.taskcontrol.co', '$2y$10$A8iitG/O8MjhsFnEl8I.Z.m1LwGbq0tyIJZRQC8yLaBFuTuxPa.DW', 'WhitField Rock Block # 35', '+91 884 4223 8890', '+91 884 4223 8890', '+91 884 4223 8890', 8, NULL, NULL, 2, 5, 2, NULL, NULL, 'app_theme_default', NULL, 2, 'offshore'),
(120, '2018-03-14 22:39:32', '2018-03-14 22:39:32', 'Rakesh Dara', 'rdara@goitglobal.taskcontrol.co', '$2y$10$.dXA7NoYGTFOQA9vZrKhWeClUwDyvnqdVSRHmsVYL93xPba7O4mCe', 'WhitField Rock Block # 35', '+91 884 4223 8890', '+91 884 4223 8890', '+91 884 4223 8890', 8, NULL, NULL, 2, 5, 2, NULL, NULL, 'app_theme_default', NULL, 2, 'offshore'),
(121, '2018-03-14 22:39:32', '2018-03-14 22:39:32', 'Rakesh Dara', 'rdara@goitglobal.taskcontrol.co', '$2y$10$YHSeVJ9qpG7mSxGSKKmE3eFVIbOMXSELMtO2FRdHNfDU7nWCXMMcW', 'WhitField Rock Block # 35', '+91 884 4223 8890', '+91 884 4223 8890', '+91 884 4223 8890', 8, NULL, NULL, 2, 5, 2, NULL, NULL, 'app_theme_default', NULL, 2, 'offshore'),
(122, '2018-03-14 22:39:32', '2018-03-14 22:39:32', 'Rakesh Dara', 'rdara@goitglobal.taskcontrol.co', '$2y$10$MiW6VtFFPXlOT0HWfTKvQeCpVju7fjsr1b4IcLNkkrnsJ42rpgy5G', 'WhitField Rock Block # 35', '+91 884 4223 8890', '+91 884 4223 8890', '+91 884 4223 8890', 8, NULL, NULL, 2, 5, 2, NULL, NULL, 'app_theme_default', NULL, 2, 'offshore'),
(123, '2018-03-14 22:39:32', '2018-03-14 22:39:32', 'Rakesh Dara', 'rdara@goitglobal.taskcontrol.co', '$2y$10$2QNiPqYqg20F5aZT0oiq5uesHfeBQy7DYAw9.N6XVvAREDnP2sLlG', 'WhitField Rock Block # 35', '+91 884 4223 8890', '+91 884 4223 8890', '+91 884 4223 8890', 8, NULL, NULL, 2, 5, 2, NULL, NULL, 'app_theme_default', NULL, 2, 'offshore'),
(124, '2018-03-14 22:39:32', '2018-03-14 22:39:32', 'Rakesh Dara', 'rdara@goitglobal.taskcontrol.co', '$2y$10$RYMHWYZuGCzEb.4tVRf0xuXpD0PEiBBn.BwbhXc8ucgmoQgKNUXcW', 'WhitField Rock Block # 35', '+91 884 4223 8890', '+91 884 4223 8890', '+91 884 4223 8890', 8, NULL, NULL, 2, 5, 2, NULL, NULL, 'app_theme_default', NULL, 2, 'offshore'),
(125, '2018-03-14 22:39:32', '2018-03-14 22:39:32', 'Rakesh Dara', 'rdara@goitglobal.taskcontrol.co', '$2y$10$Rrx2a2KuzvvTCb.v8m4LyeN9bIvap0e.ERiS60BMxd1XNRZQn0LhC', 'WhitField Rock Block # 35', '+91 884 4223 8890', '+91 884 4223 8890', '+91 884 4223 8890', 8, NULL, NULL, 2, 5, 2, NULL, NULL, 'app_theme_default', NULL, 2, 'offshore'),
(126, '2018-03-14 22:39:33', '2018-03-14 22:39:33', 'Rakesh Dara', 'rdara@goitglobal.taskcontrol.co', '$2y$10$bQMueZnTShgYBtPsXLmCuel716TAhTqt0MYv.bAO3y7ikhArPZzXa', 'WhitField Rock Block # 35', '+91 884 4223 8890', '+91 884 4223 8890', '+91 884 4223 8890', 8, NULL, NULL, 2, 5, 2, NULL, NULL, 'app_theme_default', NULL, 2, 'offshore'),
(127, '2018-03-14 22:39:33', '2018-03-14 22:39:33', 'Rakesh Dara', 'rdara@goitglobal.taskcontrol.co', '$2y$10$eftVUfzqcDzaodCjZ33NLutjZCT.trcEEMakGeuAr9r85kYeSVWrq', 'WhitField Rock Block # 35', '+91 884 4223 8890', '+91 884 4223 8890', '+91 884 4223 8890', 8, NULL, NULL, 2, 5, 2, NULL, NULL, 'app_theme_default', NULL, 2, 'offshore'),
(128, '2018-03-14 22:39:34', '2018-03-14 22:39:34', 'Rakesh Dara', 'rdara@goitglobal.taskcontrol.co', '$2y$10$I//RR.J6CDyMbfVsg/fMa.Flo8BDyky5B9Egs3.urw.LBXSIobdOa', 'WhitField Rock Block # 35', '+91 884 4223 8890', '+91 884 4223 8890', '+91 884 4223 8890', 8, NULL, NULL, 2, 5, 2, NULL, NULL, 'app_theme_default', NULL, 2, 'offshore'),
(129, '2018-03-14 22:39:34', '2018-03-14 22:39:34', 'Rakesh Dara', 'rdara@goitglobal.taskcontrol.co', '$2y$10$wbn/tZPBZeHGHYxEvOqcd.eptmzR2x0fA/E7FWN34zc9NSfjyeFj6', 'WhitField Rock Block # 35', '+91 884 4223 8890', '+91 884 4223 8890', '+91 884 4223 8890', 8, NULL, NULL, 2, 5, 2, NULL, NULL, 'app_theme_default', NULL, 2, 'offshore'),
(130, '2018-03-14 22:39:34', '2018-03-14 22:39:34', 'Rakesh Dara', 'rdara@goitglobal.taskcontrol.co', '$2y$10$AaH4zYoFRfX45RDV2L8IS.v4rFjXILOC3iiBZhmhOFNQRDOUtGjXm', 'WhitField Rock Block # 35', '+91 884 4223 8890', '+91 884 4223 8890', '+91 884 4223 8890', 8, NULL, NULL, 2, 5, 2, NULL, NULL, 'app_theme_default', NULL, 2, 'offshore'),
(131, '2018-03-14 22:39:34', '2018-03-14 22:39:34', 'Rakesh Dara', 'rdara@goitglobal.taskcontrol.co', '$2y$10$thhCTT/NTc1kPTsbvRkyG.vS9RiuQY4hxSt5EHQxk01mcE4v0Cnx.', 'WhitField Rock Block # 35', '+91 884 4223 8890', '+91 884 4223 8890', '+91 884 4223 8890', 8, NULL, NULL, 2, 5, 2, NULL, NULL, 'app_theme_default', NULL, 2, 'offshore'),
(132, '2018-03-14 22:39:34', '2018-03-14 22:39:34', 'Rakesh Dara', 'rdara@goitglobal.taskcontrol.co', '$2y$10$hRVfYy63OAZtFwNNubpsHeZi4NU04UEz5Q35lkWvpcjMlzQRV.Npu', 'WhitField Rock Block # 35', '+91 884 4223 8890', '+91 884 4223 8890', '+91 884 4223 8890', 8, NULL, NULL, 2, 5, 2, NULL, NULL, 'app_theme_default', NULL, 2, 'offshore'),
(133, '2018-03-14 22:39:35', '2018-03-14 22:39:35', 'Rakesh Dara', 'rdara@goitglobal.taskcontrol.co', '$2y$10$ESp3B9aBKGGhsbul3Ge2o.soft3Frur0Wv.JnvU4grhDhkLYLwra6', 'WhitField Rock Block # 35', '+91 884 4223 8890', '+91 884 4223 8890', '+91 884 4223 8890', 8, NULL, NULL, 2, 5, 2, NULL, NULL, 'app_theme_default', NULL, 2, 'offshore'),
(134, '2018-03-14 22:39:35', '2018-03-14 22:39:35', 'Rakesh Dara', 'rdara@goitglobal.taskcontrol.co', '$2y$10$Jqk49uePChfomjED9GnZnORIcvJDSxcgp18QQXyblMo52qdJqe5AG', 'WhitField Rock Block # 35', '+91 884 4223 8890', '+91 884 4223 8890', '+91 884 4223 8890', 8, NULL, NULL, 2, 5, 2, NULL, NULL, 'app_theme_default', NULL, 2, 'offshore'),
(135, '2018-03-14 22:39:35', '2018-03-14 22:39:35', 'Rakesh Dara', 'rdara@goitglobal.taskcontrol.co', '$2y$10$L0GmZw40fl9yDKVD4EXfEuNPIGOMlmP4mDNfq8IHQaOc8Q5vI7kmm', 'WhitField Rock Block # 35', '+91 884 4223 8890', '+91 884 4223 8890', '+91 884 4223 8890', 8, NULL, NULL, 2, 5, 2, NULL, NULL, 'app_theme_default', NULL, 2, 'offshore'),
(136, '2018-03-14 22:39:35', '2018-03-14 22:39:35', 'Rakesh Dara', 'rdara@goitglobal.taskcontrol.co', '$2y$10$Rk0wRwutBdw/7QB/O4ZiLeS66Ld0J6y70eXu8tLCw/ToKonswBmsu', 'WhitField Rock Block # 35', '+91 884 4223 8890', '+91 884 4223 8890', '+91 884 4223 8890', 8, NULL, NULL, 2, 5, 2, NULL, NULL, 'app_theme_default', NULL, 2, 'offshore'),
(137, '2018-03-14 22:39:35', '2018-03-14 22:39:35', 'Rakesh Dara', 'rdara@goitglobal.taskcontrol.co', '$2y$10$iG0x8h0sX1G8BA/vlYhgmO4YTuRq8m3iAaxBM8Sz11jkFrKeeGaIC', 'WhitField Rock Block # 35', '+91 884 4223 8890', '+91 884 4223 8890', '+91 884 4223 8890', 8, NULL, NULL, 2, 5, 2, NULL, NULL, 'app_theme_default', NULL, 2, 'offshore'),
(138, '2018-03-14 22:39:35', '2018-03-14 22:39:35', 'Rakesh Dara', 'rdara@goitglobal.taskcontrol.co', '$2y$10$lUOA2K1GpbBv2oZiMVOiiexCq6hyLUx/nNlyEnynoT1wIyX03awOq', 'WhitField Rock Block # 35', '+91 884 4223 8890', '+91 884 4223 8890', '+91 884 4223 8890', 8, NULL, NULL, 2, 5, 2, NULL, NULL, 'app_theme_default', NULL, 2, 'offshore'),
(139, '2018-03-14 22:39:36', '2018-03-14 22:39:36', 'Rakesh Dara', 'rdara@goitglobal.taskcontrol.co', '$2y$10$Q7nJ8Dq4e7836Y5.V.g2hufTUj/PfqYd.0uB2KUVM6jpgKc1GykyS', 'WhitField Rock Block # 35', '+91 884 4223 8890', '+91 884 4223 8890', '+91 884 4223 8890', 8, NULL, NULL, 2, 5, 2, NULL, NULL, 'app_theme_default', NULL, 2, 'offshore'),
(140, '2018-03-14 22:39:36', '2018-03-14 22:39:36', 'Rakesh Dara', 'rdara@goitglobal.taskcontrol.co', '$2y$10$8hMJ9WrT.dPY9BA3cYVio.LOhFAj44bzOUozOw.Qr0LvZIID5q/VK', 'WhitField Rock Block # 35', '+91 884 4223 8890', '+91 884 4223 8890', '+91 884 4223 8890', 8, NULL, NULL, 2, 5, 2, NULL, NULL, 'app_theme_default', NULL, 2, 'offshore'),
(141, '2018-03-14 22:39:36', '2018-03-14 22:39:36', 'Rakesh Dara', 'rdara@goitglobal.taskcontrol.co', '$2y$10$Ut2irxo4qomzEBc6kbgC3OZ8KUTgKGHSWERYS.r.MynWBjMQ62H8a', 'WhitField Rock Block # 35', '+91 884 4223 8890', '+91 884 4223 8890', '+91 884 4223 8890', 8, NULL, NULL, 2, 5, 2, NULL, NULL, 'app_theme_default', NULL, 2, 'offshore'),
(142, '2018-03-14 22:39:37', '2018-03-14 22:39:37', 'Rakesh Dara', 'rdara@goitglobal.taskcontrol.co', '$2y$10$qJmhzNadTwHZJ4wlMQubjOQioP5H5kgf0Fq.7cFbscjTq1rs25mF2', 'WhitField Rock Block # 35', '+91 884 4223 8890', '+91 884 4223 8890', '+91 884 4223 8890', 8, NULL, NULL, 2, 5, 2, NULL, NULL, 'app_theme_default', NULL, 2, 'offshore'),
(143, '2018-03-14 22:39:37', '2018-03-14 22:39:37', 'Rakesh Dara', 'rdara@goitglobal.taskcontrol.co', '$2y$10$w0R.z1MHOUtM1UJEMzG0COVkhYxybJS3njD06uone289KYs5N5O9O', 'WhitField Rock Block # 35', '+91 884 4223 8890', '+91 884 4223 8890', '+91 884 4223 8890', 8, NULL, NULL, 2, 5, 2, NULL, NULL, 'app_theme_default', NULL, 2, 'offshore'),
(144, '2018-03-14 22:39:37', '2018-03-14 22:39:37', 'Rakesh Dara', 'rdara@goitglobal.taskcontrol.co', '$2y$10$ZwXt1gmINOEcRzUe7apvYuw2xWYJ1Zn57ILTQESSeUxvQCuHFsnOm', 'WhitField Rock Block # 35', '+91 884 4223 8890', '+91 884 4223 8890', '+91 884 4223 8890', 8, NULL, NULL, 2, 5, 2, NULL, NULL, 'app_theme_default', NULL, 2, 'offshore'),
(145, '2018-03-14 22:39:38', '2018-03-14 22:39:38', 'Rakesh Dara', 'rdara@goitglobal.taskcontrol.co', '$2y$10$R0wvt9J.EFTsC.KSCOR7auyl4JCLvLqVL5RlOKMyyS/4xENVpZWNy', 'WhitField Rock Block # 35', '+91 884 4223 8890', '+91 884 4223 8890', '+91 884 4223 8890', 8, NULL, NULL, 2, 5, 2, NULL, NULL, 'app_theme_default', NULL, 2, 'offshore'),
(146, '2018-03-14 22:39:38', '2018-03-14 22:39:38', 'Rakesh Dara', 'rdara@goitglobal.taskcontrol.co', '$2y$10$vZsLevWMKu9U.wfjdJjphuRgHObCviNeY.bjdnNrS9oKi1C1w66LS', 'WhitField Rock Block # 35', '+91 884 4223 8890', '+91 884 4223 8890', '+91 884 4223 8890', 8, NULL, NULL, 2, 5, 2, NULL, NULL, 'app_theme_default', NULL, 2, 'offshore'),
(147, '2018-03-14 22:39:38', '2018-03-14 22:39:38', 'Rakesh Dara', 'rdara@goitglobal.taskcontrol.co', '$2y$10$ajvgzyhPZlIKmCwdAdOWUuKjrqGedXfxRLV.u1ZHiJBIfhkBlC8de', 'WhitField Rock Block # 35', '+91 884 4223 8890', '+91 884 4223 8890', '+91 884 4223 8890', 8, NULL, NULL, 2, 5, 2, NULL, NULL, 'app_theme_default', NULL, 2, 'offshore'),
(148, '2018-03-14 22:39:38', '2018-03-14 22:39:38', 'Rakesh Dara', 'rdara@goitglobal.taskcontrol.co', '$2y$10$CRW/WJ0a/Ge2tTAjyA2MRObrCpvG5pi5QdT39VV3x6LQMxkRG8vJe', 'WhitField Rock Block # 35', '+91 884 4223 8890', '+91 884 4223 8890', '+91 884 4223 8890', 8, NULL, NULL, 2, 5, 2, NULL, NULL, 'app_theme_default', NULL, 2, 'offshore');
INSERT INTO `users` (`id`, `created_at`, `updated_at`, `name`, `email`, `password`, `address`, `office_phone`, `home_phone`, `cell_phone`, `city_id`, `company_role_id`, `project_role_id`, `seniority_id`, `office_id`, `workgroup_id`, `profile_image_path`, `sidebar`, `theme`, `remember_token`, `user_id`, `workplace`) VALUES
(149, '2018-03-14 22:39:38', '2018-03-14 22:39:38', 'Rakesh Dara', 'rdara@goitglobal.taskcontrol.co', '$2y$10$DLAbPzP.S5dYXyYfF0qFyev/HKKVBCjQGH6XwLpX3rF8CYJhvOwWO', 'WhitField Rock Block # 35', '+91 884 4223 8890', '+91 884 4223 8890', '+91 884 4223 8890', 8, NULL, NULL, 2, 5, 2, NULL, NULL, 'app_theme_default', NULL, 2, 'offshore'),
(150, '2018-03-14 22:39:39', '2018-03-14 22:39:39', 'Rakesh Dara', 'rdara@goitglobal.taskcontrol.co', '$2y$10$7YOb/Jom3Pfj.luihrdUTuFv.KF/a9uPdD/ZAfp7hNeXJy.Kw07.m', 'WhitField Rock Block # 35', '+91 884 4223 8890', '+91 884 4223 8890', '+91 884 4223 8890', 8, NULL, NULL, 2, 5, 2, NULL, NULL, 'app_theme_default', NULL, 2, 'offshore'),
(151, '2018-03-14 22:39:39', '2018-03-14 22:39:39', 'Rakesh Dara', 'rdara@goitglobal.taskcontrol.co', '$2y$10$Tj8eN6.sPmuHlNoi.IIfceqkyOYB3gujEPoH/M2aR3InMTpXogrqK', 'WhitField Rock Block # 35', '+91 884 4223 8890', '+91 884 4223 8890', '+91 884 4223 8890', 8, NULL, NULL, 2, 5, 2, NULL, NULL, 'app_theme_default', NULL, 2, 'offshore'),
(152, '2018-03-14 22:39:39', '2018-03-14 22:39:39', 'Rakesh Dara', 'rdara@goitglobal.taskcontrol.co', '$2y$10$Gsk1mg/nRj0HkpGbmbgRWOQezB5KAkiuzrAwii.dtzfbY/jz/K5re', 'WhitField Rock Block # 35', '+91 884 4223 8890', '+91 884 4223 8890', '+91 884 4223 8890', 8, NULL, NULL, 2, 5, 2, NULL, NULL, 'app_theme_default', NULL, 2, 'offshore'),
(153, '2018-03-14 22:39:39', '2018-03-14 22:39:39', 'Rakesh Dara', 'rdara@goitglobal.taskcontrol.co', '$2y$10$.avPHPAYWbofqIpZQjODKOKRX9rKHa6YTTv16GSIxaNW/vFgKsQFK', 'WhitField Rock Block # 35', '+91 884 4223 8890', '+91 884 4223 8890', '+91 884 4223 8890', 8, NULL, NULL, 2, 5, 2, NULL, NULL, 'app_theme_default', NULL, 2, 'offshore'),
(154, '2018-03-14 22:39:39', '2018-03-14 22:39:39', 'Rakesh Dara', 'rdara@goitglobal.taskcontrol.co', '$2y$10$uvwCWPsgfMaLUWrZ8VIcMuwsFESpt15KUoPu492c1E.y/eqtU2UV2', 'WhitField Rock Block # 35', '+91 884 4223 8890', '+91 884 4223 8890', '+91 884 4223 8890', 8, NULL, NULL, 2, 5, 2, NULL, NULL, 'app_theme_default', NULL, 2, 'offshore'),
(155, '2018-03-14 22:39:39', '2018-03-14 22:39:39', 'Rakesh Dara', 'rdara@goitglobal.taskcontrol.co', '$2y$10$uNI2bbSZQ/Q9YbBqzG23eOiiEdOILh6htHMpjTSOp2AejFTj4tau.', 'WhitField Rock Block # 35', '+91 884 4223 8890', '+91 884 4223 8890', '+91 884 4223 8890', 8, NULL, NULL, 2, 5, 2, NULL, NULL, 'app_theme_default', NULL, 2, 'offshore'),
(156, '2018-03-14 22:39:40', '2018-03-14 22:39:40', 'Rakesh Dara', 'rdara@goitglobal.taskcontrol.co', '$2y$10$03yEVrnoTKuvz6k3waH3M.KUKlL5ZbDWcLgn9IOGUXo8RRHUm66ai', 'WhitField Rock Block # 35', '+91 884 4223 8890', '+91 884 4223 8890', '+91 884 4223 8890', 8, NULL, NULL, 2, 5, 2, NULL, NULL, 'app_theme_default', NULL, 2, 'offshore'),
(157, '2018-03-14 22:39:40', '2018-03-14 22:39:40', 'Rakesh Dara', 'rdara@goitglobal.taskcontrol.co', '$2y$10$uFaqEkZAjKqGWaNRJDN.gur86BZXnWK3QU093zndpJNca2VwzX9Mi', 'WhitField Rock Block # 35', '+91 884 4223 8890', '+91 884 4223 8890', '+91 884 4223 8890', 8, NULL, NULL, 2, 5, 2, NULL, NULL, 'app_theme_default', NULL, 2, 'offshore'),
(158, '2018-03-14 22:39:40', '2018-03-14 22:39:40', 'Rakesh Dara', 'rdara@goitglobal.taskcontrol.co', '$2y$10$2bnORhaUi8XAAX8cfduvAukbwlAH353s/vFE6avxwa46mYxbkAKaq', 'WhitField Rock Block # 35', '+91 884 4223 8890', '+91 884 4223 8890', '+91 884 4223 8890', 8, NULL, NULL, 2, 5, 2, NULL, NULL, 'app_theme_default', NULL, 2, 'offshore'),
(159, '2018-03-14 22:39:40', '2018-03-14 22:39:40', 'Rakesh Dara', 'rdara@goitglobal.taskcontrol.co', '$2y$10$xwMunZBKictT/4vDP0oLBOrvuCOmIXd3HKMq6n3kvGATrR0Beqd3C', 'WhitField Rock Block # 35', '+91 884 4223 8890', '+91 884 4223 8890', '+91 884 4223 8890', 8, NULL, NULL, 2, 5, 2, NULL, NULL, 'app_theme_default', NULL, 2, 'offshore'),
(160, '2018-03-14 22:39:41', '2018-03-14 22:39:41', 'Rakesh Dara', 'rdara@goitglobal.taskcontrol.co', '$2y$10$j.CRVNwf/2/8JQIjHrhZ1.6cg7NJl/VdBtZfKBMWHPh6gKj9L5gy2', 'WhitField Rock Block # 35', '+91 884 4223 8890', '+91 884 4223 8890', '+91 884 4223 8890', 8, NULL, NULL, 2, 5, 2, NULL, NULL, 'app_theme_default', NULL, 2, 'offshore'),
(161, '2018-03-14 22:39:41', '2018-03-14 22:39:41', 'Rakesh Dara', 'rdara@goitglobal.taskcontrol.co', '$2y$10$hj4YJNW.BwwADuIY9p44LuI8R7taRFx1XQz.Zqtiz1468tCZ5n4be', 'WhitField Rock Block # 35', '+91 884 4223 8890', '+91 884 4223 8890', '+91 884 4223 8890', 8, NULL, NULL, 2, 5, 2, NULL, NULL, 'app_theme_default', NULL, 2, 'offshore'),
(162, '2018-03-14 22:39:41', '2018-03-14 22:39:41', 'Rakesh Dara', 'rdara@goitglobal.taskcontrol.co', '$2y$10$eRPT2deBrzWv8FqY.LG4leBl7zui1dmsgax.DFVmLTRxuSdEUO2JK', 'WhitField Rock Block # 35', '+91 884 4223 8890', '+91 884 4223 8890', '+91 884 4223 8890', 8, NULL, NULL, 2, 5, 2, NULL, NULL, 'app_theme_default', NULL, 2, 'offshore'),
(163, '2018-03-14 22:39:41', '2018-03-14 22:39:41', 'Rakesh Dara', 'rdara@goitglobal.taskcontrol.co', '$2y$10$svlfrP78r.Sgmtu8qpCYOOzzMO1ha8YY58mUc0Psuqgy3htPKRq8.', 'WhitField Rock Block # 35', '+91 884 4223 8890', '+91 884 4223 8890', '+91 884 4223 8890', 8, NULL, NULL, 2, 5, 2, NULL, NULL, 'app_theme_default', NULL, 2, 'offshore'),
(164, '2018-03-14 22:39:42', '2018-03-14 22:39:42', 'Rakesh Dara', 'rdara@goitglobal.taskcontrol.co', '$2y$10$YL7WeMWZ97E0f6g6stq3nOrrJqOhOSHFyljQb1e26yzLi8py3P9xi', 'WhitField Rock Block # 35', '+91 884 4223 8890', '+91 884 4223 8890', '+91 884 4223 8890', 8, NULL, NULL, 2, 5, 2, NULL, NULL, 'app_theme_default', NULL, 2, 'offshore'),
(165, '2018-03-14 22:39:42', '2018-03-14 22:39:42', 'Rakesh Dara', 'rdara@goitglobal.taskcontrol.co', '$2y$10$eDphoR0ZeLqSW26ELWrbvOTkEqzSjt7GG6pcGzhrXHBTAG8rvtW3G', 'WhitField Rock Block # 35', '+91 884 4223 8890', '+91 884 4223 8890', '+91 884 4223 8890', 8, NULL, NULL, 2, 5, 2, NULL, NULL, 'app_theme_default', NULL, 2, 'offshore'),
(166, '2018-03-14 22:39:42', '2018-03-14 22:39:42', 'Rakesh Dara', 'rdara@goitglobal.taskcontrol.co', '$2y$10$HDmjydkSuEKEDevPq5sTXe2qUdBJ/t9L7E8W/IW6KLQDwCNqAIQIy', 'WhitField Rock Block # 35', '+91 884 4223 8890', '+91 884 4223 8890', '+91 884 4223 8890', 8, NULL, NULL, 2, 5, 2, NULL, NULL, 'app_theme_default', NULL, 2, 'offshore'),
(167, '2018-03-14 22:39:43', '2018-03-14 22:39:43', 'Rakesh Dara', 'rdara@goitglobal.taskcontrol.co', '$2y$10$7GJkTT5X3dyhWIJ9.94m9OPA05DVLOMPs/xEq.f1bEt/8e8S4scZO', 'WhitField Rock Block # 35', '+91 884 4223 8890', '+91 884 4223 8890', '+91 884 4223 8890', 8, NULL, NULL, 2, 5, 2, NULL, NULL, 'app_theme_default', NULL, 2, 'offshore'),
(168, '2018-03-14 22:39:43', '2018-03-14 22:39:43', 'Rakesh Dara', 'rdara@goitglobal.taskcontrol.co', '$2y$10$h5FOsNVLcECNMDtKGfTU2.gG2cZ43nKhS/qFTfIh1sP5i2Hrufhqa', 'WhitField Rock Block # 35', '+91 884 4223 8890', '+91 884 4223 8890', '+91 884 4223 8890', 8, NULL, NULL, 2, 5, 2, NULL, NULL, 'app_theme_default', NULL, 2, 'offshore'),
(169, '2018-03-14 22:39:43', '2018-03-14 22:39:43', 'Rakesh Dara', 'rdara@goitglobal.taskcontrol.co', '$2y$10$pJlINDZbYK6uXGxu75.i8.b3Q62yp3sLmXkVVHNratxvwZhehic06', 'WhitField Rock Block # 35', '+91 884 4223 8890', '+91 884 4223 8890', '+91 884 4223 8890', 8, NULL, NULL, 2, 5, 2, NULL, NULL, 'app_theme_default', NULL, 2, 'offshore'),
(170, '2018-03-14 22:39:44', '2018-03-14 22:39:44', 'Rakesh Dara', 'rdara@goitglobal.taskcontrol.co', '$2y$10$7VUF2PiH.bnCsRk01wawe.NU8tmysstOCcau06BxDaGN6iUsalzSO', 'WhitField Rock Block # 35', '+91 884 4223 8890', '+91 884 4223 8890', '+91 884 4223 8890', 8, NULL, NULL, 2, 5, 2, NULL, NULL, 'app_theme_default', NULL, 2, 'offshore'),
(171, '2018-03-14 22:39:44', '2018-03-14 22:39:44', 'Rakesh Dara', 'rdara@goitglobal.taskcontrol.co', '$2y$10$tu9XOIen75Uh1PNCQJ2qxOxuJg04w8grG/Lw24svp2u/0P3wWmkzC', 'WhitField Rock Block # 35', '+91 884 4223 8890', '+91 884 4223 8890', '+91 884 4223 8890', 8, NULL, NULL, 2, 5, 2, NULL, NULL, 'app_theme_default', NULL, 2, 'offshore'),
(172, '2018-03-14 22:39:44', '2018-03-14 22:39:44', 'Rakesh Dara', 'rdara@goitglobal.taskcontrol.co', '$2y$10$el3e64aSF16fdyXZ01ewoeumVaqPtFGN6Ks.WxKXP1XIOm8K0M1p.', 'WhitField Rock Block # 35', '+91 884 4223 8890', '+91 884 4223 8890', '+91 884 4223 8890', 8, NULL, NULL, 2, 5, 2, NULL, NULL, 'app_theme_default', NULL, 2, 'offshore'),
(173, '2018-03-14 22:39:44', '2018-03-14 22:39:44', 'Rakesh Dara', 'rdara@goitglobal.taskcontrol.co', '$2y$10$OPbholtidG2zkg94JqbTguStNHdOpVzmbNQ5WYcV0ifHQkzEr6n1q', 'WhitField Rock Block # 35', '+91 884 4223 8890', '+91 884 4223 8890', '+91 884 4223 8890', 8, NULL, NULL, 2, 5, 2, NULL, NULL, 'app_theme_default', NULL, 2, 'offshore'),
(174, '2018-03-14 22:39:44', '2018-03-14 22:39:44', 'Rakesh Dara', 'rdara@goitglobal.taskcontrol.co', '$2y$10$v4ZxmaSq9hvDlhu4TfgcCeSaRaMx4ncnPybBHSLpLdUAdvoKBLxwi', 'WhitField Rock Block # 35', '+91 884 4223 8890', '+91 884 4223 8890', '+91 884 4223 8890', 8, NULL, NULL, 2, 5, 2, NULL, NULL, 'app_theme_default', NULL, 2, 'offshore'),
(175, '2018-03-14 22:39:45', '2018-03-14 22:39:45', 'Rakesh Dara', 'rdara@goitglobal.taskcontrol.co', '$2y$10$LDRfa9GaqHtdnxPPOtoQleBLESwy1XnvCZJpUUGt/97b1wQzyztoS', 'WhitField Rock Block # 35', '+91 884 4223 8890', '+91 884 4223 8890', '+91 884 4223 8890', 8, NULL, NULL, 2, 5, 2, NULL, NULL, 'app_theme_default', NULL, 2, 'offshore'),
(176, '2018-03-14 22:39:45', '2018-03-14 22:39:45', 'Rakesh Dara', 'rdara@goitglobal.taskcontrol.co', '$2y$10$ZVrf2JsH6lF7sIBSn3IMPOpDJNyF2VYVXE8MUcmMQ5GTkHoNCDNfW', 'WhitField Rock Block # 35', '+91 884 4223 8890', '+91 884 4223 8890', '+91 884 4223 8890', 8, NULL, NULL, 2, 5, 2, NULL, NULL, 'app_theme_default', NULL, 2, 'offshore'),
(177, '2018-03-14 22:39:46', '2018-03-14 22:39:46', 'Rakesh Dara', 'rdara@goitglobal.taskcontrol.co', '$2y$10$CI3cmvq1npvflUhysoUVhOY6.2i/PIiu1LaqjN.m2cOBOYSn/O3OO', 'WhitField Rock Block # 35', '+91 884 4223 8890', '+91 884 4223 8890', '+91 884 4223 8890', 8, NULL, NULL, 2, 5, 2, NULL, NULL, 'app_theme_default', NULL, 2, 'offshore'),
(178, '2018-03-14 22:39:46', '2018-03-14 22:39:46', 'Rakesh Dara', 'rdara@goitglobal.taskcontrol.co', '$2y$10$3f858XO0bGk.ysdJojpeoOvIRIh9fv1qkToc6lu4PtDVpYTPSZuoa', 'WhitField Rock Block # 35', '+91 884 4223 8890', '+91 884 4223 8890', '+91 884 4223 8890', 8, NULL, NULL, 2, 5, 2, NULL, NULL, 'app_theme_default', NULL, 2, 'offshore'),
(179, '2018-03-14 22:39:46', '2018-03-14 22:39:46', 'Rakesh Dara', 'rdara@goitglobal.taskcontrol.co', '$2y$10$K351Yb6uOsftTa2YOQA0ZOoEin11g0K6rkO3ypPF2fPOyPqMRe0Ia', 'WhitField Rock Block # 35', '+91 884 4223 8890', '+91 884 4223 8890', '+91 884 4223 8890', 8, NULL, NULL, 2, 5, 2, NULL, NULL, 'app_theme_default', NULL, 2, 'offshore'),
(180, '2018-03-14 22:39:46', '2018-03-14 22:39:46', 'Rakesh Dara', 'rdara@goitglobal.taskcontrol.co', '$2y$10$2GmGGwrQ65foASPU1z5dgu7kzugTVTG2qlv9f1t3NTA6nAnWLTU2m', 'WhitField Rock Block # 35', '+91 884 4223 8890', '+91 884 4223 8890', '+91 884 4223 8890', 8, NULL, NULL, 2, 5, 2, NULL, NULL, 'app_theme_default', NULL, 2, 'offshore'),
(181, '2018-03-14 22:39:46', '2018-03-14 22:39:46', 'Rakesh Dara', 'rdara@goitglobal.taskcontrol.co', '$2y$10$pdoMifGq8j1yAu2sSuFfmOUXV7Qm1LIoD9NmD4J/PZp.VIvd/y.4y', 'WhitField Rock Block # 35', '+91 884 4223 8890', '+91 884 4223 8890', '+91 884 4223 8890', 8, NULL, NULL, 2, 5, 2, NULL, NULL, 'app_theme_default', NULL, 2, 'offshore'),
(182, '2018-03-14 22:39:46', '2018-03-14 22:39:46', 'Rakesh Dara', 'rdara@goitglobal.taskcontrol.co', '$2y$10$0PHMh./nOAdD4iDLpHpl0ulH74iZuXxkqO40g56j95fStgkiTULQO', 'WhitField Rock Block # 35', '+91 884 4223 8890', '+91 884 4223 8890', '+91 884 4223 8890', 8, NULL, NULL, 2, 5, 2, NULL, NULL, 'app_theme_default', NULL, 2, 'offshore'),
(183, '2018-03-14 22:39:47', '2018-03-14 22:39:47', 'Rakesh Dara', 'rdara@goitglobal.taskcontrol.co', '$2y$10$xfBx0CI5UjTV1hAUFvg66uqNa/w.co0KVooZBdvj5ACfK/9m7fa1G', 'WhitField Rock Block # 35', '+91 884 4223 8890', '+91 884 4223 8890', '+91 884 4223 8890', 8, NULL, NULL, 2, 5, 2, NULL, NULL, 'app_theme_default', NULL, 2, 'offshore'),
(184, '2018-03-14 22:39:47', '2018-03-14 22:39:47', 'Rakesh Dara', 'rdara@goitglobal.taskcontrol.co', '$2y$10$1VXgK71m8Kni3H2YGQ4fb.t3aC9x2fQ/C267FVaNr9cIdmqlYJ4Gi', 'WhitField Rock Block # 35', '+91 884 4223 8890', '+91 884 4223 8890', '+91 884 4223 8890', 8, NULL, NULL, 2, 5, 2, NULL, NULL, 'app_theme_default', NULL, 2, 'offshore'),
(185, '2018-03-14 22:39:47', '2018-03-14 22:39:47', 'Rakesh Dara', 'rdara@goitglobal.taskcontrol.co', '$2y$10$WlMpXPVk2mUxhwtPApUewu5GBYNrE8wc8mbn1NO7SdYHr2Z/MzFgO', 'WhitField Rock Block # 35', '+91 884 4223 8890', '+91 884 4223 8890', '+91 884 4223 8890', 8, NULL, NULL, 2, 5, 2, NULL, NULL, 'app_theme_default', NULL, 2, 'offshore'),
(186, '2018-03-14 22:39:47', '2018-03-14 22:39:47', 'Rakesh Dara', 'rdara@goitglobal.taskcontrol.co', '$2y$10$9aHiOG.DTLTSKc6yBaVsQ.7gwwD8hcynjDaG/eCNW5.djhU8QUdga', 'WhitField Rock Block # 35', '+91 884 4223 8890', '+91 884 4223 8890', '+91 884 4223 8890', 8, NULL, NULL, 2, 5, 2, NULL, NULL, 'app_theme_default', NULL, 2, 'offshore'),
(187, '2018-03-14 22:39:47', '2018-03-14 22:39:47', 'Rakesh Dara', 'rdara@goitglobal.taskcontrol.co', '$2y$10$0tVQoCPiQmrEydZ8//AkDueoKMjrZ8uRfJg2Wnys2sj3WliwGRzUa', 'WhitField Rock Block # 35', '+91 884 4223 8890', '+91 884 4223 8890', '+91 884 4223 8890', 8, NULL, NULL, 2, 5, 2, NULL, NULL, 'app_theme_default', NULL, 2, 'offshore'),
(188, '2018-03-14 22:39:47', '2018-03-14 22:39:47', 'Rakesh Dara', 'rdara@goitglobal.taskcontrol.co', '$2y$10$Xkq6zDEpyC4/.wODlFg9YOJydyiTZCWwrEpsDClibmHQ3FJYrcGBe', 'WhitField Rock Block # 35', '+91 884 4223 8890', '+91 884 4223 8890', '+91 884 4223 8890', 8, NULL, NULL, 2, 5, 2, NULL, NULL, 'app_theme_default', NULL, 2, 'offshore'),
(189, '2018-03-14 22:39:48', '2018-03-14 22:39:48', 'Rakesh Dara', 'rdara@goitglobal.taskcontrol.co', '$2y$10$Whc9uBxaVCzwP3kx0nDmCe/YIXOgV7pBDEIPY3JfdrytwmxPWQ52.', 'WhitField Rock Block # 35', '+91 884 4223 8890', '+91 884 4223 8890', '+91 884 4223 8890', 8, NULL, NULL, 2, 5, 2, NULL, NULL, 'app_theme_default', NULL, 2, 'offshore'),
(190, '2018-03-14 22:39:48', '2018-03-14 22:39:48', 'Rakesh Dara', 'rdara@goitglobal.taskcontrol.co', '$2y$10$NfYPMWk2Sv8SREXWNt8nkOmz5zilEnUqqI/G0BVBhaToAF.h/dDLu', 'WhitField Rock Block # 35', '+91 884 4223 8890', '+91 884 4223 8890', '+91 884 4223 8890', 8, NULL, NULL, 2, 5, 2, NULL, NULL, 'app_theme_default', NULL, 2, 'offshore'),
(191, '2018-03-14 22:39:48', '2018-03-14 22:39:48', 'Rakesh Dara', 'rdara@goitglobal.taskcontrol.co', '$2y$10$YefJ7sMJeXtsPA.1yBmxsen0RuZSp5K4GwAtsZ8kp9sBciyT53Oqi', 'WhitField Rock Block # 35', '+91 884 4223 8890', '+91 884 4223 8890', '+91 884 4223 8890', 8, NULL, NULL, 2, 5, 2, NULL, NULL, 'app_theme_default', NULL, 2, 'offshore'),
(192, '2018-03-14 22:39:48', '2018-03-14 22:39:48', 'Rakesh Dara', 'rdara@goitglobal.taskcontrol.co', '$2y$10$IX4LSQMcUybiEdKcOb7xPujuNaJlW3ofiWAwzILE0B41m/l0uxbni', 'WhitField Rock Block # 35', '+91 884 4223 8890', '+91 884 4223 8890', '+91 884 4223 8890', 8, NULL, NULL, 2, 5, 2, NULL, NULL, 'app_theme_default', NULL, 2, 'offshore'),
(193, '2018-03-14 22:39:49', '2018-03-14 22:39:49', 'Rakesh Dara', 'rdara@goitglobal.taskcontrol.co', '$2y$10$tcJKvSPrHmzlE8mZfeb1.ueUVs..pOtOTSixqllsm5YYQ27tQGFp.', 'WhitField Rock Block # 35', '+91 884 4223 8890', '+91 884 4223 8890', '+91 884 4223 8890', 8, NULL, NULL, 2, 5, 2, NULL, NULL, 'app_theme_default', NULL, 2, 'offshore'),
(194, '2018-03-14 22:39:49', '2018-03-14 22:39:49', 'Rakesh Dara', 'rdara@goitglobal.taskcontrol.co', '$2y$10$fnm1t1NWfTPE1q799zlv4.sPq0A48mfRICUjsD3XL21hV0JkJWShG', 'WhitField Rock Block # 35', '+91 884 4223 8890', '+91 884 4223 8890', '+91 884 4223 8890', 8, NULL, NULL, 2, 5, 2, NULL, NULL, 'app_theme_default', NULL, 2, 'offshore'),
(195, '2018-03-14 22:39:49', '2018-03-14 22:39:49', 'Rakesh Dara', 'rdara@goitglobal.taskcontrol.co', '$2y$10$j7o2t5PZXkauw2e3mOtP2.Mr3Vbe7M.fv7q92zXMRZ6JBk09lXbai', 'WhitField Rock Block # 35', '+91 884 4223 8890', '+91 884 4223 8890', '+91 884 4223 8890', 8, NULL, NULL, 2, 5, 2, NULL, NULL, 'app_theme_default', NULL, 2, 'offshore'),
(196, '2018-03-14 22:39:49', '2018-03-14 22:39:49', 'Rakesh Dara', 'rdara@goitglobal.taskcontrol.co', '$2y$10$/oMZ8xr5kG8olNFE5gCV3exUhoaPQerWwClPJdFfQwMhr3Xu0H9m2', 'WhitField Rock Block # 35', '+91 884 4223 8890', '+91 884 4223 8890', '+91 884 4223 8890', 8, NULL, NULL, 2, 5, 2, NULL, NULL, 'app_theme_default', NULL, 2, 'offshore'),
(197, '2018-03-14 22:39:49', '2018-03-14 22:39:49', 'Rakesh Dara', 'rdara@goitglobal.taskcontrol.co', '$2y$10$NkU3sGME4.p.oJd.goq51e/xW0wjTiZdh56KjyN1Tv/lF2Q4yFhkm', 'WhitField Rock Block # 35', '+91 884 4223 8890', '+91 884 4223 8890', '+91 884 4223 8890', 8, NULL, NULL, 2, 5, 2, NULL, NULL, 'app_theme_default', NULL, 2, 'offshore'),
(198, '2018-03-14 22:39:50', '2018-03-14 22:39:50', 'Rakesh Dara', 'rdara@goitglobal.taskcontrol.co', '$2y$10$ZYB0qyZHNKg8uovw05VIcu8HYwBYJdTKTDYh8y/G7b9uviHuLlRDm', 'WhitField Rock Block # 35', '+91 884 4223 8890', '+91 884 4223 8890', '+91 884 4223 8890', 8, NULL, NULL, 2, 5, 2, NULL, NULL, 'app_theme_default', NULL, 2, 'offshore'),
(199, '2018-03-14 22:39:50', '2018-03-14 22:39:50', 'Rakesh Dara', 'rdara@goitglobal.taskcontrol.co', '$2y$10$O0tcHJNnAWf78e.7ow03fer7MqJj8JzIsVBHjkDDJ9QFgvKLl.T66', 'WhitField Rock Block # 35', '+91 884 4223 8890', '+91 884 4223 8890', '+91 884 4223 8890', 8, NULL, NULL, 2, 5, 2, NULL, NULL, 'app_theme_default', NULL, 2, 'offshore'),
(200, '2018-03-14 22:39:50', '2018-03-14 22:39:50', 'Rakesh Dara', 'rdara@goitglobal.taskcontrol.co', '$2y$10$lRVAZyb/RGkIZR5V7jZKX.nkQVMaFr0SNaozScxw1lBGvCbT460aO', 'WhitField Rock Block # 35', '+91 884 4223 8890', '+91 884 4223 8890', '+91 884 4223 8890', 8, NULL, NULL, 2, 5, 2, NULL, NULL, 'app_theme_default', NULL, 2, 'offshore'),
(201, '2018-03-14 22:39:51', '2018-03-14 22:39:51', 'Rakesh Dara', 'rdara@goitglobal.taskcontrol.co', '$2y$10$p8tAP6nMJEF7ZmVz8wIN1OjHTFaNNBJGOwHzixjisym9PgQWwOK06', 'WhitField Rock Block # 35', '+91 884 4223 8890', '+91 884 4223 8890', '+91 884 4223 8890', 8, NULL, NULL, 2, 5, 2, NULL, NULL, 'app_theme_default', NULL, 2, 'offshore'),
(202, '2018-03-14 22:39:51', '2018-03-14 22:39:51', 'Rakesh Dara', 'rdara@goitglobal.taskcontrol.co', '$2y$10$tArIwBCYQPdPd55gbfCCz.eBgT5HdNWFVnP.4i0IyQDtxSwQe2hJu', 'WhitField Rock Block # 35', '+91 884 4223 8890', '+91 884 4223 8890', '+91 884 4223 8890', 8, NULL, NULL, 2, 5, 2, NULL, NULL, 'app_theme_default', NULL, 2, 'offshore'),
(203, '2018-03-14 22:39:51', '2018-03-14 22:39:51', 'Rakesh Dara', 'rdara@goitglobal.taskcontrol.co', '$2y$10$fzCArhd/8L4vLRnrok5A7O8k9onN7Ugjh75G8Of7cf6Tb5ZYObWsS', 'WhitField Rock Block # 35', '+91 884 4223 8890', '+91 884 4223 8890', '+91 884 4223 8890', 8, NULL, NULL, 2, 5, 2, NULL, NULL, 'app_theme_default', NULL, 2, 'offshore'),
(204, '2018-03-14 22:39:51', '2018-03-14 22:39:51', 'Rakesh Dara', 'rdara@goitglobal.taskcontrol.co', '$2y$10$In2Olrx9AFnuXM.oo47a2uAqHch1kEX3E8HNH6jYss.D9fPiuQxCy', 'WhitField Rock Block # 35', '+91 884 4223 8890', '+91 884 4223 8890', '+91 884 4223 8890', 8, NULL, NULL, 2, 5, 2, NULL, NULL, 'app_theme_default', NULL, 2, 'offshore'),
(205, '2018-03-14 22:39:52', '2018-03-14 22:39:52', 'Rakesh Dara', 'rdara@goitglobal.taskcontrol.co', '$2y$10$BbF2vHVy7Yml//nfP53mue0UtNXb39XdYrs7/OrmMHyRT0fo.tuQO', 'WhitField Rock Block # 35', '+91 884 4223 8890', '+91 884 4223 8890', '+91 884 4223 8890', 8, NULL, NULL, 2, 5, 2, NULL, NULL, 'app_theme_default', NULL, 2, 'offshore'),
(206, '2018-03-14 22:39:52', '2018-03-14 22:39:52', 'Rakesh Dara', 'rdara@goitglobal.taskcontrol.co', '$2y$10$QR/4Gkew1TfdCdU.4MTF1.x27A07KTjwz5HsnfHAF8YgnAxRTkp2.', 'WhitField Rock Block # 35', '+91 884 4223 8890', '+91 884 4223 8890', '+91 884 4223 8890', 8, NULL, NULL, 2, 5, 2, NULL, NULL, 'app_theme_default', NULL, 2, 'offshore'),
(207, '2018-03-14 22:39:52', '2018-03-14 22:39:52', 'Rakesh Dara', 'rdara@goitglobal.taskcontrol.co', '$2y$10$gAvAORsxYxrpyrDU.gWr.OhC4re9LhSuELcx.vA.UkDsyhMIFA/RO', 'WhitField Rock Block # 35', '+91 884 4223 8890', '+91 884 4223 8890', '+91 884 4223 8890', 8, NULL, NULL, 2, 5, 2, NULL, NULL, 'app_theme_default', NULL, 2, 'offshore'),
(208, '2018-03-14 22:39:52', '2018-03-14 22:39:52', 'Rakesh Dara', 'rdara@goitglobal.taskcontrol.co', '$2y$10$.qSFcs.PqwQkTu5zWV2/u.aW3CkMZDAvcRjL5K/IQ5IV5TXmF.Ybi', 'WhitField Rock Block # 35', '+91 884 4223 8890', '+91 884 4223 8890', '+91 884 4223 8890', 8, NULL, NULL, 2, 5, 2, NULL, NULL, 'app_theme_default', NULL, 2, 'offshore'),
(209, '2018-03-14 22:39:52', '2018-03-14 22:39:52', 'Rakesh Dara', 'rdara@goitglobal.taskcontrol.co', '$2y$10$HoYsm8lYR7CmleMZ.r84iOMZRWggsClsJxZRxVi..uU7RQIYojIe.', 'WhitField Rock Block # 35', '+91 884 4223 8890', '+91 884 4223 8890', '+91 884 4223 8890', 8, NULL, NULL, 2, 5, 2, NULL, NULL, 'app_theme_default', NULL, 2, 'offshore'),
(210, '2018-03-14 22:39:52', '2018-03-14 22:39:52', 'Rakesh Dara', 'rdara@goitglobal.taskcontrol.co', '$2y$10$qrAflBAtgzkSikI//BXMUud.tG9YRAD1h415UJFEurpK958hkHnXC', 'WhitField Rock Block # 35', '+91 884 4223 8890', '+91 884 4223 8890', '+91 884 4223 8890', 8, NULL, NULL, 2, 5, 2, NULL, NULL, 'app_theme_default', NULL, 2, 'offshore'),
(211, '2018-03-14 22:39:53', '2018-03-14 22:39:53', 'Rakesh Dara', 'rdara@goitglobal.taskcontrol.co', '$2y$10$vaY05265735LYngJeeBwOuNopfo.i5fIh0RLxTyFC1lnyvL26.Oom', 'WhitField Rock Block # 35', '+91 884 4223 8890', '+91 884 4223 8890', '+91 884 4223 8890', 8, NULL, NULL, 2, 5, 2, NULL, NULL, 'app_theme_default', NULL, 2, 'offshore'),
(212, '2018-03-14 22:39:53', '2018-03-14 22:39:53', 'Rakesh Dara', 'rdara@goitglobal.taskcontrol.co', '$2y$10$Ybh80w0RWA5QSub7Hnifhe7L0QAO0boRO8uJafMM64mjnDNl7Q2gi', 'WhitField Rock Block # 35', '+91 884 4223 8890', '+91 884 4223 8890', '+91 884 4223 8890', 8, NULL, NULL, 2, 5, 2, NULL, NULL, 'app_theme_default', NULL, 2, 'offshore'),
(213, '2018-03-14 22:39:53', '2018-03-14 22:39:53', 'Rakesh Dara', 'rdara@goitglobal.taskcontrol.co', '$2y$10$/KkqP/UpMJqhPR1/Dw.u.OQ62LtkfVeIrjUcHCScZLRfAoOSGP/Km', 'WhitField Rock Block # 35', '+91 884 4223 8890', '+91 884 4223 8890', '+91 884 4223 8890', 8, NULL, NULL, 2, 5, 2, NULL, NULL, 'app_theme_default', NULL, 2, 'offshore'),
(214, '2018-03-14 22:39:53', '2018-03-14 22:39:53', 'Rakesh Dara', 'rdara@goitglobal.taskcontrol.co', '$2y$10$mDqRPxgD7RHkQGufnXWZoOoNhMm8WgxShotRKHKH/G8TbjQzEJI.W', 'WhitField Rock Block # 35', '+91 884 4223 8890', '+91 884 4223 8890', '+91 884 4223 8890', 8, NULL, NULL, 2, 5, 2, NULL, NULL, 'app_theme_default', NULL, 2, 'offshore'),
(215, '2018-03-14 22:39:54', '2018-03-14 22:39:54', 'Rakesh Dara', 'rdara@goitglobal.taskcontrol.co', '$2y$10$ek.0i.T5omYpM4M24diRdOpBEA3ghr/CpnhQw6tDgfd0Bk8hcSUvW', 'WhitField Rock Block # 35', '+91 884 4223 8890', '+91 884 4223 8890', '+91 884 4223 8890', 8, NULL, NULL, 2, 5, 2, NULL, NULL, 'app_theme_default', NULL, 2, 'offshore'),
(216, '2018-03-14 22:39:54', '2018-03-14 22:39:54', 'Rakesh Dara', 'rdara@goitglobal.taskcontrol.co', '$2y$10$dn4FAk/Ar5P3WgexDwIIA..xLRhxKtVlT1gsyKO1PehWw0WzPemuO', 'WhitField Rock Block # 35', '+91 884 4223 8890', '+91 884 4223 8890', '+91 884 4223 8890', 8, NULL, NULL, 2, 5, 2, NULL, NULL, 'app_theme_default', NULL, 2, 'offshore'),
(217, '2018-03-14 22:39:54', '2018-03-14 22:39:54', 'Rakesh Dara', 'rdara@goitglobal.taskcontrol.co', '$2y$10$H4YoUe04DYRr0di.NRu/nep1pmlmJqVhCehSESIkrMpqUl8XyobPi', 'WhitField Rock Block # 35', '+91 884 4223 8890', '+91 884 4223 8890', '+91 884 4223 8890', 8, NULL, NULL, 2, 5, 2, NULL, NULL, 'app_theme_default', NULL, 2, 'offshore'),
(218, '2018-03-14 22:39:55', '2018-03-14 22:39:55', 'Rakesh Dara', 'rdara@goitglobal.taskcontrol.co', '$2y$10$kzW1TplrRR9sOpWReLB.9eePKUltZ4.1EmIXZCW2lmVM2VWpSgGKe', 'WhitField Rock Block # 35', '+91 884 4223 8890', '+91 884 4223 8890', '+91 884 4223 8890', 8, NULL, NULL, 2, 5, 2, NULL, NULL, 'app_theme_default', NULL, 2, 'offshore'),
(219, '2018-03-14 22:39:55', '2018-03-14 22:39:55', 'Rakesh Dara', 'rdara@goitglobal.taskcontrol.co', '$2y$10$3mbK.j/XIMbHAHT8bcE.LObk5pNAzjqdmynUTkdUwT4NoluPmWt7m', 'WhitField Rock Block # 35', '+91 884 4223 8890', '+91 884 4223 8890', '+91 884 4223 8890', 8, NULL, NULL, 2, 5, 2, NULL, NULL, 'app_theme_default', NULL, 2, 'offshore'),
(220, '2018-03-14 22:39:55', '2018-03-14 22:39:55', 'Rakesh Dara', 'rdara@goitglobal.taskcontrol.co', '$2y$10$MpUz8MnuMXi0rcK5Bl5ZselTHmc.eqqPtuS/XfwtsPvhXq9Wub3zG', 'WhitField Rock Block # 35', '+91 884 4223 8890', '+91 884 4223 8890', '+91 884 4223 8890', 8, NULL, NULL, 2, 5, 2, NULL, NULL, 'app_theme_default', NULL, 2, 'offshore'),
(221, '2018-03-14 22:39:55', '2018-03-14 22:39:55', 'Rakesh Dara', 'rdara@goitglobal.taskcontrol.co', '$2y$10$0ri/ZjF4iVM6fSwXRmvU4.DH3FjLLQDrJ02U/4u/5Bn4sOT8BO.ja', 'WhitField Rock Block # 35', '+91 884 4223 8890', '+91 884 4223 8890', '+91 884 4223 8890', 8, NULL, NULL, 2, 5, 2, NULL, NULL, 'app_theme_default', NULL, 2, 'offshore'),
(222, '2018-03-14 22:39:55', '2018-03-14 22:39:55', 'Rakesh Dara', 'rdara@goitglobal.taskcontrol.co', '$2y$10$YNpRIkujUD5f5VTrmGgbvuobQlgriHnxJ9vnBq5gpjO32ECKf/D7W', 'WhitField Rock Block # 35', '+91 884 4223 8890', '+91 884 4223 8890', '+91 884 4223 8890', 8, NULL, NULL, 2, 5, 2, NULL, NULL, 'app_theme_default', NULL, 2, 'offshore'),
(223, '2018-03-14 22:39:56', '2018-03-14 22:39:56', 'Rakesh Dara', 'rdara@goitglobal.taskcontrol.co', '$2y$10$yv3Ipbr7jFEClf6EBlwTduGEEqdt8vaJyqNea1nXFaO1DdUwbZPLG', 'WhitField Rock Block # 35', '+91 884 4223 8890', '+91 884 4223 8890', '+91 884 4223 8890', 8, NULL, NULL, 2, 5, 2, NULL, NULL, 'app_theme_default', NULL, 2, 'offshore'),
(224, '2018-03-14 22:39:56', '2018-03-14 22:39:56', 'Rakesh Dara', 'rdara@goitglobal.taskcontrol.co', '$2y$10$Xcoc4mr0yOnBN8.X8YzdSOiCf9b1SIUZxICTezeyZ1Yf0sBOspYwC', 'WhitField Rock Block # 35', '+91 884 4223 8890', '+91 884 4223 8890', '+91 884 4223 8890', 8, NULL, NULL, 2, 5, 2, NULL, NULL, 'app_theme_default', NULL, 2, 'offshore'),
(225, '2018-03-14 22:39:56', '2018-03-14 22:39:56', 'Rakesh Dara', 'rdara@goitglobal.taskcontrol.co', '$2y$10$ubTFvsyLbtWMVUu7wuVBp.H3bQY6aku6xUQ/YXpdYf7kc4nLIk3nq', 'WhitField Rock Block # 35', '+91 884 4223 8890', '+91 884 4223 8890', '+91 884 4223 8890', 8, NULL, NULL, 2, 5, 2, NULL, NULL, 'app_theme_default', NULL, 2, 'offshore'),
(226, '2018-03-14 22:39:56', '2018-03-14 22:39:56', 'Rakesh Dara', 'rdara@goitglobal.taskcontrol.co', '$2y$10$2wH.LDLpYGUUp0iXxs1.geS4hLqckpsa6YCad2zg.Z4uVnPX0Rev.', 'WhitField Rock Block # 35', '+91 884 4223 8890', '+91 884 4223 8890', '+91 884 4223 8890', 8, NULL, NULL, 2, 5, 2, NULL, NULL, 'app_theme_default', NULL, 2, 'offshore'),
(227, '2018-03-14 22:39:56', '2018-03-14 22:39:56', 'Rakesh Dara', 'rdara@goitglobal.taskcontrol.co', '$2y$10$KmRj3LT8B1LHHkFzaicifOAdYFuMqEx6tzqwNQjMCfFlpFFDmuZH2', 'WhitField Rock Block # 35', '+91 884 4223 8890', '+91 884 4223 8890', '+91 884 4223 8890', 8, NULL, NULL, 2, 5, 2, NULL, NULL, 'app_theme_default', NULL, 2, 'offshore'),
(228, '2018-03-14 22:39:56', '2018-03-14 22:39:56', 'Rakesh Dara', 'rdara@goitglobal.taskcontrol.co', '$2y$10$bpHtue57BkI6qXoaXHFQaOT.ZvVDyxspzvCz6aUKokCyIjfdTWLpm', 'WhitField Rock Block # 35', '+91 884 4223 8890', '+91 884 4223 8890', '+91 884 4223 8890', 8, NULL, NULL, 2, 5, 2, NULL, NULL, 'app_theme_default', NULL, 2, 'offshore'),
(229, '2018-03-14 22:39:57', '2018-03-14 22:39:57', 'Rakesh Dara', 'rdara@goitglobal.taskcontrol.co', '$2y$10$ox5y/v128oalo1wF4apLNO4FLobFjv7SqhRP6koFhEIDBvNHfl/8.', 'WhitField Rock Block # 35', '+91 884 4223 8890', '+91 884 4223 8890', '+91 884 4223 8890', 8, NULL, NULL, 2, 5, 2, NULL, NULL, 'app_theme_default', NULL, 2, 'offshore'),
(230, '2018-03-14 22:39:57', '2018-03-14 22:39:57', 'Rakesh Dara', 'rdara@goitglobal.taskcontrol.co', '$2y$10$9xgSEkJMICKwM7gkVECkp.Wm5/jIxWWpDZi37N2aT4hBsvhbBCKyS', 'WhitField Rock Block # 35', '+91 884 4223 8890', '+91 884 4223 8890', '+91 884 4223 8890', 8, NULL, NULL, 2, 5, 2, NULL, NULL, 'app_theme_default', NULL, 2, 'offshore'),
(231, '2018-03-14 22:39:57', '2018-03-14 22:39:57', 'Rakesh Dara', 'rdara@goitglobal.taskcontrol.co', '$2y$10$S0gHynaEeUclr3scBoEg0eQ/St7DJVHrumuj3LCL4zfC/m0lFOxaS', 'WhitField Rock Block # 35', '+91 884 4223 8890', '+91 884 4223 8890', '+91 884 4223 8890', 8, NULL, NULL, 2, 5, 2, NULL, NULL, 'app_theme_default', NULL, 2, 'offshore'),
(232, '2018-03-14 22:39:57', '2018-03-14 22:39:57', 'Rakesh Dara', 'rdara@goitglobal.taskcontrol.co', '$2y$10$4h80BXbDPzGXs8BVpgwj7uwPamv6FqRhbmEhOaopslTHQkVnBsQ5C', 'WhitField Rock Block # 35', '+91 884 4223 8890', '+91 884 4223 8890', '+91 884 4223 8890', 8, NULL, NULL, 2, 5, 2, NULL, NULL, 'app_theme_default', NULL, 2, 'offshore'),
(233, '2018-03-14 22:39:57', '2018-03-14 22:39:57', 'Rakesh Dara', 'rdara@goitglobal.taskcontrol.co', '$2y$10$0ceaYHok8N0/I2XOJLzLW.hypUsmqyKfSnQB1sQPcWta3ukCDNVbW', 'WhitField Rock Block # 35', '+91 884 4223 8890', '+91 884 4223 8890', '+91 884 4223 8890', 8, NULL, NULL, 2, 5, 2, NULL, NULL, 'app_theme_default', NULL, 2, 'offshore'),
(234, '2018-03-14 22:39:57', '2018-03-14 22:39:57', 'Rakesh Dara', 'rdara@goitglobal.taskcontrol.co', '$2y$10$Ti1SWMT/nVjL/5hl7Av9veHveIij11eaJQ.tkE21/vlQQyIyBrFGO', 'WhitField Rock Block # 35', '+91 884 4223 8890', '+91 884 4223 8890', '+91 884 4223 8890', 8, NULL, NULL, 2, 5, 2, NULL, NULL, 'app_theme_default', NULL, 2, 'offshore'),
(235, '2018-03-14 22:39:58', '2018-03-14 22:39:58', 'Rakesh Dara', 'rdara@goitglobal.taskcontrol.co', '$2y$10$eKjyFqLAyjcV/YVGpr/wd.j9Ppg/kj9c..8XmE5.lHn20cBlgXa5K', 'WhitField Rock Block # 35', '+91 884 4223 8890', '+91 884 4223 8890', '+91 884 4223 8890', 8, NULL, NULL, 2, 5, 2, NULL, NULL, 'app_theme_default', NULL, 2, 'offshore'),
(236, '2018-03-14 22:39:58', '2018-03-14 22:39:58', 'Rakesh Dara', 'rdara@goitglobal.taskcontrol.co', '$2y$10$rlCjqSAae.7IhLXmuWwZcuIAchA3MKqMwgsdJRJf1ptLIa2CpQRgO', 'WhitField Rock Block # 35', '+91 884 4223 8890', '+91 884 4223 8890', '+91 884 4223 8890', 8, NULL, NULL, 2, 5, 2, NULL, NULL, 'app_theme_default', NULL, 2, 'offshore'),
(237, '2018-03-14 22:39:58', '2018-03-14 22:39:58', 'Rakesh Dara', 'rdara@goitglobal.taskcontrol.co', '$2y$10$OykNpHjv8NjlRsumHScVWOIY7E10805HY9m0qq4MJ.ZWR.DWftU.O', 'WhitField Rock Block # 35', '+91 884 4223 8890', '+91 884 4223 8890', '+91 884 4223 8890', 8, NULL, NULL, 2, 5, 2, NULL, NULL, 'app_theme_default', NULL, 2, 'offshore'),
(238, '2018-03-14 22:39:58', '2018-03-14 22:39:58', 'Rakesh Dara', 'rdara@goitglobal.taskcontrol.co', '$2y$10$/7IHL5EYZuslAwy09G38seK5JUFldAP51ilau.2SwQX3kixio60mW', 'WhitField Rock Block # 35', '+91 884 4223 8890', '+91 884 4223 8890', '+91 884 4223 8890', 8, NULL, NULL, 2, 5, 2, NULL, NULL, 'app_theme_default', NULL, 2, 'offshore'),
(239, '2018-03-14 22:39:58', '2018-03-14 22:39:58', 'Rakesh Dara', 'rdara@goitglobal.taskcontrol.co', '$2y$10$paDGvJfbPuKDWR9UzTitdOtFWMMhzybZB.MKW2PrADbyIEQr.RV2a', 'WhitField Rock Block # 35', '+91 884 4223 8890', '+91 884 4223 8890', '+91 884 4223 8890', 8, NULL, NULL, 2, 5, 2, NULL, NULL, 'app_theme_default', NULL, 2, 'offshore'),
(240, '2018-03-14 22:39:59', '2018-03-14 22:39:59', 'Rakesh Dara', 'rdara@goitglobal.taskcontrol.co', '$2y$10$5BD1iJGCgSgzf19UouGpr.JIV5kBIJHbipJrlTKvhlusYu76NSNu.', 'WhitField Rock Block # 35', '+91 884 4223 8890', '+91 884 4223 8890', '+91 884 4223 8890', 8, NULL, NULL, 2, 5, 2, NULL, NULL, 'app_theme_default', NULL, 2, 'offshore'),
(241, '2018-03-14 22:39:59', '2018-03-14 22:39:59', 'Rakesh Dara', 'rdara@goitglobal.taskcontrol.co', '$2y$10$eE3cgyqlr4jEFSW02lm9AuSAdM9P5E5Y.f1aqy3bXFlqZ3x5qs20.', 'WhitField Rock Block # 35', '+91 884 4223 8890', '+91 884 4223 8890', '+91 884 4223 8890', 8, NULL, NULL, 2, 5, 2, NULL, NULL, 'app_theme_default', NULL, 2, 'offshore'),
(242, '2018-03-14 22:39:59', '2018-03-14 22:39:59', 'Rakesh Dara', 'rdara@goitglobal.taskcontrol.co', '$2y$10$5cRgm1hKOOCNsosTQmqb6.3KCMcJhPN4ut68LmwYGxoDdG5/Gdy/m', 'WhitField Rock Block # 35', '+91 884 4223 8890', '+91 884 4223 8890', '+91 884 4223 8890', 8, NULL, NULL, 2, 5, 2, NULL, NULL, 'app_theme_default', NULL, 2, 'offshore'),
(243, '2018-03-14 22:39:59', '2018-03-14 22:39:59', 'Rakesh Dara', 'rdara@goitglobal.taskcontrol.co', '$2y$10$PquFd9nCLbwiInXY0bOm1ekXXF7601bLSaWziS2zDYH6YoHrLHLQy', 'WhitField Rock Block # 35', '+91 884 4223 8890', '+91 884 4223 8890', '+91 884 4223 8890', 8, NULL, NULL, 2, 5, 2, NULL, NULL, 'app_theme_default', NULL, 2, 'offshore'),
(244, '2018-03-14 22:40:00', '2018-03-14 22:40:00', 'Rakesh Dara', 'rdara@goitglobal.taskcontrol.co', '$2y$10$ET13XdI26Dz.223CIG3c.OTEK16B4M35fm3xXsYvcyLTd0EZn3/ZW', 'WhitField Rock Block # 35', '+91 884 4223 8890', '+91 884 4223 8890', '+91 884 4223 8890', 8, NULL, NULL, 2, 5, 2, NULL, NULL, 'app_theme_default', NULL, 2, 'offshore'),
(245, '2018-03-14 22:40:00', '2018-03-14 22:40:00', 'Rakesh Dara', 'rdara@goitglobal.taskcontrol.co', '$2y$10$qJWQ.98uC.CPo5UEmytI2eBGesn008jTntWzuaSNihIbAl.80faB.', 'WhitField Rock Block # 35', '+91 884 4223 8890', '+91 884 4223 8890', '+91 884 4223 8890', 8, NULL, NULL, 2, 5, 2, NULL, NULL, 'app_theme_default', NULL, 2, 'offshore'),
(246, '2018-03-14 22:40:00', '2018-03-14 22:40:00', 'Rakesh Dara', 'rdara@goitglobal.taskcontrol.co', '$2y$10$jaY3tZNTnt0CFUyO3su52.yzD4tIL9Y5pxC9giJtQzMjcRXx.Yexu', 'WhitField Rock Block # 35', '+91 884 4223 8890', '+91 884 4223 8890', '+91 884 4223 8890', 8, NULL, NULL, 2, 5, 2, NULL, NULL, 'app_theme_default', NULL, 2, 'offshore'),
(247, '2018-03-14 22:40:00', '2018-03-14 22:40:00', 'Rakesh Dara', 'rdara@goitglobal.taskcontrol.co', '$2y$10$ovZ3Ik8iNFP.hzjgCxp/zOCK20JFyy9HIXhgYsPUN5HokxCNUzVna', 'WhitField Rock Block # 35', '+91 884 4223 8890', '+91 884 4223 8890', '+91 884 4223 8890', 8, NULL, NULL, 2, 5, 2, NULL, NULL, 'app_theme_default', NULL, 2, 'offshore'),
(248, '2018-03-14 22:40:00', '2018-03-14 22:40:00', 'Rakesh Dara', 'rdara@goitglobal.taskcontrol.co', '$2y$10$K5kEjMZSiPXAxpXzIx4QAeBuA9KKO37oWysgTZMhXebOB9obQpjlu', 'WhitField Rock Block # 35', '+91 884 4223 8890', '+91 884 4223 8890', '+91 884 4223 8890', 8, NULL, NULL, 2, 5, 2, NULL, NULL, 'app_theme_default', NULL, 2, 'offshore'),
(249, '2018-03-14 22:40:01', '2018-03-14 22:40:01', 'Rakesh Dara', 'rdara@goitglobal.taskcontrol.co', '$2y$10$8MyMViy2QILhQ7fQVff5ouU4g0Cf9Nrwxg5MUEa0x4lJ9XzX1.2U.', 'WhitField Rock Block # 35', '+91 884 4223 8890', '+91 884 4223 8890', '+91 884 4223 8890', 8, NULL, NULL, 2, 5, 2, NULL, NULL, 'app_theme_default', NULL, 2, 'offshore'),
(250, '2018-03-14 22:40:01', '2018-03-14 22:40:01', 'Rakesh Dara', 'rdara@goitglobal.taskcontrol.co', '$2y$10$d8HeDTLVPRh5bA10eNbUTeDfRE7RMA/uFVD9aCKW4nefo6OuMDfDq', 'WhitField Rock Block # 35', '+91 884 4223 8890', '+91 884 4223 8890', '+91 884 4223 8890', 8, NULL, NULL, 2, 5, 2, NULL, NULL, 'app_theme_default', NULL, 2, 'offshore'),
(251, '2018-03-14 22:40:02', '2018-03-14 22:40:02', 'Rakesh Dara', 'rdara@goitglobal.taskcontrol.co', '$2y$10$iQ2xcBgLbDXHazgCS09Zb.I/Qz1xsfqey12Q06gTqhl78XVahYNsW', 'WhitField Rock Block # 35', '+91 884 4223 8890', '+91 884 4223 8890', '+91 884 4223 8890', 8, NULL, NULL, 2, 5, 2, NULL, NULL, 'app_theme_default', NULL, 2, 'offshore'),
(252, '2018-03-14 22:40:02', '2018-03-14 22:40:02', 'Rakesh Dara', 'rdara@goitglobal.taskcontrol.co', '$2y$10$7XaqOQA9EzBI/5irsbYWIeXe2qywowLENXpCeTl8us0wHKKoP85ou', 'WhitField Rock Block # 35', '+91 884 4223 8890', '+91 884 4223 8890', '+91 884 4223 8890', 8, NULL, NULL, 2, 5, 2, NULL, NULL, 'app_theme_default', NULL, 2, 'offshore'),
(253, '2018-03-14 22:40:02', '2018-03-14 22:40:02', 'Rakesh Dara', 'rdara@goitglobal.taskcontrol.co', '$2y$10$UpJb8ZCwff299jomBaYOqOEMOBzYIBdNje4PDs.6s.ZzUmU3dxs8u', 'WhitField Rock Block # 35', '+91 884 4223 8890', '+91 884 4223 8890', '+91 884 4223 8890', 8, NULL, NULL, 2, 5, 2, NULL, NULL, 'app_theme_default', NULL, 2, 'offshore'),
(254, '2018-03-14 22:40:02', '2018-03-14 22:40:02', 'Rakesh Dara', 'rdara@goitglobal.taskcontrol.co', '$2y$10$xGNmzGQEx3.9aQAZFVFau.0tP0nzw2qVeKNKecCztCWb83hw0/eiu', 'WhitField Rock Block # 35', '+91 884 4223 8890', '+91 884 4223 8890', '+91 884 4223 8890', 8, NULL, NULL, 2, 5, 2, NULL, NULL, 'app_theme_default', NULL, 2, 'offshore'),
(255, '2018-03-14 22:40:02', '2018-03-14 22:40:02', 'Rakesh Dara', 'rdara@goitglobal.taskcontrol.co', '$2y$10$IrY1NnJcR1Jqe.vaNLZol.XuT/AkoCltDjbhfdy8lTLelTVPekl1y', 'WhitField Rock Block # 35', '+91 884 4223 8890', '+91 884 4223 8890', '+91 884 4223 8890', 8, NULL, NULL, 2, 5, 2, NULL, NULL, 'app_theme_default', NULL, 2, 'offshore'),
(257, '2018-03-14 22:40:03', '2018-03-14 22:40:03', 'Rakesh Dara', 'rdara@goitglobal.taskcontrol.co', '$2y$10$1Iqo4CCLWJZ4yINGQoPZj.M2P46yqW8sMm4pMOYibJ8V3./dNtMFi', 'WhitField Rock Block # 35', '+91 884 4223 8890', '+91 884 4223 8890', '+91 884 4223 8890', 8, NULL, NULL, 2, 5, 1, NULL, NULL, 'app_theme_default', NULL, 2, 'offshore'),
(258, '2018-03-14 22:40:03', '2018-03-14 22:40:03', 'Rakesh Dara', 'rdara@goitglobal.taskcontrol.co', '$2y$10$uPpoGg5HZoOXyARXkKtOluaUsn4H9XgbhNXoD7hNY8fpDZi03rBum', 'WhitField Rock Block # 35', '+91 884 4223 8890', '+91 884 4223 8890', '+91 884 4223 8890', 8, NULL, NULL, 2, 5, 1, NULL, NULL, 'app_theme_default', NULL, 2, 'offshore'),
(259, '2018-03-14 22:40:03', '2018-03-14 22:40:03', 'Rakesh Dara', 'rdara@goitglobal.taskcontrol.co', '$2y$10$B3rI5d6MZFER0bxAJwKrb.VVHJhnpOFu./o8of1LdRgaH5L.S2nYu', 'WhitField Rock Block # 35', '+91 884 4223 8890', '+91 884 4223 8890', '+91 884 4223 8890', 8, NULL, NULL, 2, 5, 1, NULL, NULL, 'app_theme_default', NULL, 2, 'offshore'),
(260, '2018-03-14 22:40:03', '2018-03-14 22:40:03', 'Rakesh Dara', 'rdara@goitglobal.taskcontrol.co', '$2y$10$yYm0nqCA6Sg9CGOThkS8OudZvZssDvSBX0N.RXWaaPtDOHrk4C.um', 'WhitField Rock Block # 35', '+91 884 4223 8890', '+91 884 4223 8890', '+91 884 4223 8890', 8, NULL, NULL, 2, 5, 1, NULL, NULL, 'app_theme_default', NULL, 2, 'offshore'),
(261, '2018-03-14 22:40:04', '2018-03-14 22:40:04', 'Rakesh Dara', 'rdara@goitglobal.taskcontrol.co', '$2y$10$iFx6cyKnF49xzf5Bzi48J.A8b444Z9PLfGlw9zf1y9YeFyefzqUFe', 'WhitField Rock Block # 35', '+91 884 4223 8890', '+91 884 4223 8890', '+91 884 4223 8890', 8, NULL, NULL, 2, 5, 1, NULL, NULL, 'app_theme_default', NULL, 2, 'offshore'),
(262, '2018-03-14 22:40:04', '2018-03-14 22:40:04', 'Rakesh Dara', 'rdara@goitglobal.taskcontrol.co', '$2y$10$9l3yWBXmT1kYnhzY1hxDAOf90fKoEDH8GG1W4RxnOOuqL8dPNuNeu', 'WhitField Rock Block # 35', '+91 884 4223 8890', '+91 884 4223 8890', '+91 884 4223 8890', 8, NULL, NULL, 2, 5, 1, NULL, NULL, 'app_theme_default', NULL, 2, 'offshore'),
(263, '2018-03-14 22:40:04', '2018-03-14 22:40:04', 'Rakesh Dara', 'rdara@goitglobal.taskcontrol.co', '$2y$10$8oO0L7eXE8UolG7xZUifyeMc6NV0CAK5TAS2irL0kSf/vTKbkgmlG', 'WhitField Rock Block # 35', '+91 884 4223 8890', '+91 884 4223 8890', '+91 884 4223 8890', 8, NULL, NULL, 2, 5, 1, NULL, NULL, 'app_theme_default', NULL, 2, 'offshore'),
(264, '2018-03-14 22:40:04', '2018-03-14 22:40:04', 'Rakesh Dara', 'rdara@goitglobal.taskcontrol.co', '$2y$10$DMW.V0XIBws3TL4A48AOSukwFNPrxzXZut8RdmfPKi7Hur7senCMy', 'WhitField Rock Block # 35', '+91 884 4223 8890', '+91 884 4223 8890', '+91 884 4223 8890', 8, NULL, NULL, 2, 5, 1, NULL, NULL, 'app_theme_default', NULL, 2, 'offshore'),
(265, '2018-03-14 22:40:05', '2018-03-14 22:40:05', 'Rakesh Dara', 'rdara@goitglobal.taskcontrol.co', '$2y$10$tfcss3EOK2hnk7LpOyUBoul7WGueH9Hfv0XBicWfrTlY/UDC3uxZy', 'WhitField Rock Block # 35', '+91 884 4223 8890', '+91 884 4223 8890', '+91 884 4223 8890', 8, NULL, NULL, 2, 5, 1, NULL, NULL, 'app_theme_default', NULL, 2, 'offshore'),
(267, '2018-03-14 22:40:05', '2018-03-14 22:40:05', 'Rakesh Dara', 'rdara@goitglobal.taskcontrol.co', '$2y$10$7c65.tlK.dVeIzzat9iD3./YdG/3ragDSfp0WPwehI2oht5erUYvm', 'WhitField Rock Block # 35', '+91 884 4223 8890', '+91 884 4223 8890', '+91 884 4223 8890', 8, NULL, NULL, 2, 5, 1, NULL, NULL, 'app_theme_default', NULL, 2, 'offshore'),
(268, '2018-03-14 22:40:05', '2018-03-14 22:40:05', 'Rakesh Dara', 'rdara@goitglobal.taskcontrol.co', '$2y$10$xyX1E0SPdgdAzcKpg3KuEeq01XzDW3/cG405kL7nYwm0BMTGNn7SW', 'WhitField Rock Block # 35', '+91 884 4223 8890', '+91 884 4223 8890', '+91 884 4223 8890', 8, NULL, NULL, 2, 5, 1, NULL, NULL, 'app_theme_default', NULL, 2, 'offshore'),
(269, '2018-03-14 22:40:05', '2018-03-14 22:40:05', 'Rakesh Dara', 'rdara@goitglobal.taskcontrol.co', '$2y$10$AA8MVUgJP0yk5mRPX2cpuOZn6UhtDRuKqJbrYp2ajuzwo4lAMzgzi', 'WhitField Rock Block # 35', '+91 884 4223 8890', '+91 884 4223 8890', '+91 884 4223 8890', 8, NULL, NULL, 2, 5, 1, NULL, NULL, 'app_theme_default', NULL, 2, 'offshore'),
(270, '2018-03-14 22:40:06', '2018-03-14 22:40:06', 'Rakesh Dara', 'rdara@goitglobal.taskcontrol.co', '$2y$10$Wvt5AKKJpdLoU4430vJfV.d5g8wjgHJBRE9T6QWkRmT/ysBSTJg.S', 'WhitField Rock Block # 35', '+91 884 4223 8890', '+91 884 4223 8890', '+91 884 4223 8890', 8, NULL, NULL, 2, 5, 1, NULL, NULL, 'app_theme_default', NULL, 2, 'offshore'),
(271, '2018-03-14 22:40:06', '2018-03-14 22:40:06', 'Rakesh Dara', 'rdara@goitglobal.taskcontrol.co', '$2y$10$L6ULhj4nLRpx8ZPy70FOzunBlTX7W4I95uj5O6jeR6IeJ7YovedNG', 'WhitField Rock Block # 35', '+91 884 4223 8890', '+91 884 4223 8890', '+91 884 4223 8890', 8, NULL, NULL, 2, 5, 1, NULL, NULL, 'app_theme_default', NULL, 2, 'offshore'),
(272, '2018-03-14 22:40:06', '2018-03-14 22:40:06', 'Rakesh Dara', 'rdara@goitglobal.taskcontrol.co', '$2y$10$teBfyrv0rTjN.Jr/f9h9nexu1UY6aibw03V2Elp7unwdD0UuMQJ9C', 'WhitField Rock Block # 35', '+91 884 4223 8890', '+91 884 4223 8890', '+91 884 4223 8890', 8, NULL, NULL, 2, 5, 1, NULL, NULL, 'app_theme_default', NULL, 2, 'offshore'),
(273, '2018-03-14 22:40:06', '2018-03-14 22:40:06', 'Rakesh Dara', 'rdara@goitglobal.taskcontrol.co', '$2y$10$SCmFtdKdxwWHLs13ywIWM.ZMyb2HNViHe06L8WmDE1I9FPGX0.KtS', 'WhitField Rock Block # 35', '+91 884 4223 8890', '+91 884 4223 8890', '+91 884 4223 8890', 8, NULL, NULL, 2, 5, 1, NULL, NULL, 'app_theme_default', NULL, 2, 'offshore'),
(274, '2018-03-14 22:40:06', '2018-03-14 22:40:06', 'Rakesh Dara', 'rdara@goitglobal.taskcontrol.co', '$2y$10$Ya4Emtu4FtpmUgY2QqceD.twjV8.FMCoYt0XOXfEBPIhDdvywM0Wy', 'WhitField Rock Block # 35', '+91 884 4223 8890', '+91 884 4223 8890', '+91 884 4223 8890', 8, NULL, NULL, 2, 5, 1, NULL, NULL, 'app_theme_default', NULL, 2, 'offshore'),
(275, '2018-03-14 22:40:07', '2018-03-14 22:40:07', 'Rakesh Dara', 'rdara@goitglobal.taskcontrol.co', '$2y$10$HpqrdeYpYGQKMqHWlMfGnuytf1g657qUpzXsmO1Zhs3Bts5c5kBTi', 'WhitField Rock Block # 35', '+91 884 4223 8890', '+91 884 4223 8890', '+91 884 4223 8890', 8, NULL, NULL, 2, 5, 1, NULL, NULL, 'app_theme_default', NULL, 2, 'offshore'),
(276, '2018-03-14 22:40:07', '2018-03-14 22:40:07', 'Rakesh Dara', 'rdara@goitglobal.taskcontrol.co', '$2y$10$oSc76AXlGnloubFoUubfuOctigY0sBjTPYgu1sg8EN2R7I.ruLnGS', 'WhitField Rock Block # 35', '+91 884 4223 8890', '+91 884 4223 8890', '+91 884 4223 8890', 8, NULL, NULL, 2, 5, 1, NULL, NULL, 'app_theme_default', NULL, 2, 'offshore'),
(277, '2018-03-14 22:40:07', '2018-03-14 22:40:07', 'Rakesh Dara', 'rdara@goitglobal.taskcontrol.co', '$2y$10$Dv/xczo6MgC/UAGlxIc9N.gFw9B5GHgJYIgBVYsyu6noX7RRvL7Xa', 'WhitField Rock Block # 35', '+91 884 4223 8890', '+91 884 4223 8890', '+91 884 4223 8890', 8, NULL, NULL, 2, 5, 1, NULL, NULL, 'app_theme_default', NULL, 2, 'offshore'),
(278, '2018-03-14 22:40:07', '2018-03-14 22:40:07', 'Rakesh Dara', 'rdara@goitglobal.taskcontrol.co', '$2y$10$PqGt9bTOPB7s3ZAimWdoj.7qYD6cplsJcgSZhM5OQyQ/69BKmJvHa', 'WhitField Rock Block # 35', '+91 884 4223 8890', '+91 884 4223 8890', '+91 884 4223 8890', 8, NULL, NULL, 2, 5, 1, NULL, NULL, 'app_theme_default', NULL, 2, 'offshore'),
(279, '2018-03-14 22:40:42', '2018-03-14 22:40:42', 'Rakesh Dara', 'rdara@goitglobal.taskcontrol.co', '$2y$10$3/oTfDAo/6XcIAjZaFI8a.OMMH3jNrykO3.XtHrrrHzc7ZlbXTJei', 'WhitField Rock Block # 35', '+91 884 4223 8890', '+91 884 4223 8890', '+91 884 4223 8890', 8, NULL, NULL, 2, 5, 2, NULL, NULL, 'app_theme_default', NULL, 2, 'offshore'),
(280, '2018-03-14 22:40:42', '2018-03-14 22:40:42', 'Rakesh Dara', 'rdara@goitglobal.taskcontrol.co', '$2y$10$SHgzGHk7a6suE4xhI3D/e.EjZNnYNReMv0IwNIgBNrKNoWxqjeYuO', 'WhitField Rock Block # 35', '+91 884 4223 8890', '+91 884 4223 8890', '+91 884 4223 8890', 8, NULL, NULL, 2, 5, 2, NULL, NULL, 'app_theme_default', NULL, 2, 'offshore'),
(281, '2018-03-14 22:40:42', '2018-03-14 22:40:42', 'Rakesh Dara', 'rdara@goitglobal.taskcontrol.co', '$2y$10$Qcg.R46OoiPZBNME0p43FOtRRDTjBkaaMOeL0fANUaIjZ6EtIH.1C', 'WhitField Rock Block # 35', '+91 884 4223 8890', '+91 884 4223 8890', '+91 884 4223 8890', 8, NULL, NULL, 2, 5, 2, NULL, NULL, 'app_theme_default', NULL, 2, 'offshore'),
(282, '2018-03-14 22:40:42', '2018-03-14 22:40:42', 'Rakesh Dara', 'rdara@goitglobal.taskcontrol.co', '$2y$10$LU2A.IwGLflptYjnPEiEAOS9mbwBXqqtblO9aYT5AnVAoMx2z1uEW', 'WhitField Rock Block # 35', '+91 884 4223 8890', '+91 884 4223 8890', '+91 884 4223 8890', 8, NULL, NULL, 2, 5, 2, NULL, NULL, 'app_theme_default', NULL, 2, 'offshore'),
(283, '2018-03-14 22:40:42', '2018-03-14 22:40:42', 'Rakesh Dara', 'rdara@goitglobal.taskcontrol.co', '$2y$10$6OrZEf.ETO.LdfGU9ToEg.4dhO1ypAnBHndCWAZRWceLY48Ga5oe.', 'WhitField Rock Block # 35', '+91 884 4223 8890', '+91 884 4223 8890', '+91 884 4223 8890', 8, NULL, NULL, 2, 5, 2, NULL, NULL, 'app_theme_default', NULL, 2, 'offshore'),
(284, '2018-03-14 22:40:42', '2018-03-14 22:40:42', 'Rakesh Dara', 'rdara@goitglobal.taskcontrol.co', '$2y$10$iR4QOZjGAGXTZX/1OSAHL.H7s.Z6Lp3hJz.rf7XQawKGLbmiqgYoG', 'WhitField Rock Block # 35', '+91 884 4223 8890', '+91 884 4223 8890', '+91 884 4223 8890', 8, NULL, NULL, 2, 5, 2, NULL, NULL, 'app_theme_default', NULL, 2, 'offshore'),
(285, '2018-03-14 22:40:44', '2018-03-14 22:40:44', 'Rakesh Dara', 'rdara@goitglobal.taskcontrol.co', '$2y$10$2GrUawTGTTmLRMmC1VKFIeDRodvM7q81Za8dIU1PhYoV0gLNP9hLK', 'WhitField Rock Block # 35', '+91 884 4223 8890', '+91 884 4223 8890', '+91 884 4223 8890', 8, NULL, NULL, 2, 5, 2, NULL, NULL, 'app_theme_default', NULL, 2, 'offshore'),
(286, '2018-03-14 22:40:44', '2018-03-14 22:40:44', 'Rakesh Dara', 'rdara@goitglobal.taskcontrol.co', '$2y$10$XDN9NDi1CmNAiQAXs/tVnO5.QWdnUzK7hsrdG3fqz7vnAFj6S59Y.', 'WhitField Rock Block # 35', '+91 884 4223 8890', '+91 884 4223 8890', '+91 884 4223 8890', 8, NULL, NULL, 2, 5, 2, NULL, NULL, 'app_theme_default', NULL, 2, 'offshore'),
(287, '2018-03-14 22:40:44', '2018-03-14 22:40:44', 'Rakesh Dara', 'rdara@goitglobal.taskcontrol.co', '$2y$10$vY7pX8K5JnLx5Eqaitaa4.4lBvNZ35n1nNqPMPRu8smlpiJ.F2jHC', 'WhitField Rock Block # 35', '+91 884 4223 8890', '+91 884 4223 8890', '+91 884 4223 8890', 8, NULL, NULL, 2, 5, 2, NULL, NULL, 'app_theme_default', NULL, 2, 'offshore'),
(288, '2018-03-14 22:40:44', '2018-03-14 22:40:44', 'Rakesh Dara', 'rdara@goitglobal.taskcontrol.co', '$2y$10$IgxiZr64ExiIQMrlmlcVqOwcCcaMzuUr9Tq0zFadjpJOTmer86iXm', 'WhitField Rock Block # 35', '+91 884 4223 8890', '+91 884 4223 8890', '+91 884 4223 8890', 8, NULL, NULL, 2, 5, 2, NULL, NULL, 'app_theme_default', NULL, 2, 'offshore'),
(289, '2018-03-14 22:40:44', '2018-03-14 22:40:44', 'Rakesh Dara', 'rdara@goitglobal.taskcontrol.co', '$2y$10$8CaDKTK3xc127eBjmckXXORpZErrtKtmk5he./CZXupp1LrVLOk7u', 'WhitField Rock Block # 35', '+91 884 4223 8890', '+91 884 4223 8890', '+91 884 4223 8890', 8, NULL, NULL, 2, 5, 2, NULL, NULL, 'app_theme_default', NULL, 2, 'offshore'),
(290, '2018-03-14 22:40:44', '2018-03-14 22:40:44', 'Rakesh Dara', 'rdara@goitglobal.taskcontrol.co', '$2y$10$Siruvtr2U70qg9np81lxGOON6pHncn3iSy6.L9ccEJA00NQWSvDkK', 'WhitField Rock Block # 35', '+91 884 4223 8890', '+91 884 4223 8890', '+91 884 4223 8890', 8, NULL, NULL, 2, 5, 2, NULL, NULL, 'app_theme_default', NULL, 2, 'offshore'),
(291, '2018-03-14 22:40:45', '2018-03-14 22:40:45', 'Rakesh Dara', 'rdara@goitglobal.taskcontrol.co', '$2y$10$Ub/tKX4O3QZAP.Tj5mecReex92zBjJEGNhgbwiaTqh4IwiTR72mkW', 'WhitField Rock Block # 35', '+91 884 4223 8890', '+91 884 4223 8890', '+91 884 4223 8890', 8, NULL, NULL, 2, 5, 2, NULL, NULL, 'app_theme_default', NULL, 2, 'offshore'),
(292, '2018-03-14 22:40:45', '2018-03-14 22:40:45', 'Rakesh Dara', 'rdara@goitglobal.taskcontrol.co', '$2y$10$Z8PLILwpTEEckF8Ov73O7OwgMNpHnpTzChJAHuE6WlxFqZ80icmHW', 'WhitField Rock Block # 35', '+91 884 4223 8890', '+91 884 4223 8890', '+91 884 4223 8890', 8, NULL, NULL, 2, 5, 2, NULL, NULL, 'app_theme_default', NULL, 2, 'offshore'),
(293, '2018-03-14 22:40:45', '2018-03-14 22:40:45', 'Rakesh Dara', 'rdara@goitglobal.taskcontrol.co', '$2y$10$hxL7U2pj0CPDoVpdLvVTX.dAF9OCh1S.wZo5iUCklsJa0c2E0Jd3W', 'WhitField Rock Block # 35', '+91 884 4223 8890', '+91 884 4223 8890', '+91 884 4223 8890', 8, NULL, NULL, 2, 5, 2, NULL, NULL, 'app_theme_default', NULL, 2, 'offshore'),
(294, '2018-03-14 22:40:45', '2018-03-14 22:40:45', 'Rakesh Dara', 'rdara@goitglobal.taskcontrol.co', '$2y$10$bgznha8MN8sHlKuCZ/B22OKzXrL4zzN8vpwDfdGJsW.8AJNYEdJZG', 'WhitField Rock Block # 35', '+91 884 4223 8890', '+91 884 4223 8890', '+91 884 4223 8890', 8, NULL, NULL, 2, 5, 2, NULL, NULL, 'app_theme_default', NULL, 2, 'offshore'),
(295, '2018-03-14 22:40:46', '2018-03-14 22:40:46', 'Rakesh Dara', 'rdara@goitglobal.taskcontrol.co', '$2y$10$UwnxMcZ8ED4FEGmLaJwsjujX3p0EXbK8jHqGGEFGyQLe9ltSzHjM6', 'WhitField Rock Block # 35', '+91 884 4223 8890', '+91 884 4223 8890', '+91 884 4223 8890', 8, NULL, NULL, 2, 5, 2, NULL, NULL, 'app_theme_default', NULL, 2, 'offshore'),
(296, '2018-03-14 22:40:46', '2018-03-14 22:40:46', 'Rakesh Dara', 'rdara@goitglobal.taskcontrol.co', '$2y$10$T2UDkwfVg2W8Ali0R/ufZecosRGEi8nrueZE9fWIBzkb3N8NUmQ9O', 'WhitField Rock Block # 35', '+91 884 4223 8890', '+91 884 4223 8890', '+91 884 4223 8890', 8, NULL, NULL, 2, 5, 2, NULL, NULL, 'app_theme_default', NULL, 2, 'offshore'),
(297, '2018-03-14 22:40:46', '2018-03-14 22:40:46', 'Rakesh Dara', 'rdara@goitglobal.taskcontrol.co', '$2y$10$6FX5Wgd6T6d7R2AUX2RNJ.gcXaqE7bVMHfDq8paiJAGndRAEhMhpu', 'WhitField Rock Block # 35', '+91 884 4223 8890', '+91 884 4223 8890', '+91 884 4223 8890', 8, NULL, NULL, 2, 5, 2, NULL, NULL, 'app_theme_default', NULL, 2, 'offshore'),
(298, '2018-03-14 22:40:46', '2018-03-14 22:40:46', 'Rakesh Dara', 'rdara@goitglobal.taskcontrol.co', '$2y$10$yfMckA1FSkoglO0uIaV3Iu/gFh0sIbZJ4xMX.amkHYJl83OMpspwi', 'WhitField Rock Block # 35', '+91 884 4223 8890', '+91 884 4223 8890', '+91 884 4223 8890', 8, NULL, NULL, 2, 5, 2, NULL, NULL, 'app_theme_default', NULL, 2, 'offshore');
INSERT INTO `users` (`id`, `created_at`, `updated_at`, `name`, `email`, `password`, `address`, `office_phone`, `home_phone`, `cell_phone`, `city_id`, `company_role_id`, `project_role_id`, `seniority_id`, `office_id`, `workgroup_id`, `profile_image_path`, `sidebar`, `theme`, `remember_token`, `user_id`, `workplace`) VALUES
(299, '2018-03-14 22:40:47', '2018-03-14 22:40:47', 'Rakesh Dara', 'rdara@goitglobal.taskcontrol.co', '$2y$10$k.fNXlXsrHoZ.70suEfLeOoVi9ywVbg28dLDdA29StN8t.MMG2S6e', 'WhitField Rock Block # 35', '+91 884 4223 8890', '+91 884 4223 8890', '+91 884 4223 8890', 8, NULL, NULL, 2, 5, 2, NULL, NULL, 'app_theme_default', NULL, 2, 'offshore'),
(300, '2018-03-14 22:40:47', '2018-03-14 22:40:47', 'Rakesh Dara', 'rdara@goitglobal.taskcontrol.co', '$2y$10$J4iLG2xkTuf1VQqQJDRQGeBJawFRmUKj.u1YiO/OAcqquKdgIWRKe', 'WhitField Rock Block # 35', '+91 884 4223 8890', '+91 884 4223 8890', '+91 884 4223 8890', 8, NULL, NULL, 2, 5, 2, NULL, NULL, 'app_theme_default', NULL, 2, 'offshore'),
(301, '2018-03-14 22:40:47', '2018-03-14 22:40:47', 'Rakesh Dara', 'rdara@goitglobal.taskcontrol.co', '$2y$10$RUem9qyZa654POOaKvMQXOlrBx94dzXpR3YTL0yEnjgJBVhW1fGcK', 'WhitField Rock Block # 35', '+91 884 4223 8890', '+91 884 4223 8890', '+91 884 4223 8890', 8, NULL, NULL, 2, 5, 2, NULL, NULL, 'app_theme_default', NULL, 2, 'offshore'),
(302, '2018-03-14 22:40:47', '2018-03-14 22:40:47', 'Rakesh Dara', 'rdara@goitglobal.taskcontrol.co', '$2y$10$aPBLFDp3YqFkJ.EJ6.Xpr.Fvsi3xcOblBTYvG1AjMdqtOkM/n.2M2', 'WhitField Rock Block # 35', '+91 884 4223 8890', '+91 884 4223 8890', '+91 884 4223 8890', 8, NULL, NULL, 2, 5, 2, NULL, NULL, 'app_theme_default', NULL, 2, 'offshore'),
(303, '2018-03-14 22:41:44', '2018-03-14 22:41:44', 'Rakesh Dara', 'rdara@goitglobal.taskcontrol.co', '$2y$10$ueo8hjUQ8mVOJ1Mu/Mmp8OtOFVlXhga2KSc3h/4oyOOTlxsmnWutW', 'WhitField Rock Block # 35', '+91 884 4223 8890', '+91 884 4223 8890', '+91 884 4223 8890', 8, NULL, NULL, 2, 5, 2, NULL, NULL, 'app_theme_default', NULL, 2, 'offshore'),
(304, '2018-03-14 22:41:44', '2018-03-14 22:41:44', 'Rakesh Dara', 'rdara@goitglobal.taskcontrol.co', '$2y$10$sJl5EjxiWPfQO3JkpXBQVeTuriaaOUpLJQeRhJ7pUJQS12hczKt5q', 'WhitField Rock Block # 35', '+91 884 4223 8890', '+91 884 4223 8890', '+91 884 4223 8890', 8, NULL, NULL, 2, 5, 2, NULL, NULL, 'app_theme_default', NULL, 2, 'offshore'),
(305, '2018-03-14 22:41:44', '2018-03-14 22:41:44', 'Rakesh Dara', 'rdara@goitglobal.taskcontrol.co', '$2y$10$VJ8bSDMH0eccQq/Sh9W51eDhf0E8ClunhfaDRXlt9fP2gtOzeIem2', 'WhitField Rock Block # 35', '+91 884 4223 8890', '+91 884 4223 8890', '+91 884 4223 8890', 8, NULL, NULL, 2, 5, 2, NULL, NULL, 'app_theme_default', NULL, 2, 'offshore'),
(306, '2018-03-14 22:41:44', '2018-03-14 22:41:44', 'Rakesh Dara', 'rdara@goitglobal.taskcontrol.co', '$2y$10$zDCbBfgK5SVAEsEdExRnEuDNJGY44Bx/fYgqjOuDBaab0eWt74qTK', 'WhitField Rock Block # 35', '+91 884 4223 8890', '+91 884 4223 8890', '+91 884 4223 8890', 8, NULL, NULL, 2, 5, 2, NULL, NULL, 'app_theme_default', NULL, 2, 'offshore'),
(307, '2018-03-14 22:41:44', '2018-03-14 22:41:44', 'Rakesh Dara', 'rdara@goitglobal.taskcontrol.co', '$2y$10$WyqBvqRfNDwWNA5JdAJ58.UHvyAS3LsqtWjdSPn/15PLZ8C4CDUXq', 'WhitField Rock Block # 35', '+91 884 4223 8890', '+91 884 4223 8890', '+91 884 4223 8890', 8, NULL, NULL, 2, 5, 2, NULL, NULL, 'app_theme_default', NULL, 2, 'offshore'),
(308, '2018-03-14 22:41:44', '2018-03-14 22:41:44', 'Rakesh Dara', 'rdara@goitglobal.taskcontrol.co', '$2y$10$HXfL2HdA6ZxC7lXBtufvru1EJ26yCwc7sbMPLWN6rNmiehVEHSMgi', 'WhitField Rock Block # 35', '+91 884 4223 8890', '+91 884 4223 8890', '+91 884 4223 8890', 8, NULL, NULL, 2, 5, 2, NULL, NULL, 'app_theme_default', NULL, 2, 'offshore'),
(309, '2018-03-14 22:41:45', '2018-03-14 22:41:45', 'Rakesh Dara', 'rdara@goitglobal.taskcontrol.co', '$2y$10$7seLZgB3euiTDV9iy8cAze2uxFInu4/OU039b.5JsN5gvJTstqEOa', 'WhitField Rock Block # 35', '+91 884 4223 8890', '+91 884 4223 8890', '+91 884 4223 8890', 8, NULL, NULL, 2, 5, 2, NULL, NULL, 'app_theme_default', NULL, 2, 'offshore'),
(310, '2018-03-14 22:41:45', '2018-03-14 22:41:45', 'Rakesh Dara', 'rdara@goitglobal.taskcontrol.co', '$2y$10$O22Gnf/plkIR409JfGwRgeixa//2pP799HuO/k3PX6KU3fidvsBuS', 'WhitField Rock Block # 35', '+91 884 4223 8890', '+91 884 4223 8890', '+91 884 4223 8890', 8, NULL, NULL, 2, 5, 2, NULL, NULL, 'app_theme_default', NULL, 2, 'offshore'),
(311, '2018-03-14 22:41:45', '2018-03-14 22:41:45', 'Rakesh Dara', 'rdara@goitglobal.taskcontrol.co', '$2y$10$pFuivWDnW2eXQsAAZNOyhukzLuG0.ex/ylacbHwD62i.A7oVZ7azq', 'WhitField Rock Block # 35', '+91 884 4223 8890', '+91 884 4223 8890', '+91 884 4223 8890', 8, NULL, NULL, 2, 5, 2, NULL, NULL, 'app_theme_default', NULL, 2, 'offshore'),
(312, '2018-03-14 22:41:46', '2018-03-14 22:41:46', 'Rakesh Dara', 'rdara@goitglobal.taskcontrol.co', '$2y$10$ipqjU46qstbidtoLLv5quupliVFoP1MtKrWbuDV3nNajgqPh/jvG6', 'WhitField Rock Block # 35', '+91 884 4223 8890', '+91 884 4223 8890', '+91 884 4223 8890', 8, NULL, NULL, 2, 5, 2, NULL, NULL, 'app_theme_default', NULL, 2, 'offshore'),
(313, '2018-03-14 22:41:46', '2018-03-14 22:41:46', 'Rakesh Dara', 'rdara@goitglobal.taskcontrol.co', '$2y$10$.YXkg9n1snVeasbhdVrNX.uozN38JVD6yQo0y6g/YVH1mYyrwZR9O', 'WhitField Rock Block # 35', '+91 884 4223 8890', '+91 884 4223 8890', '+91 884 4223 8890', 8, NULL, NULL, 2, 5, 2, NULL, NULL, 'app_theme_default', NULL, 2, 'offshore'),
(314, '2018-03-14 22:41:46', '2018-03-14 22:41:46', 'Rakesh Dara', 'rdara@goitglobal.taskcontrol.co', '$2y$10$Vk9sXpysO3JBgH3.h2TqGebn85I/Sbb3uhP755nlATIX2MeR2jPc2', 'WhitField Rock Block # 35', '+91 884 4223 8890', '+91 884 4223 8890', '+91 884 4223 8890', 8, NULL, NULL, 2, 5, 2, NULL, NULL, 'app_theme_default', NULL, 2, 'offshore'),
(315, '2018-03-14 22:41:46', '2018-03-14 22:41:46', 'Rakesh Dara', 'rdara@goitglobal.taskcontrol.co', '$2y$10$ysbHaVztmch9dC.YIPcPaeouNv40jBVQJXn7sUhFkWvH.dvNmgrl6', 'WhitField Rock Block # 35', '+91 884 4223 8890', '+91 884 4223 8890', '+91 884 4223 8890', 8, NULL, NULL, 2, 5, 2, NULL, NULL, 'app_theme_default', NULL, 2, 'offshore'),
(316, '2018-03-14 22:41:46', '2018-03-14 22:41:46', 'Rakesh Dara', 'rdara@goitglobal.taskcontrol.co', '$2y$10$dna4LjfRKJMblGmmrSIfJ.M.fHfCOUOl7PCEZLZHEqZbQ2y.Opjtq', 'WhitField Rock Block # 35', '+91 884 4223 8890', '+91 884 4223 8890', '+91 884 4223 8890', 8, NULL, NULL, 2, 5, 2, NULL, NULL, 'app_theme_default', NULL, 2, 'offshore'),
(317, '2018-03-14 22:41:47', '2018-03-14 22:41:47', 'Rakesh Dara', 'rdara@goitglobal.taskcontrol.co', '$2y$10$Az7SQTThlI1dZLWfZ8p/Ie7rBvBQDopKEmaIeBL.6IZG5zZl.a90q', 'WhitField Rock Block # 35', '+91 884 4223 8890', '+91 884 4223 8890', '+91 884 4223 8890', 8, NULL, NULL, 2, 5, 2, NULL, NULL, 'app_theme_default', NULL, 2, 'offshore'),
(318, '2018-03-14 22:41:47', '2018-03-14 22:41:47', 'Rakesh Dara', 'rdara@goitglobal.taskcontrol.co', '$2y$10$0agg8zyHJtS7qyGDFQkmweWLKIcoTgEcZ3/Hi4iJIzM47fCo8q4b.', 'WhitField Rock Block # 35', '+91 884 4223 8890', '+91 884 4223 8890', '+91 884 4223 8890', 8, NULL, NULL, 2, 5, 2, NULL, NULL, 'app_theme_default', NULL, 2, 'offshore'),
(319, '2018-03-14 22:41:47', '2018-03-14 22:41:47', 'Rakesh Dara', 'rdara@goitglobal.taskcontrol.co', '$2y$10$V75H1r916c/PVNsUbHZwcus4Bkgeqkb9rEgGa4zSHev/i7BtHW84m', 'WhitField Rock Block # 35', '+91 884 4223 8890', '+91 884 4223 8890', '+91 884 4223 8890', 8, NULL, NULL, 2, 5, 2, NULL, NULL, 'app_theme_default', NULL, 2, 'offshore'),
(320, '2018-03-14 22:41:47', '2018-03-14 22:41:47', 'Rakesh Dara', 'rdara@goitglobal.taskcontrol.co', '$2y$10$O2W3HydkB/kbdZ0ikozguOFHK4oipeh1n.KFxROQlGNWNFl/6UK1C', 'WhitField Rock Block # 35', '+91 884 4223 8890', '+91 884 4223 8890', '+91 884 4223 8890', 8, NULL, NULL, 2, 5, 2, NULL, NULL, 'app_theme_default', NULL, 2, 'offshore'),
(321, '2018-03-14 22:41:47', '2018-03-14 22:41:47', 'Rakesh Dara', 'rdara@goitglobal.taskcontrol.co', '$2y$10$hBnsosz8MlmztlI1A38pc.Kct7Se55PR4.X3hmEdA2iKzohsIguxG', 'WhitField Rock Block # 35', '+91 884 4223 8890', '+91 884 4223 8890', '+91 884 4223 8890', 8, NULL, NULL, 2, 5, 2, NULL, NULL, 'app_theme_default', NULL, 2, 'offshore'),
(322, '2018-03-14 22:41:47', '2018-03-14 22:41:47', 'Rakesh Dara', 'rdara@goitglobal.taskcontrol.co', '$2y$10$m0EcaazGAGB7B.VCWBQzC.famOxj7IiAJi2SIIxfSgDmHtfhTdPc6', 'WhitField Rock Block # 35', '+91 884 4223 8890', '+91 884 4223 8890', '+91 884 4223 8890', 8, NULL, NULL, 2, 5, 2, NULL, NULL, 'app_theme_default', NULL, 2, 'offshore'),
(323, '2018-03-14 22:41:49', '2018-03-14 22:41:49', 'Rakesh Dara', 'rdara@goitglobal.taskcontrol.co', '$2y$10$DjFzuT980tzPBeZC3ojZcOmkqK/po9RlrvFDJnE37xmob7gynIqcy', 'WhitField Rock Block # 35', '+91 884 4223 8890', '+91 884 4223 8890', '+91 884 4223 8890', 8, NULL, NULL, 2, 5, 2, NULL, NULL, 'app_theme_default', NULL, 2, 'offshore'),
(324, '2018-03-14 22:41:49', '2018-03-14 22:41:49', 'Rakesh Dara', 'rdara@goitglobal.taskcontrol.co', '$2y$10$XVS28zZUYPr9Oeo1IpNc4.jZFCu8EawY8/oscwkqqzGSuTmSzCCVC', 'WhitField Rock Block # 35', '+91 884 4223 8890', '+91 884 4223 8890', '+91 884 4223 8890', 8, NULL, NULL, 2, 5, 2, NULL, NULL, 'app_theme_default', NULL, 2, 'offshore'),
(325, '2018-03-14 22:41:49', '2018-03-14 22:41:49', 'Rakesh Dara', 'rdara@goitglobal.taskcontrol.co', '$2y$10$koAXVcW/mV/TY5ihJmLTg.zZV6psxBGOGfs/S9cBGVACcTiYutA/S', 'WhitField Rock Block # 35', '+91 884 4223 8890', '+91 884 4223 8890', '+91 884 4223 8890', 8, NULL, NULL, 2, 5, 2, NULL, NULL, 'app_theme_default', NULL, 2, 'offshore'),
(326, '2018-03-14 22:41:49', '2018-03-14 22:41:49', 'Rakesh Dara', 'rdara@goitglobal.taskcontrol.co', '$2y$10$XIDs8c18q5mjRTSDoZUgi.DTn2Yq6UdJaVS18HOs0ESSOoVrBmV6e', 'WhitField Rock Block # 35', '+91 884 4223 8890', '+91 884 4223 8890', '+91 884 4223 8890', 8, NULL, NULL, 2, 5, 2, NULL, NULL, 'app_theme_default', NULL, 2, 'offshore'),
(327, '2018-03-14 22:41:49', '2018-03-14 22:41:49', 'Rakesh Dara', 'rdara@goitglobal.taskcontrol.co', '$2y$10$nM6YjuxkasSCkyToW1P0s.DUiT9GjVW9pbqt05KYnRNQVaTyj04P.', 'WhitField Rock Block # 35', '+91 884 4223 8890', '+91 884 4223 8890', '+91 884 4223 8890', 8, NULL, NULL, 2, 5, 2, NULL, NULL, 'app_theme_default', NULL, 2, 'offshore'),
(328, '2018-03-14 22:41:49', '2018-03-14 22:41:49', 'Rakesh Dara', 'rdara@goitglobal.taskcontrol.co', '$2y$10$43RKd6oGcks0N9H.7DcRje1hyAVyoLwOmQw0qSxlOrAcVEg8NZOX.', 'WhitField Rock Block # 35', '+91 884 4223 8890', '+91 884 4223 8890', '+91 884 4223 8890', 8, NULL, NULL, 2, 5, 2, NULL, NULL, 'app_theme_default', NULL, 2, 'offshore'),
(329, '2018-03-14 22:41:50', '2018-03-14 22:41:50', 'Rakesh Dara', 'rdara@goitglobal.taskcontrol.co', '$2y$10$nmo3hr30FAIqUdwKNu9fGew8bwaIOn43IlLRupz9Cwo3uEtNGoXcm', 'WhitField Rock Block # 35', '+91 884 4223 8890', '+91 884 4223 8890', '+91 884 4223 8890', 8, NULL, NULL, 2, 5, 2, NULL, NULL, 'app_theme_default', NULL, 2, 'offshore'),
(330, '2018-03-14 22:41:50', '2018-03-14 22:41:50', 'Rakesh Dara', 'rdara@goitglobal.taskcontrol.co', '$2y$10$FJriokm3bjJ/QYlhEqlNKOJQyVU0fHS1q9j2VUzHw9wRgtWROU9B2', 'WhitField Rock Block # 35', '+91 884 4223 8890', '+91 884 4223 8890', '+91 884 4223 8890', 8, NULL, NULL, 2, 5, 2, NULL, NULL, 'app_theme_default', NULL, 2, 'offshore'),
(331, '2018-03-14 22:41:50', '2018-03-14 22:41:50', 'Rakesh Dara', 'rdara@goitglobal.taskcontrol.co', '$2y$10$pzt5dV1.GieqABuIDeKTT.V.3kyaNiohWdIjcNzzBCPhFUsPOpfJW', 'WhitField Rock Block # 35', '+91 884 4223 8890', '+91 884 4223 8890', '+91 884 4223 8890', 8, NULL, NULL, 2, 5, 2, NULL, NULL, 'app_theme_default', NULL, 2, 'offshore'),
(332, '2018-03-14 22:41:50', '2018-03-14 22:41:50', 'Rakesh Dara', 'rdara@goitglobal.taskcontrol.co', '$2y$10$iuR2qQn2HRoMTi.Sduumf.XSbHIdXGcPmK956WS96cgobGYmzaUp2', 'WhitField Rock Block # 35', '+91 884 4223 8890', '+91 884 4223 8890', '+91 884 4223 8890', 8, NULL, NULL, 2, 5, 2, NULL, NULL, 'app_theme_default', NULL, 2, 'offshore'),
(333, '2018-03-14 22:41:51', '2018-03-14 22:41:51', 'Rakesh Dara', 'rdara@goitglobal.taskcontrol.co', '$2y$10$qnypKjWQaRkLFNed0Q9jouHmX2fxFWI2FVIQxF71ljz0bZaJzSbZu', 'WhitField Rock Block # 35', '+91 884 4223 8890', '+91 884 4223 8890', '+91 884 4223 8890', 8, NULL, NULL, 2, 5, 2, NULL, NULL, 'app_theme_default', NULL, 2, 'offshore'),
(334, '2018-03-14 22:41:51', '2018-03-14 22:41:51', 'Rakesh Dara', 'rdara@goitglobal.taskcontrol.co', '$2y$10$Fg037a/as6qSFRZ5/OHtU.dNjf4gBgkQI6a4dVuvixJ9M1BvLXbm.', 'WhitField Rock Block # 35', '+91 884 4223 8890', '+91 884 4223 8890', '+91 884 4223 8890', 8, NULL, NULL, 2, 5, 2, NULL, NULL, 'app_theme_default', NULL, 2, 'offshore'),
(335, '2018-03-14 22:41:51', '2018-03-14 22:41:51', 'Rakesh Dara', 'rdara@goitglobal.taskcontrol.co', '$2y$10$SKlOX80Denzvb6BlnGuc9.2GPBCBczgNv5nrX1A4RIoDyZalD4Kpi', 'WhitField Rock Block # 35', '+91 884 4223 8890', '+91 884 4223 8890', '+91 884 4223 8890', 8, NULL, NULL, 2, 5, 2, NULL, NULL, 'app_theme_default', NULL, 2, 'offshore'),
(336, '2018-03-14 22:41:51', '2018-03-14 22:41:51', 'Rakesh Dara', 'rdara@goitglobal.taskcontrol.co', '$2y$10$Zkp/s6f9xkV5JnFwG./G/e2pP9SQHeKH7Q6KHkwBf0wwCjIOYE3Sm', 'WhitField Rock Block # 35', '+91 884 4223 8890', '+91 884 4223 8890', '+91 884 4223 8890', 8, NULL, NULL, 2, 5, 2, NULL, NULL, 'app_theme_default', NULL, 2, 'offshore'),
(337, '2018-03-14 22:41:52', '2018-03-14 22:41:52', 'Rakesh Dara', 'rdara@goitglobal.taskcontrol.co', '$2y$10$Rr8CIbX5G8BtZ7ZANUtnTePWiHquqFeTdbbyxXV/H4KXkmCuWIUu.', 'WhitField Rock Block # 35', '+91 884 4223 8890', '+91 884 4223 8890', '+91 884 4223 8890', 8, NULL, NULL, 2, 5, 2, NULL, NULL, 'app_theme_default', NULL, 2, 'offshore'),
(338, '2018-03-14 22:41:52', '2018-03-14 22:41:52', 'Rakesh Dara', 'rdara@goitglobal.taskcontrol.co', '$2y$10$R.t6MbJ/GRrwm9xDVY2smOQKT2Y9VtskJYIZqB62ja17FmsEzb5hq', 'WhitField Rock Block # 35', '+91 884 4223 8890', '+91 884 4223 8890', '+91 884 4223 8890', 8, NULL, NULL, 2, 5, 2, NULL, NULL, 'app_theme_default', NULL, 2, 'offshore'),
(339, '2018-03-14 22:41:52', '2018-03-14 22:41:52', 'Rakesh Dara', 'rdara@goitglobal.taskcontrol.co', '$2y$10$tcbCioM6ePVceHucZqYEBegQJhnLWueiXZ4.kQGhJtvOulI449GxS', 'WhitField Rock Block # 35', '+91 884 4223 8890', '+91 884 4223 8890', '+91 884 4223 8890', 8, NULL, NULL, 2, 5, 2, NULL, NULL, 'app_theme_default', NULL, 2, 'offshore'),
(340, '2018-03-14 22:41:52', '2018-03-14 22:41:52', 'Rakesh Dara', 'rdara@goitglobal.taskcontrol.co', '$2y$10$TIfSaDWWLES97U/vPdRHmOuQkKr1tg37jB/Iy8YWxD5Fh5CTF/6B2', 'WhitField Rock Block # 35', '+91 884 4223 8890', '+91 884 4223 8890', '+91 884 4223 8890', 8, NULL, NULL, 2, 5, 2, NULL, NULL, 'app_theme_default', NULL, 2, 'offshore'),
(341, '2018-03-14 22:41:52', '2018-03-14 22:41:52', 'Rakesh Dara', 'rdara@goitglobal.taskcontrol.co', '$2y$10$slfS31L36sww.AE28IMMKOkvASGMwXNw9CiHPEpI/BRS3YiUjftoG', 'WhitField Rock Block # 35', '+91 884 4223 8890', '+91 884 4223 8890', '+91 884 4223 8890', 8, NULL, NULL, 2, 5, 2, NULL, NULL, 'app_theme_default', NULL, 2, 'offshore'),
(342, '2018-03-14 22:41:52', '2018-03-14 22:41:52', 'Rakesh Dara', 'rdara@goitglobal.taskcontrol.co', '$2y$10$u3Wet59szpnwRHslI7IHKOxrihtDPn3lsSRzZmxgc28QQTh7pQ/Y2', 'WhitField Rock Block # 35', '+91 884 4223 8890', '+91 884 4223 8890', '+91 884 4223 8890', 8, NULL, NULL, 2, 5, 2, NULL, NULL, 'app_theme_default', NULL, 2, 'offshore'),
(343, '2018-03-14 22:41:53', '2018-03-14 22:41:53', 'Rakesh Dara', 'rdara@goitglobal.taskcontrol.co', '$2y$10$gC6MECKMJZ8rJlXNDp6tw.2SHaqWuTijrY9IXo20wst2euajEscBC', 'WhitField Rock Block # 35', '+91 884 4223 8890', '+91 884 4223 8890', '+91 884 4223 8890', 8, NULL, NULL, 2, 5, 2, NULL, NULL, 'app_theme_default', NULL, 2, 'offshore'),
(344, '2018-03-14 22:41:53', '2018-03-14 22:41:53', 'Rakesh Dara', 'rdara@goitglobal.taskcontrol.co', '$2y$10$tIhKKGMBJTT8AXyMDiV4We3Q3KTal6p5yT1m0St7eAdSpgw0v8Fca', 'WhitField Rock Block # 35', '+91 884 4223 8890', '+91 884 4223 8890', '+91 884 4223 8890', 8, NULL, NULL, 2, 5, 2, NULL, NULL, 'app_theme_default', NULL, 2, 'offshore'),
(345, '2018-03-14 22:41:53', '2018-03-14 22:41:53', 'Rakesh Dara', 'rdara@goitglobal.taskcontrol.co', '$2y$10$IJhUqApgMPPA8s6uwCkYW.GwGJhYW7tV3.Uw3itYNmwHotATFpvHu', 'WhitField Rock Block # 35', '+91 884 4223 8890', '+91 884 4223 8890', '+91 884 4223 8890', 8, NULL, NULL, 2, 5, 2, NULL, NULL, 'app_theme_default', NULL, 2, 'offshore'),
(346, '2018-03-14 22:41:53', '2018-03-14 22:41:53', 'Rakesh Dara', 'rdara@goitglobal.taskcontrol.co', '$2y$10$Osolf89sp9c1WgwYevjmle6b5Ebp1jusx3Gnyu.krFcGhaFibpNe.', 'WhitField Rock Block # 35', '+91 884 4223 8890', '+91 884 4223 8890', '+91 884 4223 8890', 8, NULL, NULL, 2, 5, 2, NULL, NULL, 'app_theme_default', NULL, 2, 'offshore'),
(347, '2018-03-14 22:41:53', '2018-03-14 22:41:53', 'Rakesh Dara', 'rdara@goitglobal.taskcontrol.co', '$2y$10$BauklbSh3ZCFPS.cddKUkeqdlbPK9Tsujx4iBDPDQP5qQ.Fa49KYG', 'WhitField Rock Block # 35', '+91 884 4223 8890', '+91 884 4223 8890', '+91 884 4223 8890', 8, NULL, NULL, 2, 5, 2, NULL, NULL, 'app_theme_default', NULL, 2, 'offshore'),
(348, '2018-03-14 22:41:54', '2018-03-14 22:41:54', 'Rakesh Dara', 'rdara@goitglobal.taskcontrol.co', '$2y$10$Iqh8I9dYlDfO.GmwOSTNhOYBB61FL4qByjppEZr037VmIwsJ6QMiq', 'WhitField Rock Block # 35', '+91 884 4223 8890', '+91 884 4223 8890', '+91 884 4223 8890', 8, NULL, NULL, 2, 5, 2, NULL, NULL, 'app_theme_default', NULL, 2, 'offshore'),
(349, '2018-03-14 22:41:54', '2018-03-14 22:41:54', 'Rakesh Dara', 'rdara@goitglobal.taskcontrol.co', '$2y$10$wAeAhkj1Tld9umBjII07Ye9ZNU9Pz64pvbgPrOPjQnmd8bKlV.L5i', 'WhitField Rock Block # 35', '+91 884 4223 8890', '+91 884 4223 8890', '+91 884 4223 8890', 8, NULL, NULL, 2, 5, 2, NULL, NULL, 'app_theme_default', NULL, 2, 'offshore'),
(350, '2018-03-14 22:41:54', '2018-03-14 22:41:54', 'Rakesh Dara', 'rdara@goitglobal.taskcontrol.co', '$2y$10$ILlFn5aTukPreY61ePVRpOumMEwzTQwzsryCqjm2QTGeNOVBawsbK', 'WhitField Rock Block # 35', '+91 884 4223 8890', '+91 884 4223 8890', '+91 884 4223 8890', 8, NULL, NULL, 2, 5, 2, NULL, NULL, 'app_theme_default', NULL, 2, 'offshore'),
(351, '2018-03-14 22:41:55', '2018-03-14 22:41:55', 'Rakesh Dara', 'rdara@goitglobal.taskcontrol.co', '$2y$10$dCV3Uu3e1mflEfekC/i3zumcE3gKMRm9S58gg5uEH6TsbyovyjtQ2', 'WhitField Rock Block # 35', '+91 884 4223 8890', '+91 884 4223 8890', '+91 884 4223 8890', 8, NULL, NULL, 2, 5, 2, NULL, NULL, 'app_theme_default', NULL, 2, 'offshore'),
(352, '2018-03-14 22:41:55', '2018-03-14 22:41:55', 'Rakesh Dara', 'rdara@goitglobal.taskcontrol.co', '$2y$10$O.Jjrh/cx79XwWIonKnFceyccx8n1tKt0ZllTmnCkAixemSuJNu9S', 'WhitField Rock Block # 35', '+91 884 4223 8890', '+91 884 4223 8890', '+91 884 4223 8890', 8, NULL, NULL, 2, 5, 2, NULL, NULL, 'app_theme_default', NULL, 2, 'offshore'),
(353, '2018-03-14 22:41:55', '2018-03-14 22:41:55', 'Rakesh Dara', 'rdara@goitglobal.taskcontrol.co', '$2y$10$YfDQ6caFHGqui71dGoEeyuoCrlD4QDlSFp/juEIfBk1afx84QBer6', 'WhitField Rock Block # 35', '+91 884 4223 8890', '+91 884 4223 8890', '+91 884 4223 8890', 8, NULL, NULL, 2, 5, 2, NULL, NULL, 'app_theme_default', NULL, 2, 'offshore'),
(354, '2018-03-14 22:41:55', '2018-03-14 22:41:55', 'Rakesh Dara', 'rdara@goitglobal.taskcontrol.co', '$2y$10$1v4Mq3AlZnWFnVSq5nmleO7hgyGgy85NdPbCOQ7uTDr5JlyElZp6q', 'WhitField Rock Block # 35', '+91 884 4223 8890', '+91 884 4223 8890', '+91 884 4223 8890', 8, NULL, NULL, 2, 5, 2, NULL, NULL, 'app_theme_default', NULL, 2, 'offshore'),
(355, '2018-03-14 22:41:55', '2018-03-14 22:41:55', 'Rakesh Dara', 'rdara@goitglobal.taskcontrol.co', '$2y$10$C3fim/exHYAYINbBc9Bnf.eE5ZcYHtHDLlT7ORMWZpg3FLH8ucfTi', 'WhitField Rock Block # 35', '+91 884 4223 8890', '+91 884 4223 8890', '+91 884 4223 8890', 8, NULL, NULL, 2, 5, 2, NULL, NULL, 'app_theme_default', NULL, 2, 'offshore'),
(356, '2018-03-14 22:41:55', '2018-03-14 22:41:55', 'Rakesh Dara', 'rdara@goitglobal.taskcontrol.co', '$2y$10$.mU6pQXRVH8R6HRTfIifCuct9rBVk/uRO9Eewgc9nbI7cS0KFqIYG', 'WhitField Rock Block # 35', '+91 884 4223 8890', '+91 884 4223 8890', '+91 884 4223 8890', 8, NULL, NULL, 2, 5, 2, NULL, NULL, 'app_theme_default', NULL, 2, 'offshore'),
(357, '2018-03-14 22:41:56', '2018-03-14 22:41:56', 'Rakesh Dara', 'rdara@goitglobal.taskcontrol.co', '$2y$10$rjRaTOOhPoNIRFurhHNQc.qNg8CxtlKoOApPv84Gi5icCvAXqAi0K', 'WhitField Rock Block # 35', '+91 884 4223 8890', '+91 884 4223 8890', '+91 884 4223 8890', 8, NULL, NULL, 2, 5, 2, NULL, NULL, 'app_theme_default', NULL, 2, 'offshore'),
(358, '2018-03-14 22:41:56', '2018-03-14 22:41:56', 'Rakesh Dara', 'rdara@goitglobal.taskcontrol.co', '$2y$10$KLfXTErgo7qGRXpOQLaoV.0xqceQCzLldMqsRj6i73GjbRQKAh/3.', 'WhitField Rock Block # 35', '+91 884 4223 8890', '+91 884 4223 8890', '+91 884 4223 8890', 8, NULL, NULL, 2, 5, 2, NULL, NULL, 'app_theme_default', NULL, 2, 'offshore'),
(359, '2018-03-14 22:41:57', '2018-03-14 22:41:57', 'Rakesh Dara', 'rdara@goitglobal.taskcontrol.co', '$2y$10$78KpJtzz0Oi1cZASjFPvAeBb4riuqujDYGktRGVdQO/ETO1AVzn42', 'WhitField Rock Block # 35', '+91 884 4223 8890', '+91 884 4223 8890', '+91 884 4223 8890', 8, NULL, NULL, 2, 5, 2, NULL, NULL, 'app_theme_default', NULL, 2, 'offshore'),
(360, '2018-03-14 22:41:57', '2018-03-14 22:41:57', 'Rakesh Dara', 'rdara@goitglobal.taskcontrol.co', '$2y$10$Ual4DTmSFmnSv62z.26rROSwhTtQGgixq4MRzYFwH5fsteYt1VZhC', 'WhitField Rock Block # 35', '+91 884 4223 8890', '+91 884 4223 8890', '+91 884 4223 8890', 8, NULL, NULL, 2, 5, 2, NULL, NULL, 'app_theme_default', NULL, 2, 'offshore'),
(361, '2018-03-14 22:41:57', '2018-03-14 22:41:57', 'Rakesh Dara', 'rdara@goitglobal.taskcontrol.co', '$2y$10$vrdPgzHQ53tzxhhVONU4PO4UuWE6dmQJ99SSn30hYJUva.22ZAIF6', 'WhitField Rock Block # 35', '+91 884 4223 8890', '+91 884 4223 8890', '+91 884 4223 8890', 8, NULL, NULL, 2, 5, 2, NULL, NULL, 'app_theme_default', NULL, 2, 'offshore'),
(362, '2018-03-14 22:41:57', '2018-03-14 22:41:57', 'Rakesh Dara', 'rdara@goitglobal.taskcontrol.co', '$2y$10$bfySdUjura3XKPIthaiutumy4.pahspoWAl0Gv1Fh9zPy2..oRzcq', 'WhitField Rock Block # 35', '+91 884 4223 8890', '+91 884 4223 8890', '+91 884 4223 8890', 8, NULL, NULL, 2, 5, 2, NULL, NULL, 'app_theme_default', NULL, 2, 'offshore'),
(363, '2018-03-14 22:41:57', '2018-03-14 22:41:57', 'Rakesh Dara', 'rdara@goitglobal.taskcontrol.co', '$2y$10$oNrzleyOZwIuhxOljuUJxuNyas1eXIkFZIv5PRcdQOxemdWWJAf8.', 'WhitField Rock Block # 35', '+91 884 4223 8890', '+91 884 4223 8890', '+91 884 4223 8890', 8, NULL, NULL, 2, 5, 2, NULL, NULL, 'app_theme_default', NULL, 2, 'offshore'),
(364, '2018-03-14 22:41:58', '2018-03-14 22:41:58', 'Rakesh Dara', 'rdara@goitglobal.taskcontrol.co', '$2y$10$gCQu74ZktGUzz/MXy25n3eEXyuEwyPnkYPtgXnCRut7lwkPzcXHjC', 'WhitField Rock Block # 35', '+91 884 4223 8890', '+91 884 4223 8890', '+91 884 4223 8890', 8, NULL, NULL, 2, 5, 2, NULL, NULL, 'app_theme_default', NULL, 2, 'offshore'),
(365, '2018-03-14 22:41:58', '2018-03-14 22:41:58', 'Rakesh Dara', 'rdara@goitglobal.taskcontrol.co', '$2y$10$fXE4b756bN9XTrQtLEnHuOvZZSuDntgDjiAG/szEGrxeDLY5uHIfm', 'WhitField Rock Block # 35', '+91 884 4223 8890', '+91 884 4223 8890', '+91 884 4223 8890', 8, NULL, NULL, 2, 5, 2, NULL, NULL, 'app_theme_default', NULL, 2, 'offshore'),
(366, '2018-03-14 22:41:58', '2018-03-14 22:41:58', 'Rakesh Dara', 'rdara@goitglobal.taskcontrol.co', '$2y$10$XyzxEcBlqbuAWCUP.bl3seKhtmeZRsGgKRdaxOFhvgtPeBnXay1ri', 'WhitField Rock Block # 35', '+91 884 4223 8890', '+91 884 4223 8890', '+91 884 4223 8890', 8, NULL, NULL, 2, 5, 2, NULL, NULL, 'app_theme_default', NULL, 2, 'offshore'),
(367, '2018-03-14 22:41:58', '2018-03-14 22:41:58', 'Rakesh Dara', 'rdara@goitglobal.taskcontrol.co', '$2y$10$x3sruHhPvYmNrWKrlOi1P.VZyhYXJbjF30aISgeAvtMNFXnmZ7uJm', 'WhitField Rock Block # 35', '+91 884 4223 8890', '+91 884 4223 8890', '+91 884 4223 8890', 8, NULL, NULL, 2, 5, 2, NULL, NULL, 'app_theme_default', NULL, 2, 'offshore'),
(368, '2018-03-14 22:41:59', '2018-03-14 22:41:59', 'Rakesh Dara', 'rdara@goitglobal.taskcontrol.co', '$2y$10$g/.dvGXuZRZ2/Bbw.A45UesRB9ojbMnSi/QCWnPccK11ZzK7DEF4W', 'WhitField Rock Block # 35', '+91 884 4223 8890', '+91 884 4223 8890', '+91 884 4223 8890', 8, NULL, NULL, 2, 5, 2, NULL, NULL, 'app_theme_default', NULL, 2, 'offshore'),
(369, '2018-03-14 22:41:59', '2018-03-14 22:41:59', 'Rakesh Dara', 'rdara@goitglobal.taskcontrol.co', '$2y$10$kx1MGWuBUXtvzmt4MlweQuCbYQ4W.kyZGNAz8b4I.syI6FHGjc/eS', 'WhitField Rock Block # 35', '+91 884 4223 8890', '+91 884 4223 8890', '+91 884 4223 8890', 8, NULL, NULL, 2, 5, 2, NULL, NULL, 'app_theme_default', NULL, 2, 'offshore'),
(370, '2018-03-14 22:41:59', '2018-03-14 22:41:59', 'Rakesh Dara', 'rdara@goitglobal.taskcontrol.co', '$2y$10$.HHwQ6nV7RwbrESpILEImuskuAN/InB960FzvWz9GXti1UKDZkgP6', 'WhitField Rock Block # 35', '+91 884 4223 8890', '+91 884 4223 8890', '+91 884 4223 8890', 8, NULL, NULL, 2, 5, 2, NULL, NULL, 'app_theme_default', NULL, 2, 'offshore'),
(371, '2018-03-14 22:42:00', '2018-03-14 22:42:00', 'Rakesh Dara', 'rdara@goitglobal.taskcontrol.co', '$2y$10$cT1IZry5Da.nu8GGXcMcLuhRt2GVApAXzDAEtxmNFnWWcNNkW.yD2', 'WhitField Rock Block # 35', '+91 884 4223 8890', '+91 884 4223 8890', '+91 884 4223 8890', 8, NULL, NULL, 2, 5, 2, NULL, NULL, 'app_theme_default', NULL, 2, 'offshore'),
(372, '2018-03-14 22:42:00', '2018-03-14 22:42:00', 'Rakesh Dara', 'rdara@goitglobal.taskcontrol.co', '$2y$10$XkrYdXKC.xp55kEPlZ6PLeo36jGiQQmSMDw9Xa7YptEeteZ9.tcyS', 'WhitField Rock Block # 35', '+91 884 4223 8890', '+91 884 4223 8890', '+91 884 4223 8890', 8, NULL, NULL, 2, 5, 2, NULL, NULL, 'app_theme_default', NULL, 2, 'offshore'),
(373, '2018-03-14 22:42:00', '2018-03-14 22:42:00', 'Rakesh Dara', 'rdara@goitglobal.taskcontrol.co', '$2y$10$4AOUtkTCCUM8x5n1TETlI.WqWpZEtevfUqa1XRI.WaH/4MJs75s9S', 'WhitField Rock Block # 35', '+91 884 4223 8890', '+91 884 4223 8890', '+91 884 4223 8890', 8, NULL, NULL, 2, 5, 2, NULL, NULL, 'app_theme_default', NULL, 2, 'offshore'),
(374, '2018-03-14 22:42:00', '2018-03-14 22:42:00', 'Rakesh Dara', 'rdara@goitglobal.taskcontrol.co', '$2y$10$EST/QsLlONzBOWauOcn1CuVTFg/bYBeDyrzE4qGo54hs46xi7jfIy', 'WhitField Rock Block # 35', '+91 884 4223 8890', '+91 884 4223 8890', '+91 884 4223 8890', 8, NULL, NULL, 2, 5, 2, NULL, NULL, 'app_theme_default', NULL, 2, 'offshore'),
(375, '2018-03-14 22:42:00', '2018-03-14 22:42:00', 'Rakesh Dara', 'rdara@goitglobal.taskcontrol.co', '$2y$10$0f9cZzfwYqPC0AW6mMIheOoTRY.Pv6hnyBM6ToPViCXgt6M6AQ0BK', 'WhitField Rock Block # 35', '+91 884 4223 8890', '+91 884 4223 8890', '+91 884 4223 8890', 8, NULL, NULL, 2, 5, 2, NULL, NULL, 'app_theme_default', NULL, 2, 'offshore'),
(376, '2018-03-14 22:42:00', '2018-03-14 22:42:00', 'Rakesh Dara', 'rdara@goitglobal.taskcontrol.co', '$2y$10$OxKll4m2bAuC7JtXDKWUD.BEHSlrlQu8oL9mVeJZ5cmIVahjhw1Xq', 'WhitField Rock Block # 35', '+91 884 4223 8890', '+91 884 4223 8890', '+91 884 4223 8890', 8, NULL, NULL, 2, 5, 2, NULL, NULL, 'app_theme_default', NULL, 2, 'offshore'),
(377, '2018-03-14 22:42:01', '2018-03-14 22:42:01', 'Rakesh Dara', 'rdara@goitglobal.taskcontrol.co', '$2y$10$q68QBL1Dq6CcFHiY/aSxouF0AuXMk.T3eRNntS.rHh5leZh.v9Ype', 'WhitField Rock Block # 35', '+91 884 4223 8890', '+91 884 4223 8890', '+91 884 4223 8890', 8, NULL, NULL, 2, 5, 2, NULL, NULL, 'app_theme_default', NULL, 2, 'offshore'),
(378, '2018-03-14 22:42:01', '2018-03-14 22:42:01', 'Rakesh Dara', 'rdara@goitglobal.taskcontrol.co', '$2y$10$mQXOpKe0QjHJz7mzqFIIzuFTy2NS42gfXvJpWs1vM1K5XcFlCkmLm', 'WhitField Rock Block # 35', '+91 884 4223 8890', '+91 884 4223 8890', '+91 884 4223 8890', 8, NULL, NULL, 2, 5, 2, NULL, NULL, 'app_theme_default', NULL, 2, 'offshore'),
(379, '2018-03-14 22:42:02', '2018-03-14 22:42:02', 'Rakesh Dara', 'rdara@goitglobal.taskcontrol.co', '$2y$10$oCnHWq6mR6FffY4Wfg68leNNz8o3UqN3lVaLgNdeY.2ciL5L5iQaO', 'WhitField Rock Block # 35', '+91 884 4223 8890', '+91 884 4223 8890', '+91 884 4223 8890', 8, NULL, NULL, 2, 5, 2, NULL, NULL, 'app_theme_default', NULL, 2, 'offshore'),
(380, '2018-03-14 22:42:02', '2018-03-14 22:42:02', 'Rakesh Dara', 'rdara@goitglobal.taskcontrol.co', '$2y$10$4PuE0uukmMLUbUjuezBKGuDsk6VGrHNk.pZ8tE8LqJciutw2fF3ZK', 'WhitField Rock Block # 35', '+91 884 4223 8890', '+91 884 4223 8890', '+91 884 4223 8890', 8, NULL, NULL, 2, 5, 2, NULL, NULL, 'app_theme_default', NULL, 2, 'offshore'),
(381, '2018-03-14 22:42:02', '2018-03-14 22:42:02', 'Rakesh Dara', 'rdara@goitglobal.taskcontrol.co', '$2y$10$KPh8aVAnR69v0H6KCLudneL4wBHjfE6/WW9hUa8qq3ImdPulE5FA6', 'WhitField Rock Block # 35', '+91 884 4223 8890', '+91 884 4223 8890', '+91 884 4223 8890', 8, NULL, NULL, 2, 5, 2, NULL, NULL, 'app_theme_default', NULL, 2, 'offshore'),
(382, '2018-03-14 22:42:02', '2018-03-14 22:42:02', 'Rakesh Dara', 'rdara@goitglobal.taskcontrol.co', '$2y$10$WVGtHCQpHY9Qkwb7AEDqUePxBeuubTF1ZvvqYKqhrNsgiCcEdvm/u', 'WhitField Rock Block # 35', '+91 884 4223 8890', '+91 884 4223 8890', '+91 884 4223 8890', 8, NULL, NULL, 2, 5, 2, NULL, NULL, 'app_theme_default', NULL, 2, 'offshore'),
(383, '2018-03-14 22:42:02', '2018-03-14 22:42:02', 'Rakesh Dara', 'rdara@goitglobal.taskcontrol.co', '$2y$10$sKX/388r8I5cS6C3MSZ3ceh7EZUb294.e/yGiuoAg2hYEIQIcNvxu', 'WhitField Rock Block # 35', '+91 884 4223 8890', '+91 884 4223 8890', '+91 884 4223 8890', 8, NULL, NULL, 2, 5, 2, NULL, NULL, 'app_theme_default', NULL, 2, 'offshore'),
(384, '2018-03-14 22:42:03', '2018-03-14 22:42:03', 'Rakesh Dara', 'rdara@goitglobal.taskcontrol.co', '$2y$10$GELiStumbM2FGyBYQo3/CuFMfgg7YWOLtS4gEFXydWPX.L3tOkOQW', 'WhitField Rock Block # 35', '+91 884 4223 8890', '+91 884 4223 8890', '+91 884 4223 8890', 8, NULL, NULL, 2, 5, 2, NULL, NULL, 'app_theme_default', NULL, 2, 'offshore'),
(385, '2018-03-14 22:42:03', '2018-03-14 22:42:03', 'Rakesh Dara', 'rdara@goitglobal.taskcontrol.co', '$2y$10$MGc9ktAtvpCyc1DP57Ry7.Br3VkU9VZWEDS2hqkDBzUjHLmR2VZBq', 'WhitField Rock Block # 35', '+91 884 4223 8890', '+91 884 4223 8890', '+91 884 4223 8890', 8, NULL, NULL, 2, 5, 2, NULL, NULL, 'app_theme_default', NULL, 2, 'offshore'),
(386, '2018-03-14 22:42:03', '2018-03-14 22:42:03', 'Rakesh Dara', 'rdara@goitglobal.taskcontrol.co', '$2y$10$IKarQL9FWHXgg7jLCDaUG.uF7NCNiu/Ov4PlntDkYdPYEPA84u1Fu', 'WhitField Rock Block # 35', '+91 884 4223 8890', '+91 884 4223 8890', '+91 884 4223 8890', 8, NULL, NULL, 2, 5, 2, NULL, NULL, 'app_theme_default', NULL, 2, 'offshore'),
(387, '2018-03-14 22:42:03', '2018-03-14 22:42:03', 'Rakesh Dara', 'rdara@goitglobal.taskcontrol.co', '$2y$10$5D2c42KIfSlaf6tGGAX3R.Bj/jSLi1lNiR6YTjIJkdpVUMsJqYPd.', 'WhitField Rock Block # 35', '+91 884 4223 8890', '+91 884 4223 8890', '+91 884 4223 8890', 8, NULL, NULL, 2, 5, 2, NULL, NULL, 'app_theme_default', NULL, 2, 'offshore'),
(388, '2018-03-14 22:42:03', '2018-03-14 22:42:03', 'Rakesh Dara', 'rdara@goitglobal.taskcontrol.co', '$2y$10$JQOVl1g6OHXjOPc4vyAorOrIsUxMSvCvlR4OL5CEk.pcMZze05qQe', 'WhitField Rock Block # 35', '+91 884 4223 8890', '+91 884 4223 8890', '+91 884 4223 8890', 8, NULL, NULL, 2, 5, 2, NULL, NULL, 'app_theme_default', NULL, 2, 'offshore'),
(389, '2018-03-14 22:42:03', '2018-03-14 22:42:03', 'Rakesh Dara', 'rdara@goitglobal.taskcontrol.co', '$2y$10$zUMUZoOWRC3HtxG52gbKLelMOVLTxzstCWjI/ewNX0/6EwEvyZG7G', 'WhitField Rock Block # 35', '+91 884 4223 8890', '+91 884 4223 8890', '+91 884 4223 8890', 8, NULL, NULL, 2, 5, 2, NULL, NULL, 'app_theme_default', NULL, 2, 'offshore'),
(390, '2018-03-14 22:42:04', '2018-03-14 22:42:04', 'Rakesh Dara', 'rdara@goitglobal.taskcontrol.co', '$2y$10$K3qlJg.NqLVxosRyNqSV4.EDYDdhm.4Ugm7K6BSvIlbLpwoQ2dGyO', 'WhitField Rock Block # 35', '+91 884 4223 8890', '+91 884 4223 8890', '+91 884 4223 8890', 8, NULL, NULL, 2, 5, 2, NULL, NULL, 'app_theme_default', NULL, 2, 'offshore'),
(391, '2018-03-14 22:42:04', '2018-03-14 22:42:04', 'Rakesh Dara', 'rdara@goitglobal.taskcontrol.co', '$2y$10$apJpKAq8vNcmaY14VC3TA.BKx2KAYZFGHp/3apA8ySzvJFGm6Mo2S', 'WhitField Rock Block # 35', '+91 884 4223 8890', '+91 884 4223 8890', '+91 884 4223 8890', 8, NULL, NULL, 2, 5, 2, NULL, NULL, 'app_theme_default', NULL, 2, 'offshore'),
(392, '2018-03-14 22:42:04', '2018-03-14 22:42:04', 'Rakesh Dara', 'rdara@goitglobal.taskcontrol.co', '$2y$10$G1uZ4gzst9ZUCacHVanr2u29B1It4/0wDnDUsOFNXKUOKeX68f/Ui', 'WhitField Rock Block # 35', '+91 884 4223 8890', '+91 884 4223 8890', '+91 884 4223 8890', 8, NULL, NULL, 2, 5, 2, NULL, NULL, 'app_theme_default', NULL, 2, 'offshore'),
(393, '2018-03-14 22:42:05', '2018-03-14 22:42:05', 'Rakesh Dara', 'rdara@goitglobal.taskcontrol.co', '$2y$10$FuxoGI3sAal.cTvCShbScOTQ9uqM.rpGIUd6TduGu07sZHVGZ10KG', 'WhitField Rock Block # 35', '+91 884 4223 8890', '+91 884 4223 8890', '+91 884 4223 8890', 8, NULL, NULL, 2, 5, 2, NULL, NULL, 'app_theme_default', NULL, 2, 'offshore'),
(394, '2018-03-14 22:42:05', '2018-03-14 22:42:05', 'Rakesh Dara', 'rdara@goitglobal.taskcontrol.co', '$2y$10$OzYjWhqQcW.rhmnmyc.Y1O.t2vKujLbxJaUJz88g123kNN.39XMQ6', 'WhitField Rock Block # 35', '+91 884 4223 8890', '+91 884 4223 8890', '+91 884 4223 8890', 8, NULL, NULL, 2, 5, 2, NULL, NULL, 'app_theme_default', NULL, 2, 'offshore'),
(395, '2018-03-14 22:42:05', '2018-03-14 22:42:05', 'Rakesh Dara', 'rdara@goitglobal.taskcontrol.co', '$2y$10$eH/DjWrtfs1VoL8Gmqa9QuRuXn2/9YWNhPNEMsGBBWfKtm43zy0zq', 'WhitField Rock Block # 35', '+91 884 4223 8890', '+91 884 4223 8890', '+91 884 4223 8890', 8, NULL, NULL, 2, 5, 2, NULL, NULL, 'app_theme_default', NULL, 2, 'offshore'),
(396, '2018-03-14 22:42:05', '2018-03-14 22:42:05', 'Rakesh Dara', 'rdara@goitglobal.taskcontrol.co', '$2y$10$vB3bpFTmNHs2gE4mX6GFfOyGPU.JhaO2B/Fovslit6vFW1qJaJ686', 'WhitField Rock Block # 35', '+91 884 4223 8890', '+91 884 4223 8890', '+91 884 4223 8890', 8, NULL, NULL, 2, 5, 2, NULL, NULL, 'app_theme_default', NULL, 2, 'offshore'),
(397, '2018-03-14 22:42:05', '2018-03-14 22:42:05', 'Rakesh Dara', 'rdara@goitglobal.taskcontrol.co', '$2y$10$3UkoPzbgkLh8uv7oTJJJ.OdPTd0h4FOyTnzyM3wk/45MLi.GhWkx6', 'WhitField Rock Block # 35', '+91 884 4223 8890', '+91 884 4223 8890', '+91 884 4223 8890', 8, NULL, NULL, 2, 5, 2, NULL, NULL, 'app_theme_default', NULL, 2, 'offshore'),
(398, '2018-03-14 22:42:05', '2018-03-14 22:42:05', 'Rakesh Dara', 'rdara@goitglobal.taskcontrol.co', '$2y$10$iaUZ3zFDRASqgaaBA.ptgOvVL.TJZqgyMRhorV50GOr.XNevGoRjG', 'WhitField Rock Block # 35', '+91 884 4223 8890', '+91 884 4223 8890', '+91 884 4223 8890', 8, NULL, NULL, 2, 5, 2, NULL, NULL, 'app_theme_default', NULL, 2, 'offshore'),
(399, '2018-03-14 22:42:06', '2018-03-14 22:42:06', 'Rakesh Dara', 'rdara@goitglobal.taskcontrol.co', '$2y$10$omPL.joFsTczb1FVPcCSw.RjndQVST/vS6wDGKX9AZJproxGdFNQu', 'WhitField Rock Block # 35', '+91 884 4223 8890', '+91 884 4223 8890', '+91 884 4223 8890', 8, NULL, NULL, 2, 5, 2, NULL, NULL, 'app_theme_default', NULL, 2, 'offshore'),
(400, '2018-03-14 22:42:06', '2018-03-14 22:42:06', 'Rakesh Dara', 'rdara@goitglobal.taskcontrol.co', '$2y$10$qDrtbjq.cGdM0WRFPw6.f.2BoBN08PpH6LNWHV5gTjkiqYDvvGI6.', 'WhitField Rock Block # 35', '+91 884 4223 8890', '+91 884 4223 8890', '+91 884 4223 8890', 8, NULL, NULL, 2, 5, 2, NULL, NULL, 'app_theme_default', NULL, 2, 'offshore'),
(401, '2018-03-14 22:42:06', '2018-03-14 22:42:06', 'Rakesh Dara', 'rdara@goitglobal.taskcontrol.co', '$2y$10$gTuQYvNDH8RH2u8cv/lCXOC1yMS6O8ETuzIinAm0Xaiotfd1xD9X2', 'WhitField Rock Block # 35', '+91 884 4223 8890', '+91 884 4223 8890', '+91 884 4223 8890', 8, NULL, NULL, 2, 5, 2, NULL, NULL, 'app_theme_default', NULL, 2, 'offshore'),
(402, '2018-03-14 22:42:06', '2018-03-14 22:42:06', 'Rakesh Dara', 'rdara@goitglobal.taskcontrol.co', '$2y$10$ShlXP.kICueW5lLdQm6Vpe0D8wZqW6GfbQ7Xvez2Y4seLPLtsbyXe', 'WhitField Rock Block # 35', '+91 884 4223 8890', '+91 884 4223 8890', '+91 884 4223 8890', 8, NULL, NULL, 2, 5, 2, NULL, NULL, 'app_theme_default', NULL, 2, 'offshore'),
(403, '2018-03-14 22:42:06', '2018-03-14 22:42:06', 'Rakesh Dara', 'rdara@goitglobal.taskcontrol.co', '$2y$10$1uc1Q.0QwYSY5Xg1OPbAduygDCy/yJTaO0YccZwa.fYvdpx5gLxjK', 'WhitField Rock Block # 35', '+91 884 4223 8890', '+91 884 4223 8890', '+91 884 4223 8890', 8, NULL, NULL, 2, 5, 2, NULL, NULL, 'app_theme_default', NULL, 2, 'offshore'),
(404, '2018-03-14 22:42:07', '2018-03-14 22:42:07', 'Rakesh Dara', 'rdara@goitglobal.taskcontrol.co', '$2y$10$G7YZ9zWan7MRWhf2AxJUC.3Pip7DrT5sqGnJ.6z/fWXzbkGqy19BO', 'WhitField Rock Block # 35', '+91 884 4223 8890', '+91 884 4223 8890', '+91 884 4223 8890', 8, NULL, NULL, 2, 5, 2, NULL, NULL, 'app_theme_default', NULL, 2, 'offshore'),
(405, '2018-03-14 22:42:07', '2018-03-14 22:42:07', 'Rakesh Dara', 'rdara@goitglobal.taskcontrol.co', '$2y$10$H.upT0jcQZ3dmuVMZZk4QuZzFG1pKVkd8K26RjHMs5Z9oI2Jp1DjK', 'WhitField Rock Block # 35', '+91 884 4223 8890', '+91 884 4223 8890', '+91 884 4223 8890', 8, NULL, NULL, 2, 5, 2, NULL, NULL, 'app_theme_default', NULL, 2, 'offshore'),
(406, '2018-03-14 22:42:07', '2018-03-14 22:42:07', 'Rakesh Dara', 'rdara@goitglobal.taskcontrol.co', '$2y$10$8n1tHIvhJLUBQ2sZ.4hRZOqQcuPZxUyAO9V8EyElvdxvpEws9qdbu', 'WhitField Rock Block # 35', '+91 884 4223 8890', '+91 884 4223 8890', '+91 884 4223 8890', 8, NULL, NULL, 2, 5, 2, NULL, NULL, 'app_theme_default', NULL, 2, 'offshore'),
(407, '2018-03-14 22:42:08', '2018-03-14 22:42:08', 'Rakesh Dara', 'rdara@goitglobal.taskcontrol.co', '$2y$10$p21Qig3pxEEqN9P4q7lUYO3njTS0WgRRVLttO5BgJBH3.lvxHb0tC', 'WhitField Rock Block # 35', '+91 884 4223 8890', '+91 884 4223 8890', '+91 884 4223 8890', 8, NULL, NULL, 2, 5, 2, NULL, NULL, 'app_theme_default', NULL, 2, 'offshore'),
(408, '2018-03-14 22:42:08', '2018-03-14 22:42:08', 'Rakesh Dara', 'rdara@goitglobal.taskcontrol.co', '$2y$10$1yyo9RsrhHPMDI5tRCMLq.fckh/b/dY1mARDp.jdasnMz70hBGdR.', 'WhitField Rock Block # 35', '+91 884 4223 8890', '+91 884 4223 8890', '+91 884 4223 8890', 8, NULL, NULL, 2, 5, 2, NULL, NULL, 'app_theme_default', NULL, 2, 'offshore'),
(409, '2018-03-14 22:42:08', '2018-03-14 22:42:08', 'Rakesh Dara', 'rdara@goitglobal.taskcontrol.co', '$2y$10$4ngu7CVQkcvFO9kqaH2eLuwCo7Y37y2Lg7Ph1j18mmdHaX7jy4JkO', 'WhitField Rock Block # 35', '+91 884 4223 8890', '+91 884 4223 8890', '+91 884 4223 8890', 8, NULL, NULL, 2, 5, 2, NULL, NULL, 'app_theme_default', NULL, 2, 'offshore'),
(410, '2018-03-14 22:42:08', '2018-03-14 22:42:08', 'Rakesh Dara', 'rdara@goitglobal.taskcontrol.co', '$2y$10$AJJKQTA2/feODkQm2lkvfOyzgli8fK4OfXNAHBDIO0zDv89hA2mHO', 'WhitField Rock Block # 35', '+91 884 4223 8890', '+91 884 4223 8890', '+91 884 4223 8890', 8, NULL, NULL, 2, 5, 2, NULL, NULL, 'app_theme_default', NULL, 2, 'offshore'),
(411, '2018-03-14 22:42:08', '2018-03-14 22:42:08', 'Rakesh Dara', 'rdara@goitglobal.taskcontrol.co', '$2y$10$OGQVbEoA87TsxTZYOlwFiutSD0yb8RbKEihXITYfF3q.rwz6WfIde', 'WhitField Rock Block # 35', '+91 884 4223 8890', '+91 884 4223 8890', '+91 884 4223 8890', 8, NULL, NULL, 2, 5, 2, NULL, NULL, 'app_theme_default', NULL, 2, 'offshore'),
(412, '2018-03-14 22:42:08', '2018-03-14 22:42:08', 'Rakesh Dara', 'rdara@goitglobal.taskcontrol.co', '$2y$10$rdpF6LM1A1LwXhkEhNrQluk8n0MZ4VBxfHaZ/Js103E6CRmDjsJAS', 'WhitField Rock Block # 35', '+91 884 4223 8890', '+91 884 4223 8890', '+91 884 4223 8890', 8, NULL, NULL, 2, 5, 2, NULL, NULL, 'app_theme_default', NULL, 2, 'offshore'),
(413, '2018-03-14 22:42:08', '2018-03-14 22:42:08', 'Rakesh Dara', 'rdara@goitglobal.taskcontrol.co', '$2y$10$OX5qZlZ3Q8sVLWneUQroQeU/GiBMk35s9Xkr5UPcREeAPWY.EojhC', 'WhitField Rock Block # 35', '+91 884 4223 8890', '+91 884 4223 8890', '+91 884 4223 8890', 8, NULL, NULL, 2, 5, 2, NULL, NULL, 'app_theme_default', NULL, 2, 'offshore'),
(414, '2018-03-14 22:42:09', '2018-03-14 22:42:09', 'Rakesh Dara', 'rdara@goitglobal.taskcontrol.co', '$2y$10$1LOlugFCtmbuIadWsWRD9ueE245VESglkwTZhGZRT31BwV948tdmS', 'WhitField Rock Block # 35', '+91 884 4223 8890', '+91 884 4223 8890', '+91 884 4223 8890', 8, NULL, NULL, 2, 5, 2, NULL, NULL, 'app_theme_default', NULL, 2, 'offshore'),
(415, '2018-03-14 22:42:09', '2018-03-14 22:42:09', 'Rakesh Dara', 'rdara@goitglobal.taskcontrol.co', '$2y$10$7RhiDwEey3JnqfWfy/jiqO3zTD5euUqQq.MWjyRQafpBwJnlGx3Pe', 'WhitField Rock Block # 35', '+91 884 4223 8890', '+91 884 4223 8890', '+91 884 4223 8890', 8, NULL, NULL, 2, 5, 2, NULL, NULL, 'app_theme_default', NULL, 2, 'offshore'),
(416, '2018-03-14 22:42:09', '2018-03-14 22:42:09', 'Rakesh Dara', 'rdara@goitglobal.taskcontrol.co', '$2y$10$XB4vJ92ifIxGVVMno1v9vuDHypU1JjLKflNdYtT8xVUtUrL/.mrkO', 'WhitField Rock Block # 35', '+91 884 4223 8890', '+91 884 4223 8890', '+91 884 4223 8890', 8, NULL, NULL, 2, 5, 2, NULL, NULL, 'app_theme_default', NULL, 2, 'offshore'),
(417, '2018-03-14 22:42:10', '2018-03-14 22:42:10', 'Rakesh Dara', 'rdara@goitglobal.taskcontrol.co', '$2y$10$stD/ITWem7oyffNWo886ue3gXLPjeqcN9eEk/LzUs57UGN3IoY382', 'WhitField Rock Block # 35', '+91 884 4223 8890', '+91 884 4223 8890', '+91 884 4223 8890', 8, NULL, NULL, 2, 5, 2, NULL, NULL, 'app_theme_default', NULL, 2, 'offshore'),
(418, '2018-03-14 22:42:10', '2018-03-14 22:42:10', 'Rakesh Dara', 'rdara@goitglobal.taskcontrol.co', '$2y$10$0T0eCSKEZx7h.xdy2vuZDOTv4YLSV5ICkN8bU5TrF2JSlTKpNBsrW', 'WhitField Rock Block # 35', '+91 884 4223 8890', '+91 884 4223 8890', '+91 884 4223 8890', 8, NULL, NULL, 2, 5, 2, NULL, NULL, 'app_theme_default', NULL, 2, 'offshore'),
(419, '2018-03-14 22:42:10', '2018-03-14 22:42:10', 'Rakesh Dara', 'rdara@goitglobal.taskcontrol.co', '$2y$10$A/XrgRM4vFmnpg8RfL4MceQoZKTl1xK.ung0rtmgxRKe2EdsjE7Ka', 'WhitField Rock Block # 35', '+91 884 4223 8890', '+91 884 4223 8890', '+91 884 4223 8890', 8, NULL, NULL, 2, 5, 2, NULL, NULL, 'app_theme_default', NULL, 2, 'offshore'),
(420, '2018-03-14 22:42:11', '2018-03-14 22:42:11', 'Rakesh Dara', 'rdara@goitglobal.taskcontrol.co', '$2y$10$lGkkpsX3YJMQmIO1auCx8.A8mJ/gxSS.U/p1WFaMzLG/8TpgLdk4m', 'WhitField Rock Block # 35', '+91 884 4223 8890', '+91 884 4223 8890', '+91 884 4223 8890', 8, NULL, NULL, 2, 5, 2, NULL, NULL, 'app_theme_default', NULL, 2, 'offshore'),
(421, '2018-03-14 22:42:11', '2018-03-14 22:42:11', 'Rakesh Dara', 'rdara@goitglobal.taskcontrol.co', '$2y$10$8zeId2uOWDxrm5mIrGHWMuelMcZy2cbuvnpJscL3b75baJGoHMa0C', 'WhitField Rock Block # 35', '+91 884 4223 8890', '+91 884 4223 8890', '+91 884 4223 8890', 8, NULL, NULL, 2, 5, 2, NULL, NULL, 'app_theme_default', NULL, 2, 'offshore'),
(422, '2018-03-14 22:42:11', '2018-03-14 22:42:11', 'Rakesh Dara', 'rdara@goitglobal.taskcontrol.co', '$2y$10$7PYC9../a2.0gsfnUsay/umGLJn0QhmLLm53KYqVzO0bCYFtMszlO', 'WhitField Rock Block # 35', '+91 884 4223 8890', '+91 884 4223 8890', '+91 884 4223 8890', 8, NULL, NULL, 2, 5, 2, NULL, NULL, 'app_theme_default', NULL, 2, 'offshore'),
(423, '2018-03-14 22:42:11', '2018-03-14 22:42:11', 'Rakesh Dara', 'rdara@goitglobal.taskcontrol.co', '$2y$10$7Ox9ryhuHmGMye99VsagjuPEDDFUHbWJhoffczk1QQEOB7XXkPBeC', 'WhitField Rock Block # 35', '+91 884 4223 8890', '+91 884 4223 8890', '+91 884 4223 8890', 8, NULL, NULL, 2, 5, 2, NULL, NULL, 'app_theme_default', NULL, 2, 'offshore'),
(424, '2018-03-14 22:42:12', '2018-03-14 22:42:12', 'Rakesh Dara', 'rdara@goitglobal.taskcontrol.co', '$2y$10$GIpVMUn2Z.TErjy.kg0ShOaozxwpFA22rw5Z4.JEmi96ohG8A5kG2', 'WhitField Rock Block # 35', '+91 884 4223 8890', '+91 884 4223 8890', '+91 884 4223 8890', 8, NULL, NULL, 2, 5, 2, NULL, NULL, 'app_theme_default', NULL, 2, 'offshore'),
(425, '2018-03-14 22:42:12', '2018-03-14 22:42:12', 'Rakesh Dara', 'rdara@goitglobal.taskcontrol.co', '$2y$10$JoAnYkb7M7CVMGmH6zaMFezLFp/qOoSMppTWzJYzZSTX9e0YBYwXO', 'WhitField Rock Block # 35', '+91 884 4223 8890', '+91 884 4223 8890', '+91 884 4223 8890', 8, NULL, NULL, 2, 5, 2, NULL, NULL, 'app_theme_default', NULL, 2, 'offshore'),
(426, '2018-03-14 22:42:13', '2018-03-14 22:42:13', 'Rakesh Dara', 'rdara@goitglobal.taskcontrol.co', '$2y$10$/vhAIHw2rzHJegytu7WC9eG5091nehxz2kwj9iZh1DnEEjJ/cZSxy', 'WhitField Rock Block # 35', '+91 884 4223 8890', '+91 884 4223 8890', '+91 884 4223 8890', 8, NULL, NULL, 2, 5, 2, NULL, NULL, 'app_theme_default', NULL, 2, 'offshore'),
(427, '2018-03-14 22:42:13', '2018-03-14 22:42:13', 'Rakesh Dara', 'rdara@goitglobal.taskcontrol.co', '$2y$10$XNoLLVjz0m.izY9/o9ETG.mFg2Y.jAYzIIm40ajtXYjTSihS9oIZO', 'WhitField Rock Block # 35', '+91 884 4223 8890', '+91 884 4223 8890', '+91 884 4223 8890', 8, NULL, NULL, 2, 5, 2, NULL, NULL, 'app_theme_default', NULL, 2, 'offshore'),
(428, '2018-03-14 22:42:13', '2018-03-14 22:42:13', 'Rakesh Dara', 'rdara@goitglobal.taskcontrol.co', '$2y$10$5EKUlGm9y6fTqcjW7qegf.vEa.OX1kfjmeJehlQWoemtKJlRByTj6', 'WhitField Rock Block # 35', '+91 884 4223 8890', '+91 884 4223 8890', '+91 884 4223 8890', 8, NULL, NULL, 2, 5, 2, NULL, NULL, 'app_theme_default', NULL, 2, 'offshore'),
(429, '2018-03-14 22:42:13', '2018-03-14 22:42:13', 'Rakesh Dara', 'rdara@goitglobal.taskcontrol.co', '$2y$10$g/tlvnldRyTAu7.5u0vGI.Kg7h09trSG7ohLEwzJl1TEGbqteW6SO', 'WhitField Rock Block # 35', '+91 884 4223 8890', '+91 884 4223 8890', '+91 884 4223 8890', 8, NULL, NULL, 2, 5, 2, NULL, NULL, 'app_theme_default', NULL, 2, 'offshore'),
(430, '2018-03-14 22:42:14', '2018-03-14 22:42:14', 'Rakesh Dara', 'rdara@goitglobal.taskcontrol.co', '$2y$10$RvbRlQf/21lVwm7iqzVzmes2JUBrh4yCy5wmlHn8czq.22HbdXUvK', 'WhitField Rock Block # 35', '+91 884 4223 8890', '+91 884 4223 8890', '+91 884 4223 8890', 8, NULL, NULL, 2, 5, 2, NULL, NULL, 'app_theme_default', NULL, 2, 'offshore'),
(431, '2018-03-14 22:42:14', '2018-03-14 22:42:14', 'Rakesh Dara', 'rdara@goitglobal.taskcontrol.co', '$2y$10$7o.4eJXphjTC.nvnwjikdeugEOBdyCk6yCuxKk/H6pTFFO5xun09e', 'WhitField Rock Block # 35', '+91 884 4223 8890', '+91 884 4223 8890', '+91 884 4223 8890', 8, NULL, NULL, 2, 5, 2, NULL, NULL, 'app_theme_default', NULL, 2, 'offshore'),
(432, '2018-03-14 22:42:14', '2018-03-14 22:42:14', 'Rakesh Dara', 'rdara@goitglobal.taskcontrol.co', '$2y$10$VC5ooS5hMHC6R.eHRvHlb.c6JiFU9iE40aop2bWBG7msqFhn9BMrK', 'WhitField Rock Block # 35', '+91 884 4223 8890', '+91 884 4223 8890', '+91 884 4223 8890', 8, NULL, NULL, 2, 5, 2, NULL, NULL, 'app_theme_default', NULL, 2, 'offshore'),
(433, '2018-03-14 22:42:14', '2018-03-14 22:42:14', 'Rakesh Dara', 'rdara@goitglobal.taskcontrol.co', '$2y$10$OSirkrerAH4hmfM.I.VjN.ykPXDFYs6jUEjTLodd2.4S.Gfk4njOC', 'WhitField Rock Block # 35', '+91 884 4223 8890', '+91 884 4223 8890', '+91 884 4223 8890', 8, NULL, NULL, 2, 5, 2, NULL, NULL, 'app_theme_default', NULL, 2, 'offshore'),
(434, '2018-03-14 22:42:15', '2018-03-14 22:42:15', 'Rakesh Dara', 'rdara@goitglobal.taskcontrol.co', '$2y$10$GNq2RbLSEUhyjessK58bTehn/MinNvejS0aB5jseHw0p.Zkg4MBQm', 'WhitField Rock Block # 35', '+91 884 4223 8890', '+91 884 4223 8890', '+91 884 4223 8890', 8, NULL, NULL, 2, 5, 2, NULL, NULL, 'app_theme_default', NULL, 2, 'offshore'),
(435, '2018-03-14 22:42:15', '2018-03-14 22:42:15', 'Rakesh Dara', 'rdara@goitglobal.taskcontrol.co', '$2y$10$bzfB8PjKysnf6htjm1hJMeDahtMxxYjKM5Vg7v68eyynjaX4Yn02K', 'WhitField Rock Block # 35', '+91 884 4223 8890', '+91 884 4223 8890', '+91 884 4223 8890', 8, NULL, NULL, 2, 5, 2, NULL, NULL, 'app_theme_default', NULL, 2, 'offshore'),
(436, '2018-03-14 22:42:15', '2018-03-14 22:42:15', 'Rakesh Dara', 'rdara@goitglobal.taskcontrol.co', '$2y$10$chqCzinuqwl3.kHgT1MJu.3AuEB/ywxlUbngAXjKdBr5VH4XDhK92', 'WhitField Rock Block # 35', '+91 884 4223 8890', '+91 884 4223 8890', '+91 884 4223 8890', 8, NULL, NULL, 2, 5, 2, NULL, NULL, 'app_theme_default', NULL, 2, 'offshore'),
(437, '2018-03-14 22:42:16', '2018-03-14 22:42:16', 'Rakesh Dara', 'rdara@goitglobal.taskcontrol.co', '$2y$10$2aCtJf1QkzK2bJUUEfcmuOaTwxNk8xygb7vkf.hFb5kPH81.cZznq', 'WhitField Rock Block # 35', '+91 884 4223 8890', '+91 884 4223 8890', '+91 884 4223 8890', 8, NULL, NULL, 2, 5, 2, NULL, NULL, 'app_theme_default', NULL, 2, 'offshore'),
(438, '2018-03-14 22:42:16', '2018-03-14 22:42:16', 'Rakesh Dara', 'rdara@goitglobal.taskcontrol.co', '$2y$10$Md3kyMBPbNEldWClbCAek.7LoD/WikrJZzNpNRNx75K8J2AQExQSe', 'WhitField Rock Block # 35', '+91 884 4223 8890', '+91 884 4223 8890', '+91 884 4223 8890', 8, NULL, NULL, 2, 5, 2, NULL, NULL, 'app_theme_default', NULL, 2, 'offshore'),
(439, '2018-03-14 22:42:16', '2018-03-14 22:42:16', 'Rakesh Dara', 'rdara@goitglobal.taskcontrol.co', '$2y$10$EVW8kbzmjy6UhHxfxoolkeVaH7J9QKzX2mj2YWox2LMK2hgZshxwO', 'WhitField Rock Block # 35', '+91 884 4223 8890', '+91 884 4223 8890', '+91 884 4223 8890', 8, NULL, NULL, 2, 5, 2, NULL, NULL, 'app_theme_default', NULL, 2, 'offshore'),
(440, '2018-03-14 22:42:16', '2018-03-14 22:42:16', 'Rakesh Dara', 'rdara@goitglobal.taskcontrol.co', '$2y$10$4KF.y4SMr5ZbGUThBvbqZ.B4ApN.nq/jFUJBS334nthjh6/ep5TR6', 'WhitField Rock Block # 35', '+91 884 4223 8890', '+91 884 4223 8890', '+91 884 4223 8890', 8, NULL, NULL, 2, 5, 2, NULL, NULL, 'app_theme_default', NULL, 2, 'offshore'),
(441, '2018-03-14 22:42:16', '2018-03-14 22:42:16', 'Rakesh Dara', 'rdara@goitglobal.taskcontrol.co', '$2y$10$84tXoqSYfgJFCQGZs0Th5OvwZD0TJ7cNhLMP2Ecm/.EYOcdUZU/Te', 'WhitField Rock Block # 35', '+91 884 4223 8890', '+91 884 4223 8890', '+91 884 4223 8890', 8, NULL, NULL, 2, 5, 2, NULL, NULL, 'app_theme_default', NULL, 2, 'offshore'),
(442, '2018-03-14 22:42:16', '2018-03-14 22:42:16', 'Rakesh Dara', 'rdara@goitglobal.taskcontrol.co', '$2y$10$RvsDfPathwVpTOMsUElIp.rE73pcG0IOZFdwKt0w8FLKG4kR5ph86', 'WhitField Rock Block # 35', '+91 884 4223 8890', '+91 884 4223 8890', '+91 884 4223 8890', 8, NULL, NULL, 2, 5, 2, NULL, NULL, 'app_theme_default', NULL, 2, 'offshore'),
(443, '2018-03-14 22:42:17', '2018-03-14 22:42:17', 'Rakesh Dara', 'rdara@goitglobal.taskcontrol.co', '$2y$10$GIPTkwauyFJH6roVQBZosugGwZ2y/S9zYfbTWo3Vhlzb8RL5/UD8K', 'WhitField Rock Block # 35', '+91 884 4223 8890', '+91 884 4223 8890', '+91 884 4223 8890', 8, NULL, NULL, 2, 5, 2, NULL, NULL, 'app_theme_default', NULL, 2, 'offshore'),
(444, '2018-03-14 22:42:17', '2018-03-14 22:42:17', 'Rakesh Dara', 'rdara@goitglobal.taskcontrol.co', '$2y$10$LnzIqpb.m.FKUevduHplKe0bL5Pq6G3nKHsEsg75QMXap0NW.3lkq', 'WhitField Rock Block # 35', '+91 884 4223 8890', '+91 884 4223 8890', '+91 884 4223 8890', 8, NULL, NULL, 2, 5, 2, NULL, NULL, 'app_theme_default', NULL, 2, 'offshore'),
(445, '2018-03-14 22:42:17', '2018-03-14 22:42:17', 'Rakesh Dara', 'rdara@goitglobal.taskcontrol.co', '$2y$10$FCzynGW8MjrMy7f2GwtAx.gUWHRQ6oSvqJTfjQY3W67kA1Rroqj6O', 'WhitField Rock Block # 35', '+91 884 4223 8890', '+91 884 4223 8890', '+91 884 4223 8890', 8, NULL, NULL, 2, 5, 2, NULL, NULL, 'app_theme_default', NULL, 2, 'offshore'),
(446, '2018-03-14 22:42:18', '2018-03-14 22:42:18', 'Rakesh Dara', 'rdara@goitglobal.taskcontrol.co', '$2y$10$2E9rRyUXZojfls5fwLh/WuFGrVs0fWvdL8dQOnMQzvxO50xiSTQ.S', 'WhitField Rock Block # 35', '+91 884 4223 8890', '+91 884 4223 8890', '+91 884 4223 8890', 8, NULL, NULL, 2, 5, 2, NULL, NULL, 'app_theme_default', NULL, 2, 'offshore');
INSERT INTO `users` (`id`, `created_at`, `updated_at`, `name`, `email`, `password`, `address`, `office_phone`, `home_phone`, `cell_phone`, `city_id`, `company_role_id`, `project_role_id`, `seniority_id`, `office_id`, `workgroup_id`, `profile_image_path`, `sidebar`, `theme`, `remember_token`, `user_id`, `workplace`) VALUES
(447, '2018-03-14 22:42:18', '2018-03-14 22:42:18', 'Rakesh Dara', 'rdara@goitglobal.taskcontrol.co', '$2y$10$jnE2MtrNxmKSm6rxScuBUObP.MJ7nRfL/o11kTg48CJZaaSNwZdLe', 'WhitField Rock Block # 35', '+91 884 4223 8890', '+91 884 4223 8890', '+91 884 4223 8890', 8, NULL, NULL, 2, 5, 2, NULL, NULL, 'app_theme_default', NULL, 2, 'offshore'),
(448, '2018-03-14 22:42:18', '2018-03-14 22:42:18', 'Rakesh Dara', 'rdara@goitglobal.taskcontrol.co', '$2y$10$E6xFJN/OO.fwpgzY.hxJ/u9I6u4xxUI9PxvYj92jXxaYmcxHfXxDq', 'WhitField Rock Block # 35', '+91 884 4223 8890', '+91 884 4223 8890', '+91 884 4223 8890', 8, NULL, NULL, 2, 5, 2, NULL, NULL, 'app_theme_default', NULL, 2, 'offshore'),
(449, '2018-03-14 22:42:18', '2018-03-14 22:42:18', 'Rakesh Dara', 'rdara@goitglobal.taskcontrol.co', '$2y$10$EVUtjsqQU5C95TPNQk05uuL3PJQxebaEabDsF.no.7BcC1MmzqzzK', 'WhitField Rock Block # 35', '+91 884 4223 8890', '+91 884 4223 8890', '+91 884 4223 8890', 8, NULL, NULL, 2, 5, 2, NULL, NULL, 'app_theme_default', NULL, 2, 'offshore'),
(450, '2018-03-14 22:42:18', '2018-03-14 22:42:18', 'Rakesh Dara', 'rdara@goitglobal.taskcontrol.co', '$2y$10$EFZONXWj7CuRX3MVT0BOIuqIVc36PRvLng.CuFlr/RZOx09IHaNHa', 'WhitField Rock Block # 35', '+91 884 4223 8890', '+91 884 4223 8890', '+91 884 4223 8890', 8, NULL, NULL, 2, 5, 2, NULL, NULL, 'app_theme_default', NULL, 2, 'offshore'),
(451, '2018-03-14 22:42:19', '2018-03-14 22:42:19', 'Rakesh Dara', 'rdara@goitglobal.taskcontrol.co', '$2y$10$vBQqMg5b2XCaHlCOo2mIb.gR0Q77VNDs78qEHSWFL2eRi2n93b/Ei', 'WhitField Rock Block # 35', '+91 884 4223 8890', '+91 884 4223 8890', '+91 884 4223 8890', 8, NULL, NULL, 2, 5, 2, NULL, NULL, 'app_theme_default', NULL, 2, 'offshore'),
(452, '2018-03-14 22:42:19', '2018-03-14 22:42:19', 'Rakesh Dara', 'rdara@goitglobal.taskcontrol.co', '$2y$10$7vz4KX6Ws6qJt4Xtmv5TVuPdsdv4FoDPvsvAtuZvfzIl2oUtlZTJ2', 'WhitField Rock Block # 35', '+91 884 4223 8890', '+91 884 4223 8890', '+91 884 4223 8890', 8, NULL, NULL, 2, 5, 2, NULL, NULL, 'app_theme_default', NULL, 2, 'offshore'),
(453, '2018-03-14 22:42:19', '2018-03-14 22:42:19', 'Rakesh Dara', 'rdara@goitglobal.taskcontrol.co', '$2y$10$1cOKPVs62uyx8AEJTNXnQ.Jp12AFf5gSdAwSO27BM07A4CJQYm9BG', 'WhitField Rock Block # 35', '+91 884 4223 8890', '+91 884 4223 8890', '+91 884 4223 8890', 8, NULL, NULL, 2, 5, 2, NULL, NULL, 'app_theme_default', NULL, 2, 'offshore'),
(454, '2018-03-14 22:42:19', '2018-03-14 22:42:19', 'Rakesh Dara', 'rdara@goitglobal.taskcontrol.co', '$2y$10$8r32iOf9aAqNhaFPdtcex.5pYWKQf.nLRYlH8ZplZ0tQblV71zuL2', 'WhitField Rock Block # 35', '+91 884 4223 8890', '+91 884 4223 8890', '+91 884 4223 8890', 8, NULL, NULL, 2, 5, 2, NULL, NULL, 'app_theme_default', NULL, 2, 'offshore'),
(455, '2018-03-14 22:42:20', '2018-03-14 22:42:20', 'Rakesh Dara', 'rdara@goitglobal.taskcontrol.co', '$2y$10$yu/NHvlppa2jG1YTEhZuDeVUdZwwWqQnwHy4RxqYsJe2GiduhQRdi', 'WhitField Rock Block # 35', '+91 884 4223 8890', '+91 884 4223 8890', '+91 884 4223 8890', 8, NULL, NULL, 2, 5, 2, NULL, NULL, 'app_theme_default', NULL, 2, 'offshore'),
(456, '2018-03-14 22:42:20', '2018-03-14 22:42:20', 'Rakesh Dara', 'rdara@goitglobal.taskcontrol.co', '$2y$10$6Ct.Q4SxIkCVoyMu2koxtu5Y7RfdS/9WptLVdh8.zSkd4TQvh//0m', 'WhitField Rock Block # 35', '+91 884 4223 8890', '+91 884 4223 8890', '+91 884 4223 8890', 8, NULL, NULL, 2, 5, 2, NULL, NULL, 'app_theme_default', NULL, 2, 'offshore'),
(457, '2018-03-14 22:42:20', '2018-03-14 22:42:20', 'Rakesh Dara', 'rdara@goitglobal.taskcontrol.co', '$2y$10$eChxVI4Xc8OhQvxZpwiSxepdbf06Ku37yLzYIc1mp3.2NmNlIAfku', 'WhitField Rock Block # 35', '+91 884 4223 8890', '+91 884 4223 8890', '+91 884 4223 8890', 8, NULL, NULL, 2, 5, 2, NULL, NULL, 'app_theme_default', NULL, 2, 'offshore'),
(458, '2018-03-14 22:42:20', '2018-03-14 22:42:20', 'Rakesh Dara', 'rdara@goitglobal.taskcontrol.co', '$2y$10$cj2JhTopm0vE7JNrpyahJ.kZuGOwA0eUMZZBUnHi8Of.3HntT5YcO', 'WhitField Rock Block # 35', '+91 884 4223 8890', '+91 884 4223 8890', '+91 884 4223 8890', 8, NULL, NULL, 2, 5, 2, NULL, NULL, 'app_theme_default', NULL, 2, 'offshore'),
(459, '2018-03-14 22:42:20', '2018-03-14 22:42:20', 'Rakesh Dara', 'rdara@goitglobal.taskcontrol.co', '$2y$10$viGvuwk1moLPLwD.e6auyeKJb6pYW6GkH0uITIGq.5Q2MjZyr9Vtm', 'WhitField Rock Block # 35', '+91 884 4223 8890', '+91 884 4223 8890', '+91 884 4223 8890', 8, NULL, NULL, 2, 5, 2, NULL, NULL, 'app_theme_default', NULL, 2, 'offshore'),
(460, '2018-03-14 22:42:20', '2018-03-14 22:42:20', 'Rakesh Dara', 'rdara@goitglobal.taskcontrol.co', '$2y$10$bn5pKpZ7Wq/h8ImrOcloSukyXFZWURtlNT0BMsdTPd6bRvAdWwuNS', 'WhitField Rock Block # 35', '+91 884 4223 8890', '+91 884 4223 8890', '+91 884 4223 8890', 8, NULL, NULL, 2, 5, 2, NULL, NULL, 'app_theme_default', NULL, 2, 'offshore'),
(461, '2018-03-14 22:42:21', '2018-03-14 22:42:21', 'Rakesh Dara', 'rdara@goitglobal.taskcontrol.co', '$2y$10$zEsNJyJNEyJBdiKoFVXetO9pDURtn6rCQaF83e.vxCs6yiu53ipdK', 'WhitField Rock Block # 35', '+91 884 4223 8890', '+91 884 4223 8890', '+91 884 4223 8890', 8, NULL, NULL, 2, 5, 2, NULL, NULL, 'app_theme_default', NULL, 2, 'offshore'),
(462, '2018-03-14 22:42:21', '2018-03-14 22:42:21', 'Rakesh Dara', 'rdara@goitglobal.taskcontrol.co', '$2y$10$qmN7FEBV0t.0hAtk6b01xOT1RTbCU.ZK1sCvLYtRAsXAjhgZPeE66', 'WhitField Rock Block # 35', '+91 884 4223 8890', '+91 884 4223 8890', '+91 884 4223 8890', 8, NULL, NULL, 2, 5, 2, NULL, NULL, 'app_theme_default', NULL, 2, 'offshore'),
(463, '2018-03-14 22:42:22', '2018-03-14 22:42:22', 'Rakesh Dara', 'rdara@goitglobal.taskcontrol.co', '$2y$10$jPDa4d9R/0mFKQpWB0Pr8eex73f/fFplHtLuVSqkbMwwUX96b6FeW', 'WhitField Rock Block # 35', '+91 884 4223 8890', '+91 884 4223 8890', '+91 884 4223 8890', 8, NULL, NULL, 2, 5, 2, NULL, NULL, 'app_theme_default', NULL, 2, 'offshore'),
(464, '2018-03-14 22:42:22', '2018-03-14 22:42:22', 'Rakesh Dara', 'rdara@goitglobal.taskcontrol.co', '$2y$10$q1drFr4EuO6qYJrxyTMuV.NlU7KbtvGGCmGXSVvUYZqMCeSd7EaD2', 'WhitField Rock Block # 35', '+91 884 4223 8890', '+91 884 4223 8890', '+91 884 4223 8890', 8, NULL, NULL, 2, 5, 2, NULL, NULL, 'app_theme_default', NULL, 2, 'offshore'),
(465, '2018-03-14 22:42:22', '2018-03-14 22:42:22', 'Rakesh Dara', 'rdara@goitglobal.taskcontrol.co', '$2y$10$uQt5FlgfvjMpTITjgf.xhukg5yBRCfdCaC1feBxTL2Bm5PZ0ZSyEy', 'WhitField Rock Block # 35', '+91 884 4223 8890', '+91 884 4223 8890', '+91 884 4223 8890', 8, NULL, NULL, 2, 5, 2, NULL, NULL, 'app_theme_default', NULL, 2, 'offshore'),
(466, '2018-03-14 22:42:22', '2018-03-14 22:42:22', 'Rakesh Dara', 'rdara@goitglobal.taskcontrol.co', '$2y$10$knnxG1291gQcGmK8JO5kI.Zmb2uzJdP8BWExWvuDo2Gv.m7VO1U66', 'WhitField Rock Block # 35', '+91 884 4223 8890', '+91 884 4223 8890', '+91 884 4223 8890', 8, NULL, NULL, 2, 5, 2, NULL, NULL, 'app_theme_default', NULL, 2, 'offshore'),
(467, '2018-03-14 22:42:22', '2018-03-14 22:42:22', 'Rakesh Dara', 'rdara@goitglobal.taskcontrol.co', '$2y$10$WWx5FSXEhJIIGBhe/LxoyuiI0ttha3MLMgTsHkiuYtqWCiO12PZNa', 'WhitField Rock Block # 35', '+91 884 4223 8890', '+91 884 4223 8890', '+91 884 4223 8890', 8, NULL, NULL, 2, 5, 2, NULL, NULL, 'app_theme_default', NULL, 2, 'offshore'),
(468, '2018-03-14 22:42:23', '2018-03-14 22:42:23', 'sdfsdfsdf', 'rdara@goitglobal.taskcontrol.co', '$2y$10$LqB7XVswhlSuweW8TQXAR.LETUYaPlB00jk2x6e77Czo.Ge.Ekl2C', 'WhitField Rock Block # 35', '+91 884 4223 8890', '+91 884 4223 8890', '+91 884 4223 8890', 8, NULL, NULL, 2, 5, 2, NULL, NULL, 'app_theme_default', NULL, 2, 'offshore'),
(469, '2018-03-14 22:42:23', '2018-03-14 22:42:23', 'sdfsdfsdf', 'rdara@goitglobal.taskcontrol.co', '$2y$10$gbALbvD3lbxE5Io2sxD9qONp0vEyNMs5uq1hHpwGlN4JHZuStCQl6', 'WhitField Rock Block # 35', '+91 884 4223 8890', '+91 884 4223 8890', '+91 884 4223 8890', 8, NULL, NULL, 2, 5, 2, NULL, NULL, 'app_theme_default', NULL, 2, 'offshore'),
(470, '2018-03-14 22:42:23', '2018-03-14 22:42:23', 'sdfsdfsdf', 'rdara@goitglobal.taskcontrol.co', '$2y$10$WyYwF5IvNz4EiTnnTPr3TuG7QMnTAwwMobUgNaeiWvJBqFL0RUUcS', 'WhitField Rock Block # 35', '+91 884 4223 8890', '+91 884 4223 8890', '+91 884 4223 8890', 8, NULL, NULL, 2, 5, 2, NULL, NULL, 'app_theme_default', NULL, 2, 'offshore'),
(471, '2018-03-14 22:42:23', '2018-03-14 22:42:23', 'sdfsdfsdf', 'rdara@goitglobal.taskcontrol.co', '$2y$10$7NZw3eRCP9Cu5vhpADG8YubVb/6.EdPiLSKZkgnVSF8msCByzT1Vy', 'WhitField Rock Block # 35', '+91 884 4223 8890', '+91 884 4223 8890', '+91 884 4223 8890', 8, NULL, NULL, 2, 5, 2, NULL, NULL, 'app_theme_default', NULL, 2, 'offshore'),
(472, '2018-03-14 22:42:23', '2018-03-14 22:42:23', 'sdfsdfsdf', 'rdara@goitglobal.taskcontrol.co', '$2y$10$AdyOzT8/y2XVEkzuUYrBIOXhegQTAt3cpCRQ3hvA7fP6BVz/aE.K.', 'WhitField Rock Block # 35', '+91 884 4223 8890', '+91 884 4223 8890', '+91 884 4223 8890', 8, NULL, NULL, 2, 5, 2, NULL, NULL, 'app_theme_default', NULL, 2, 'offshore'),
(473, '2018-03-14 22:42:23', '2018-03-14 22:42:23', 'sdfsdfsdf', 'rdara@goitglobal.taskcontrol.co', '$2y$10$K.ATml/RraltAMM6WwaiJew3ZOO53RE7sLAU37HR4s14Xdpf7Vs/.', 'WhitField Rock Block # 35', '+91 884 4223 8890', '+91 884 4223 8890', '+91 884 4223 8890', 8, NULL, NULL, 2, 5, 2, NULL, NULL, 'app_theme_default', NULL, 2, 'offshore'),
(474, '2018-03-14 22:42:24', '2018-03-14 22:42:24', 'sdfsdfsdf', 'rdara@goitglobal.taskcontrol.co', '$2y$10$cPurFDQeG1yVSOYw6QEqK.Tf9z0OrElFd0fYoPVDf4jTTeckCjP4W', 'WhitField Rock Block # 35', '+91 884 4223 8890', '+91 884 4223 8890', '+91 884 4223 8890', 8, NULL, NULL, 2, 5, 2, NULL, NULL, 'app_theme_default', NULL, 2, 'offshore'),
(475, '2018-03-14 22:42:24', '2018-03-14 22:42:24', 'sdfsdfsdf', 'rdara@goitglobal.taskcontrol.co', '$2y$10$f10oc7ZtsqWseCzlOn2eDu2RlUdv/CBGorK6l1dcL3tnusWH.eo4G', 'WhitField Rock Block # 35', '+91 884 4223 8890', '+91 884 4223 8890', '+91 884 4223 8890', 8, NULL, NULL, 2, 5, 2, NULL, NULL, 'app_theme_default', NULL, 2, 'offshore'),
(476, '2018-03-14 22:42:25', '2018-03-14 22:42:25', 'sdfsdfsdf', 'rdara@goitglobal.taskcontrol.co', '$2y$10$RtzsAKKx0Rjez.6BnjxuMOWS/EAMbI9b8KRigJw9DAK41LNcDAfga', 'WhitField Rock Block # 35', '+91 884 4223 8890', '+91 884 4223 8890', '+91 884 4223 8890', 8, NULL, NULL, 2, 5, 2, NULL, NULL, 'app_theme_default', NULL, 2, 'offshore'),
(477, '2018-03-14 22:42:25', '2018-03-14 22:42:25', 'sdfsdfsdf', 'rdara@goitglobal.taskcontrol.co', '$2y$10$91lvau941c.l4.ZxLMF6J.U/WBXC7ccFOYH6MQycyha/zOrKmxhvO', 'WhitField Rock Block # 35', '+91 884 4223 8890', '+91 884 4223 8890', '+91 884 4223 8890', 8, NULL, NULL, 2, 5, 2, NULL, NULL, 'app_theme_default', NULL, 2, 'offshore'),
(478, '2018-03-14 22:42:26', '2018-03-14 22:42:26', 'sdfsdfsdf', 'rdara@goitglobal.taskcontrol.co', '$2y$10$24TR8EuiQgN66X/dpw9qxu.hiie25NhNuU121LnkY5eJhvRMQvfFe', 'WhitField Rock Block # 35', '+91 884 4223 8890', '+91 884 4223 8890', '+91 884 4223 8890', 8, NULL, NULL, 2, 5, 2, NULL, NULL, 'app_theme_default', NULL, 2, 'offshore'),
(479, '2018-03-14 22:42:26', '2018-03-14 22:42:26', 'sdfsdfsdf', 'rdara@goitglobal.taskcontrol.co', '$2y$10$1AHXIV6QhFgkkNEuVMFiV.UEwX1UqLYSk4l4wpI2W7bQwxcCaRSxy', 'WhitField Rock Block # 35', '+91 884 4223 8890', '+91 884 4223 8890', '+91 884 4223 8890', 8, NULL, NULL, 2, 5, 2, NULL, NULL, 'app_theme_default', NULL, 2, 'offshore'),
(480, '2018-03-14 22:42:26', '2018-03-14 22:42:26', 'sdfsdfsdf', 'rdara@goitglobal.taskcontrol.co', '$2y$10$zNhoXeGjJndbkGJ7SWmQ7.YcvFpeEBP/Tw8/HmWTu8K5Us0bb24zW', 'WhitField Rock Block # 35', '+91 884 4223 8890', '+91 884 4223 8890', '+91 884 4223 8890', 8, NULL, NULL, 2, 5, 2, NULL, NULL, 'app_theme_default', NULL, 2, 'offshore'),
(481, '2018-03-14 22:42:26', '2018-03-14 22:42:26', 'sdfsdfsdf', 'rdara@goitglobal.taskcontrol.co', '$2y$10$/96hifdwWpFk/VDjiqgr1uhpU27B0Lx1n9UVJn5xDXNA4xn44xFoe', 'WhitField Rock Block # 35', '+91 884 4223 8890', '+91 884 4223 8890', '+91 884 4223 8890', 8, NULL, NULL, 2, 5, 2, NULL, NULL, 'app_theme_default', NULL, 2, 'offshore'),
(482, '2018-03-14 22:42:26', '2018-03-14 22:42:26', 'sdfsdfsdf', 'rdara@goitglobal.taskcontrol.co', '$2y$10$lQZTNXMiKok3oSUCtYMvY.IYf1yQFzveBr3BOFkk3Bn7Xw0hPj/aO', 'WhitField Rock Block # 35', '+91 884 4223 8890', '+91 884 4223 8890', '+91 884 4223 8890', 8, NULL, NULL, 2, 5, 2, NULL, NULL, 'app_theme_default', NULL, 2, 'offshore'),
(483, '2018-03-14 22:42:27', '2018-03-14 22:42:27', 'sdfsdfsdf', 'rdara@goitglobal.taskcontrol.co', '$2y$10$UzQ53G2yhUAeAAEBt455O.09igLybNpHdUBSx55j28M1O7AF3Jz5S', 'WhitField Rock Block # 35', '+91 884 4223 8890', '+91 884 4223 8890', '+91 884 4223 8890', 8, NULL, NULL, 2, 5, 2, NULL, NULL, 'app_theme_default', NULL, 2, 'offshore'),
(484, '2018-03-14 22:42:27', '2018-03-14 22:42:27', 'sdfsdfsdf', 'rdara@goitglobal.taskcontrol.co', '$2y$10$tDzT/ZgrN8gMvw12zkAb..yDh5x/GCKm3r1UIIdSKtE0nCLctg90a', 'WhitField Rock Block # 35', '+91 884 4223 8890', '+91 884 4223 8890', '+91 884 4223 8890', 8, NULL, NULL, 2, 5, 2, NULL, NULL, 'app_theme_default', NULL, 2, 'offshore'),
(485, '2018-03-14 22:42:27', '2018-03-14 22:42:27', 'sdfsdfsdf', 'rdara@goitglobal.taskcontrol.co', '$2y$10$Q6eGGFuINAp8dfjHxHzaQeMY70vUt1GloSeCzopa7HFm3wM7VWL1m', 'WhitField Rock Block # 35', '+91 884 4223 8890', '+91 884 4223 8890', '+91 884 4223 8890', 8, NULL, NULL, 2, 5, 2, NULL, NULL, 'app_theme_default', NULL, 2, 'offshore'),
(486, '2018-03-14 22:42:27', '2018-03-14 22:42:27', 'sdfsdfsdf', 'rdara@goitglobal.taskcontrol.co', '$2y$10$xR5i1WchLPv/UtUMjkkUceo0wbBN4aiioBCRnCXs8GlSrqLNJgWZW', 'WhitField Rock Block # 35', '+91 884 4223 8890', '+91 884 4223 8890', '+91 884 4223 8890', 8, NULL, NULL, 2, 5, 2, NULL, NULL, 'app_theme_default', NULL, 2, 'offshore'),
(487, '2018-03-14 22:42:28', '2018-03-14 22:42:28', 'sdfsdfsdf', 'rdara@goitglobal.taskcontrol.co', '$2y$10$JUgf.Dr6JZU7SlpGCezBnOlYImtt8CLpvDmOvEw/.uy6PWoHtglwy', 'WhitField Rock Block # 35', '+91 884 4223 8890', '+91 884 4223 8890', '+91 884 4223 8890', 8, NULL, NULL, 2, 5, 2, NULL, NULL, 'app_theme_default', NULL, 2, 'offshore'),
(488, '2018-03-14 22:42:28', '2018-03-14 22:42:28', 'sdfsdfsdf', 'rdara@goitglobal.taskcontrol.co', '$2y$10$01qjgKxZr2BSbm3a/Cn6EOrlo9rSYSgPxSiAQVnS9XWgk5qTtT.7G', 'WhitField Rock Block # 35', '+91 884 4223 8890', '+91 884 4223 8890', '+91 884 4223 8890', 8, NULL, NULL, 2, 5, 2, NULL, NULL, 'app_theme_default', NULL, 2, 'offshore'),
(489, '2018-03-14 22:42:28', '2018-03-14 22:42:28', 'sdfsdfsdf', 'rdara@goitglobal.taskcontrol.co', '$2y$10$T3Mde1Qtx6XFSFEZ5DCiSOXA9.yi1Xt2EARh4.vNGiLNgKedwy7dq', 'WhitField Rock Block # 35', '+91 884 4223 8890', '+91 884 4223 8890', '+91 884 4223 8890', 8, NULL, NULL, 2, 5, 2, NULL, NULL, 'app_theme_default', NULL, 2, 'offshore'),
(490, '2018-03-14 22:42:29', '2018-03-14 22:42:29', 'sdfsdfsdf', 'rdara@goitglobal.taskcontrol.co', '$2y$10$bHWVawnlDlpX7ROokfJV9u26zgD1jvpIC3OgbrEJuSRgVJTIKi432', 'WhitField Rock Block # 35', '+91 884 4223 8890', '+91 884 4223 8890', '+91 884 4223 8890', 8, NULL, NULL, 2, 5, 2, NULL, NULL, 'app_theme_default', NULL, 2, 'offshore'),
(491, '2018-03-14 22:42:29', '2018-03-14 22:42:29', 'sdfsdfsdf', 'rdara@goitglobal.taskcontrol.co', '$2y$10$HvL2x2l9kADzMi6hpvRQhOMCnvtWGHRfAuHi8d2267b.g7LyMP56i', 'WhitField Rock Block # 35', '+91 884 4223 8890', '+91 884 4223 8890', '+91 884 4223 8890', 8, NULL, NULL, 2, 5, 2, NULL, NULL, 'app_theme_default', NULL, 2, 'offshore'),
(492, '2018-03-14 22:42:29', '2018-03-14 22:42:29', 'sdfsdfsdf', 'rdara@goitglobal.taskcontrol.co', '$2y$10$4prBVyWBdGhqC.YJWEVR3.mlFAUp8IpRsfFJAALbnI8b7FwGoYMiK', 'WhitField Rock Block # 35', '+91 884 4223 8890', '+91 884 4223 8890', '+91 884 4223 8890', 8, NULL, NULL, 2, 5, 2, NULL, NULL, 'app_theme_default', NULL, 2, 'offshore'),
(493, '2018-03-14 22:42:29', '2018-03-14 22:42:29', 'sdfsdfsdf', 'rdara@goitglobal.taskcontrol.co', '$2y$10$tsHRZixhXsCHG/PGvNeTn.TapPdl5RgSeC22DqhlQ7VMUVQbXAIpW', 'WhitField Rock Block # 35', '+91 884 4223 8890', '+91 884 4223 8890', '+91 884 4223 8890', 8, NULL, NULL, 2, 5, 2, NULL, NULL, 'app_theme_default', NULL, 2, 'offshore'),
(494, '2018-03-14 22:42:29', '2018-03-14 22:42:29', 'sdfsdfsdf', 'rdara@goitglobal.taskcontrol.co', '$2y$10$N2LEhNhgU9FphsLaQpXtWO5GAuFQ4UspORdxfi/o17wP5kW21iZ7i', 'WhitField Rock Block # 35', '+91 884 4223 8890', '+91 884 4223 8890', '+91 884 4223 8890', 8, NULL, NULL, 2, 5, 2, NULL, NULL, 'app_theme_default', NULL, 2, 'offshore'),
(495, '2018-03-14 22:42:29', '2018-03-14 22:42:29', 'sdfsdfsdf', 'rdara@goitglobal.taskcontrol.co', '$2y$10$Qu5klIcaj7ewg0xDzpQ9BOfwAnUleGIQJgA4diMCMNzm6GjrJ.Cbi', 'WhitField Rock Block # 35', '+91 884 4223 8890', '+91 884 4223 8890', '+91 884 4223 8890', 8, NULL, NULL, 2, 5, 2, NULL, NULL, 'app_theme_default', NULL, 2, 'offshore'),
(496, '2018-03-14 22:42:31', '2018-03-14 22:42:31', 'sdfsdfsdf', 'rdara@goitglobal.taskcontrol.co', '$2y$10$WBqZgvdCIgl5SJTb/meym.K.pHYGFsGQ/7d.hpk1TkGuf/bz0X0KW', 'WhitField Rock Block # 35', '+91 884 4223 8890', '+91 884 4223 8890', '+91 884 4223 8890', 8, NULL, NULL, 2, 5, 2, NULL, NULL, 'app_theme_default', NULL, 2, 'offshore'),
(497, '2018-03-14 22:42:31', '2018-03-14 22:42:31', 'sdfsdfsdf', 'rdara@goitglobal.taskcontrol.co', '$2y$10$5sUMUCi1sH4TBamg17YpjeX24skrtwpGecuhnWIWEdjzPOcOCVes6', 'WhitField Rock Block # 35', '+91 884 4223 8890', '+91 884 4223 8890', '+91 884 4223 8890', 8, NULL, NULL, 2, 5, 2, NULL, NULL, 'app_theme_default', NULL, 2, 'offshore'),
(498, '2018-03-14 22:42:31', '2018-03-14 22:42:31', 'sdfsdfsdf', 'rdara@goitglobal.taskcontrol.co', '$2y$10$Xd7/suuF7Jw2IblPY9d7gOPwDhzKafQQBU0JhW3UOQcc0.fGn4MAu', 'WhitField Rock Block # 35', '+91 884 4223 8890', '+91 884 4223 8890', '+91 884 4223 8890', 8, NULL, NULL, 2, 5, 2, NULL, NULL, 'app_theme_default', NULL, 2, 'offshore'),
(499, '2018-03-14 22:42:31', '2018-03-14 22:42:31', 'sdfsdfsdf', 'rdara@goitglobal.taskcontrol.co', '$2y$10$r9srZnpYf2FSKWRh6sVKIuM5H6SkB62CxEW/jubOhmnRBGr5ZQl/m', 'WhitField Rock Block # 35', '+91 884 4223 8890', '+91 884 4223 8890', '+91 884 4223 8890', 8, NULL, NULL, 2, 5, 2, NULL, NULL, 'app_theme_default', NULL, 2, 'offshore'),
(500, '2018-03-14 22:42:31', '2018-03-14 22:42:31', 'sdfsdfsdf', 'rdara@goitglobal.taskcontrol.co', '$2y$10$iSGlptj9P7m/86EzwSS2MOjf6cUWgK4xgn30zVCC4HRkyl7eQS48e', 'WhitField Rock Block # 35', '+91 884 4223 8890', '+91 884 4223 8890', '+91 884 4223 8890', 8, NULL, NULL, 2, 5, 2, NULL, NULL, 'app_theme_default', NULL, 2, 'offshore'),
(501, '2018-03-14 22:42:31', '2018-03-14 22:42:31', 'sdfsdfsdf', 'rdara@goitglobal.taskcontrol.co', '$2y$10$RfXlDCvJrmphyj5dvv5vh.wIWtWvTD4lP45aIKnWe9BzAy64D7/Te', 'WhitField Rock Block # 35', '+91 884 4223 8890', '+91 884 4223 8890', '+91 884 4223 8890', 8, NULL, NULL, 2, 5, 2, NULL, NULL, 'app_theme_default', NULL, 2, 'offshore'),
(502, '2018-03-14 22:42:33', '2018-03-14 22:42:33', 'sdfsdfsdf', 'rdara@goitglobal.taskcontrol.co', '$2y$10$aZUyZEGxEwCSy6QGM59D6uZpheUfTGyaWIyUAmiURN4BcBt7z2EdG', 'WhitField Rock Block # 35', '+91 884 4223 8890', '+91 884 4223 8890', '+91 884 4223 8890', 8, NULL, NULL, 2, 5, 2, NULL, NULL, 'app_theme_default', NULL, 2, 'offshore'),
(503, '2018-03-14 22:42:33', '2018-03-14 22:42:33', 'sdfsdfsdf', 'rdara@goitglobal.taskcontrol.co', '$2y$10$F.pFwTZF2DFgUL4J9163A.D9g2Gx7ttBik3bg5fVZINzos9iDeKDG', 'WhitField Rock Block # 35', '+91 884 4223 8890', '+91 884 4223 8890', '+91 884 4223 8890', 8, NULL, NULL, 2, 5, 2, NULL, NULL, 'app_theme_default', NULL, 2, 'offshore'),
(504, '2018-03-14 22:42:33', '2018-03-14 22:42:33', 'sdfsdfsdf', 'rdara@goitglobal.taskcontrol.co', '$2y$10$tKYvPpo8N6HOmvaYYmMONugyHxKdS82Pf/Vdwdweemd7wMR/QDoRW', 'WhitField Rock Block # 35', '+91 884 4223 8890', '+91 884 4223 8890', '+91 884 4223 8890', 8, NULL, NULL, 2, 5, 2, NULL, NULL, 'app_theme_default', NULL, 2, 'offshore'),
(505, '2018-03-14 22:42:33', '2018-03-14 22:42:33', 'sdfsdfsdf', 'rdara@goitglobal.taskcontrol.co', '$2y$10$TlyNVwKMKLTh49vubpG2/OuN9jIs58sAFD9NGmsQDa1CEojiNHgL.', 'WhitField Rock Block # 35', '+91 884 4223 8890', '+91 884 4223 8890', '+91 884 4223 8890', 8, NULL, NULL, 2, 5, 2, NULL, NULL, 'app_theme_default', NULL, 2, 'offshore'),
(506, '2018-03-14 22:42:33', '2018-03-14 22:42:33', 'sdfsdfsdf', 'rdara@goitglobal.taskcontrol.co', '$2y$10$34rJj6hy1wCSPUALzInFJeBFh5CHkK0Q4yyy1w5DKfK7j4UUBrury', 'WhitField Rock Block # 35', '+91 884 4223 8890', '+91 884 4223 8890', '+91 884 4223 8890', 8, NULL, NULL, 2, 5, 2, NULL, NULL, 'app_theme_default', NULL, 2, 'offshore'),
(507, '2018-03-14 22:42:33', '2018-03-14 22:42:33', 'sdfsdfsdf', 'rdara@goitglobal.taskcontrol.co', '$2y$10$JkGGnXv1S7Ec1hdc7WpyEeiSHNM5smoR6n6U7eUZzUf0g.rdBfDMi', 'WhitField Rock Block # 35', '+91 884 4223 8890', '+91 884 4223 8890', '+91 884 4223 8890', 8, NULL, NULL, 2, 5, 2, NULL, NULL, 'app_theme_default', NULL, 2, 'offshore'),
(508, '2018-03-14 22:42:34', '2018-03-14 22:42:34', 'sdfsdfsdf', 'rdara@goitglobal.taskcontrol.co', '$2y$10$J3J0y0t7qwHD13Q4Lw1Bje3/vr/Q40gBXIT09KlB0z.3NtDmr5gJG', 'WhitField Rock Block # 35', '+91 884 4223 8890', '+91 884 4223 8890', '+91 884 4223 8890', 8, NULL, NULL, 2, 5, 2, NULL, NULL, 'app_theme_default', NULL, 2, 'offshore'),
(509, '2018-03-14 22:42:34', '2018-03-14 22:42:34', 'sdfsdfsdf', 'rdara@goitglobal.taskcontrol.co', '$2y$10$eynFJyvA6D5gtjWzImFIqeHDidF0J6m8gjcjvnpR7dwxrwQRWd9F6', 'WhitField Rock Block # 35', '+91 884 4223 8890', '+91 884 4223 8890', '+91 884 4223 8890', 8, NULL, NULL, 2, 5, 2, NULL, NULL, 'app_theme_default', NULL, 2, 'offshore'),
(510, '2018-03-14 22:42:34', '2018-03-14 22:42:34', 'sdfsdfsdf', 'rdara@goitglobal.taskcontrol.co', '$2y$10$Iq5pghZvPKBRFXp3lvGFr.zpeq9SS6MkW6W86qcWrIaj9FDTW6KQW', 'WhitField Rock Block # 35', '+91 884 4223 8890', '+91 884 4223 8890', '+91 884 4223 8890', 8, NULL, NULL, 2, 5, 2, NULL, NULL, 'app_theme_default', NULL, 2, 'offshore'),
(511, '2018-03-14 22:42:35', '2018-03-14 22:42:35', 'sdfsdfsdf', 'rdara@goitglobal.taskcontrol.co', '$2y$10$N6nJoX2BFvgCiu0UUzQJ4uha/2m47Th0avx4CKBNhq8atDTNeDe2W', 'WhitField Rock Block # 35', '+91 884 4223 8890', '+91 884 4223 8890', '+91 884 4223 8890', 8, NULL, NULL, 2, 5, 2, NULL, NULL, 'app_theme_default', NULL, 2, 'offshore'),
(512, '2018-03-14 22:42:35', '2018-03-14 22:42:35', 'sdfsdfsdf', 'rdara@goitglobal.taskcontrol.co', '$2y$10$xW5/JiP2i/d.p1iRQbAb3O1BwOYsQUZPQwCTziDiYHAYmYpbbgFtK', 'WhitField Rock Block # 35', '+91 884 4223 8890', '+91 884 4223 8890', '+91 884 4223 8890', 8, NULL, NULL, 2, 5, 2, NULL, NULL, 'app_theme_default', NULL, 2, 'offshore'),
(513, '2018-03-14 22:42:35', '2018-03-14 22:42:35', 'sdfsdfsdf', 'rdara@goitglobal.taskcontrol.co', '$2y$10$Iy5njyuiheuCUKgubCoNseIp4Q.LQ.gVhXv93ci0Bxmp5iit1KH6C', 'WhitField Rock Block # 35', '+91 884 4223 8890', '+91 884 4223 8890', '+91 884 4223 8890', 8, NULL, NULL, 2, 5, 2, NULL, NULL, 'app_theme_default', NULL, 2, 'offshore'),
(514, '2018-03-14 22:42:35', '2018-03-14 22:42:35', 'sdfsdfsdf', 'rdara@goitglobal.taskcontrol.co', '$2y$10$94UXcZGgMHuw8R19FNres.X4vGkQkqsMXUEwIcf66wxjP9Xjsmtme', 'WhitField Rock Block # 35', '+91 884 4223 8890', '+91 884 4223 8890', '+91 884 4223 8890', 8, NULL, NULL, 2, 5, 2, NULL, NULL, 'app_theme_default', NULL, 2, 'offshore'),
(515, '2018-03-14 22:42:35', '2018-03-14 22:42:35', 'sdfsdfsdf', 'rdara@goitglobal.taskcontrol.co', '$2y$10$lybim.WkNVJgEdHnFlFf3uH5PLTLeZiSC5Az9mmRQbswSl2yxH4yq', 'WhitField Rock Block # 35', '+91 884 4223 8890', '+91 884 4223 8890', '+91 884 4223 8890', 8, NULL, NULL, 2, 5, 2, NULL, NULL, 'app_theme_default', NULL, 2, 'offshore'),
(516, '2018-03-14 22:42:36', '2018-03-14 22:42:36', 'sdfsdfsdf', 'rdara@goitglobal.taskcontrol.co', '$2y$10$KcfaYfT2L9AdEhyLESucnuj1Np0NUtzaDBmhEn4.0X2rLdBPBwrYm', 'WhitField Rock Block # 35', '+91 884 4223 8890', '+91 884 4223 8890', '+91 884 4223 8890', 8, NULL, NULL, 2, 5, 2, NULL, NULL, 'app_theme_default', NULL, 2, 'offshore'),
(517, '2018-03-14 22:42:36', '2018-03-14 22:42:36', 'sdfsdfsdf', 'rdara@goitglobal.taskcontrol.co', '$2y$10$oQv6IYffw0tjc.zYjm/UBePgj3evUwfMhWiwV9tu3yGXlCACxlpSG', 'WhitField Rock Block # 35', '+91 884 4223 8890', '+91 884 4223 8890', '+91 884 4223 8890', 8, NULL, NULL, 2, 5, 2, NULL, NULL, 'app_theme_default', NULL, 2, 'offshore'),
(518, '2018-03-14 22:42:36', '2018-03-14 22:42:36', 'sdfsdfsdf', 'rdara@goitglobal.taskcontrol.co', '$2y$10$IZM.DbjKuPsJMxGGx9OiROMQ7KQ202SoO9fmPGkzbClwRPT9mtKq2', 'WhitField Rock Block # 35', '+91 884 4223 8890', '+91 884 4223 8890', '+91 884 4223 8890', 8, NULL, NULL, 2, 5, 2, NULL, NULL, 'app_theme_default', NULL, 2, 'offshore'),
(519, '2018-03-14 22:42:36', '2018-03-14 22:42:36', 'sdfsdfsdf', 'rdara@goitglobal.taskcontrol.co', '$2y$10$WLwl/OuKIpU1bGNsBOqSoOUplzvOC8WIZJc1EohX2bVoc252IhYW6', 'WhitField Rock Block # 35', '+91 884 4223 8890', '+91 884 4223 8890', '+91 884 4223 8890', 8, NULL, NULL, 2, 5, 2, NULL, NULL, 'app_theme_default', NULL, 2, 'offshore'),
(520, '2018-03-14 22:42:36', '2018-03-14 22:42:36', 'sdfsdfsdf', 'rdara@goitglobal.taskcontrol.co', '$2y$10$rLzRtdHHuAuuu.9KdJH1q.OaC4LePkttUaX3sPMzxzaMEd9qFa5zK', 'WhitField Rock Block # 35', '+91 884 4223 8890', '+91 884 4223 8890', '+91 884 4223 8890', 8, NULL, NULL, 2, 5, 2, NULL, NULL, 'app_theme_default', NULL, 2, 'offshore'),
(521, '2018-03-14 22:42:36', '2018-03-14 22:42:36', 'sdfsdfsdf', 'rdara@goitglobal.taskcontrol.co', '$2y$10$Rg7hIreV7wLF233qHRmkD.r81gFn0.OcdaLdmW6jJKNYrfsRET6Di', 'WhitField Rock Block # 35', '+91 884 4223 8890', '+91 884 4223 8890', '+91 884 4223 8890', 8, NULL, NULL, 2, 5, 2, NULL, NULL, 'app_theme_default', NULL, 2, 'offshore'),
(522, '2018-03-14 22:42:37', '2018-03-14 22:42:37', 'sdfsdfsdf', 'rdara@goitglobal.taskcontrol.co', '$2y$10$MLK/WLclRKAictpE2RqtBuCq.Y0.XpecIpsixNEP0BAlQOd2b5xom', 'WhitField Rock Block # 35', '+91 884 4223 8890', '+91 884 4223 8890', '+91 884 4223 8890', 8, NULL, NULL, 2, 5, 2, NULL, NULL, 'app_theme_default', NULL, 2, 'offshore'),
(523, '2018-03-14 22:42:37', '2018-03-14 22:42:37', 'sdfsdfsdf', 'rdara@goitglobal.taskcontrol.co', '$2y$10$NkWR7bpOjfHR40WmeV5LWuLHIzl2RUNv36CR1JwTyADXcFsjNN6.2', 'WhitField Rock Block # 35', '+91 884 4223 8890', '+91 884 4223 8890', '+91 884 4223 8890', 8, NULL, NULL, 2, 5, 2, NULL, NULL, 'app_theme_default', NULL, 2, 'offshore'),
(524, '2018-03-14 22:42:38', '2018-03-14 22:42:38', 'sdfsdfsdf', 'rdara@goitglobal.taskcontrol.co', '$2y$10$MxU1VVdX5v/XZ1TXly35h.A7K5OjliBtrDd4Xh.uqL1et1DLoxVqS', 'WhitField Rock Block # 35', '+91 884 4223 8890', '+91 884 4223 8890', '+91 884 4223 8890', 8, NULL, NULL, 2, 5, 2, NULL, NULL, 'app_theme_default', NULL, 2, 'offshore'),
(525, '2018-03-14 22:42:38', '2018-03-14 22:42:38', 'sdfsdfsdf', 'rdara@goitglobal.taskcontrol.co', '$2y$10$ogZX5bxICmwJ2XqIS7TzCO5nL1gXh3uivLzId47QZnJFkBE6Nkm2y', 'WhitField Rock Block # 35', '+91 884 4223 8890', '+91 884 4223 8890', '+91 884 4223 8890', 8, NULL, NULL, 2, 5, 2, NULL, NULL, 'app_theme_default', NULL, 2, 'offshore'),
(526, '2018-03-14 22:42:38', '2018-03-14 22:42:38', 'sdfsdfsdf', 'rdara@goitglobal.taskcontrol.co', '$2y$10$QoV6vs4VHSkhOl9hloJf.ehgpS/xRQPLK3MSgX2Yld.ezaVKY5orS', 'WhitField Rock Block # 35', '+91 884 4223 8890', '+91 884 4223 8890', '+91 884 4223 8890', 8, NULL, NULL, 2, 5, 2, NULL, NULL, 'app_theme_default', NULL, 2, 'offshore'),
(527, '2018-03-14 22:42:38', '2018-03-14 22:42:38', 'sdfsdfsdf', 'rdara@goitglobal.taskcontrol.co', '$2y$10$VaUxN5.c.x4luX2z3ZMd9OuHzKFtbuHJOQkS90Vq6IewHkE6vK1sC', 'WhitField Rock Block # 35', '+91 884 4223 8890', '+91 884 4223 8890', '+91 884 4223 8890', 8, NULL, NULL, 2, 5, 2, NULL, NULL, 'app_theme_default', NULL, 2, 'offshore'),
(528, '2018-03-14 22:42:38', '2018-03-14 22:42:38', 'sdfsdfsdf', 'rdara@goitglobal.taskcontrol.co', '$2y$10$aiVBTTYplKt5S7UYBqkRv.Hu0n9KxXj.JTNcUQiBnoMdoLKJe.zI2', 'WhitField Rock Block # 35', '+91 884 4223 8890', '+91 884 4223 8890', '+91 884 4223 8890', 8, NULL, NULL, 2, 5, 2, NULL, NULL, 'app_theme_default', NULL, 2, 'offshore'),
(529, '2018-03-14 22:42:38', '2018-03-14 22:42:38', 'sdfsdfsdf', 'rdara@goitglobal.taskcontrol.co', '$2y$10$O6fzJuTPne9h1HGobEwB.e3pJDayimWLrWO5P/c2Vi/fTcB.ktN26', 'WhitField Rock Block # 35', '+91 884 4223 8890', '+91 884 4223 8890', '+91 884 4223 8890', 8, NULL, NULL, 2, 5, 2, NULL, NULL, 'app_theme_default', NULL, 2, 'offshore'),
(530, '2018-03-14 22:42:39', '2018-03-14 22:42:39', 'sdfsdfsdf', 'rdara@goitglobal.taskcontrol.co', '$2y$10$/VFPMAi2x.eal3R3QScsUuicc1542175yH0goTqw.fmHPYJef8YCa', 'WhitField Rock Block # 35', '+91 884 4223 8890', '+91 884 4223 8890', '+91 884 4223 8890', 8, NULL, NULL, 2, 5, 2, NULL, NULL, 'app_theme_default', NULL, 2, 'offshore');

-- --------------------------------------------------------

--
-- Estructura de tabla para la tabla `user_social_networks`
--

CREATE TABLE `user_social_networks` (
  `id` int(10) UNSIGNED NOT NULL,
  `created_at` timestamp NULL DEFAULT NULL,
  `updated_at` timestamp NULL DEFAULT NULL,
  `social_network` varchar(100) COLLATE utf8mb4_unicode_ci NOT NULL,
  `info` varchar(150) COLLATE utf8mb4_unicode_ci NOT NULL,
  `user_id` int(10) UNSIGNED NOT NULL
) ENGINE=InnoDB DEFAULT CHARSET=utf8mb4 COLLATE=utf8mb4_unicode_ci;

-- --------------------------------------------------------

--
-- Estructura de tabla para la tabla `workgroups`
--

CREATE TABLE `workgroups` (
  `id` int(10) UNSIGNED NOT NULL,
  `created_at` timestamp NULL DEFAULT NULL,
  `updated_at` timestamp NULL DEFAULT NULL,
  `company_id` int(10) UNSIGNED NOT NULL,
  `title` varchar(100) COLLATE utf8mb4_unicode_ci NOT NULL
) ENGINE=InnoDB DEFAULT CHARSET=utf8mb4 COLLATE=utf8mb4_unicode_ci;

--
-- Volcado de datos para la tabla `workgroups`
--

INSERT INTO `workgroups` (`id`, `created_at`, `updated_at`, `company_id`, `title`) VALUES
(1, '2018-03-14 16:54:12', '2018-03-14 20:52:40', 1, 'WORKGROUP NAME'),
(2, '2018-03-14 20:53:13', '2018-03-14 20:53:24', 1, 'FLEXDEV PROJECT WORKGROUP');

-- --------------------------------------------------------

--
-- Estructura de tabla para la tabla `working_hours`
--

CREATE TABLE `working_hours` (
  `id` int(10) UNSIGNED NOT NULL,
  `created_at` timestamp NULL DEFAULT NULL,
  `updated_at` timestamp NULL DEFAULT NULL,
  `project_id` int(10) UNSIGNED NOT NULL,
  `user_id` int(10) UNSIGNED NOT NULL,
  `date` date NOT NULL,
  `hours` tinyint(4) NOT NULL
) ENGINE=InnoDB DEFAULT CHARSET=utf8mb4 COLLATE=utf8mb4_unicode_ci;

--
-- Índices para tablas volcadas
--

--
-- Indices de la tabla `absences`
--
ALTER TABLE `absences`
  ADD PRIMARY KEY (`id`),
  ADD KEY `absences_absence_type_id_foreign` (`absence_type_id`),
  ADD KEY `absences_project_id_foreign` (`project_id`),
  ADD KEY `absences_user_id_foreign` (`user_id`);

--
-- Indices de la tabla `absence_types`
--
ALTER TABLE `absence_types`
  ADD PRIMARY KEY (`id`),
  ADD KEY `absence_types_country_id_foreign` (`country_id`);

--
-- Indices de la tabla `activities`
--
ALTER TABLE `activities`
  ADD PRIMARY KEY (`id`);

--
-- Indices de la tabla `activities_history`
--
ALTER TABLE `activities_history`
  ADD PRIMARY KEY (`id`),
  ADD KEY `activities_history_agenda_id_foreign` (`agenda_id`),
  ADD KEY `activities_history_follower_id_foreign` (`follower_id`);

--
-- Indices de la tabla `additional_hours`
--
ALTER TABLE `additional_hours`
  ADD PRIMARY KEY (`id`),
  ADD KEY `additional_hours_project_id_foreign` (`project_id`),
  ADD KEY `additional_hours_user_id_foreign` (`user_id`),
  ADD KEY `additional_hours_rate_id_foreign` (`rate_id`);

--
-- Indices de la tabla `agenda`
--
ALTER TABLE `agenda`
  ADD PRIMARY KEY (`id`),
  ADD KEY `agenda_company_id_foreign` (`company_id`),
  ADD KEY `agenda_project_id_foreign` (`project_id`),
  ADD KEY `agenda_creator_id_foreign` (`creator_id`),
  ADD KEY `agenda_owner_id_foreign` (`owner_id`);

--
-- Indices de la tabla `cities`
--
ALTER TABLE `cities`
  ADD PRIMARY KEY (`id`),
  ADD KEY `cities_country_id_foreign` (`country_id`);

--
-- Indices de la tabla `companies`
--
ALTER TABLE `companies`
  ADD PRIMARY KEY (`id`),
  ADD KEY `companies_city_id_foreign` (`city_id`),
  ADD KEY `companies_currency_id_foreign` (`currency_id`),
  ADD KEY `companies_industry_id_foreign` (`industry_id`),
  ADD KEY `companies_user_id_foreign` (`user_id`);

--
-- Indices de la tabla `company_roles`
--
ALTER TABLE `company_roles`
  ADD PRIMARY KEY (`id`),
  ADD KEY `company_roles_company_id_foreign` (`company_id`);

--
-- Indices de la tabla `company_role_templates`
--
ALTER TABLE `company_role_templates`
  ADD PRIMARY KEY (`id`);

--
-- Indices de la tabla `company_users`
--
ALTER TABLE `company_users`
  ADD PRIMARY KEY (`id`),
  ADD KEY `company_users_company_id_foreign` (`company_id`),
  ADD KEY `company_users_user_id_foreign` (`user_id`);

--
-- Indices de la tabla `contacts`
--
ALTER TABLE `contacts`
  ADD PRIMARY KEY (`id`),
  ADD KEY `contacts_company_id_foreign` (`company_id`),
  ADD KEY `contacts_project_id_foreign` (`project_id`),
  ADD KEY `contacts_country_id_foreign` (`country_id`),
  ADD KEY `contacts_city_id_foreign` (`city_id`),
  ADD KEY `contacts_industry_id_foreign` (`industry_id`);

--
-- Indices de la tabla `contracts`
--
ALTER TABLE `contracts`
  ADD PRIMARY KEY (`id`),
  ADD KEY `contracts_customer_id_foreign` (`customer_id`),
  ADD KEY `contracts_project_id_foreign` (`project_id`),
  ADD KEY `contracts_engagement_id_foreign` (`engagement_id`),
  ADD KEY `contracts_currency_id_foreign` (`currency_id`);

--
-- Indices de la tabla `contract_expenses`
--
ALTER TABLE `contract_expenses`
  ADD PRIMARY KEY (`id`),
  ADD KEY `contract_expenses_expense_id_foreign` (`expense_id`),
  ADD KEY `contract_expenses_currency_id_foreign` (`currency_id`),
  ADD KEY `contract_expenses_contract_id_foreign` (`contract_id`);

--
-- Indices de la tabla `contract_materials`
--
ALTER TABLE `contract_materials`
  ADD PRIMARY KEY (`id`),
  ADD KEY `contract_materials_material_id_foreign` (`material_id`),
  ADD KEY `contract_materials_currency_id_foreign` (`currency_id`),
  ADD KEY `contract_materials_contract_id_foreign` (`contract_id`);

--
-- Indices de la tabla `contract_resources`
--
ALTER TABLE `contract_resources`
  ADD PRIMARY KEY (`id`),
  ADD KEY `contract_resources_project_role_id_foreign` (`project_role_id`),
  ADD KEY `contract_resources_seniority_id_foreign` (`seniority_id`),
  ADD KEY `contract_resources_rate_id_foreign` (`rate_id`),
  ADD KEY `contract_resources_currency_id_foreign` (`currency_id`),
  ADD KEY `contract_resources_contract_id_foreign` (`contract_id`);

--
-- Indices de la tabla `contract_services`
--
ALTER TABLE `contract_services`
  ADD PRIMARY KEY (`id`),
  ADD KEY `contract_services_service_id_foreign` (`service_id`),
  ADD KEY `contract_services_currency_id_foreign` (`currency_id`),
  ADD KEY `contract_services_contract_id_foreign` (`contract_id`);

--
-- Indices de la tabla `costs`
--
ALTER TABLE `costs`
  ADD PRIMARY KEY (`id`),
  ADD KEY `costs_company_id_foreign` (`company_id`),
  ADD KEY `costs_country_id_foreign` (`country_id`),
  ADD KEY `costs_city_id_foreign` (`city_id`),
  ADD KEY `costs_seniority_id_foreign` (`seniority_id`),
  ADD KEY `costs_project_role_id_foreign` (`project_role_id`),
  ADD KEY `costs_currency_id_foreign` (`currency_id`);

--
-- Indices de la tabla `countries`
--
ALTER TABLE `countries`
  ADD PRIMARY KEY (`id`),
  ADD KEY `countries_language_id_foreign` (`language_id`),
  ADD KEY `countries_currency_id_foreign` (`currency_id`);

--
-- Indices de la tabla `currencies`
--
ALTER TABLE `currencies`
  ADD PRIMARY KEY (`id`);

--
-- Indices de la tabla `customers`
--
ALTER TABLE `customers`
  ADD PRIMARY KEY (`id`),
  ADD KEY `customers_city_id_foreign` (`city_id`),
  ADD KEY `customers_currency_id_foreign` (`currency_id`),
  ADD KEY `customers_company_id_foreign` (`company_id`),
  ADD KEY `customers_industry_id_foreign` (`industry_id`);

--
-- Indices de la tabla `departments`
--
ALTER TABLE `departments`
  ADD PRIMARY KEY (`id`),
  ADD KEY `departments_office_id_foreign` (`office_id`);

--
-- Indices de la tabla `directories`
--
ALTER TABLE `directories`
  ADD PRIMARY KEY (`id`);

--
-- Indices de la tabla `directory_role`
--
ALTER TABLE `directory_role`
  ADD PRIMARY KEY (`id`),
  ADD KEY `directory_role_directory_id_foreign` (`directory_id`),
  ADD KEY `directory_role_role_id_foreign` (`role_id`);

--
-- Indices de la tabla `discounts`
--
ALTER TABLE `discounts`
  ADD PRIMARY KEY (`id`),
  ADD KEY `discounts_company_id_foreign` (`company_id`),
  ADD KEY `discounts_currency_id_foreign` (`currency_id`);

--
-- Indices de la tabla `doctypes`
--
ALTER TABLE `doctypes`
  ADD PRIMARY KEY (`id`);

--
-- Indices de la tabla `documents`
--
ALTER TABLE `documents`
  ADD PRIMARY KEY (`id`),
  ADD KEY `documents_directory_id_foreign` (`directory_id`);

--
-- Indices de la tabla `emails`
--
ALTER TABLE `emails`
  ADD PRIMARY KEY (`id`),
  ADD KEY `emails_email_category_id_foreign` (`email_category_id`);

--
-- Indices de la tabla `email_categories`
--
ALTER TABLE `email_categories`
  ADD PRIMARY KEY (`id`),
  ADD KEY `email_categories_company_id_foreign` (`company_id`);

--
-- Indices de la tabla `email_category_templates`
--
ALTER TABLE `email_category_templates`
  ADD PRIMARY KEY (`id`);

--
-- Indices de la tabla `email_templates`
--
ALTER TABLE `email_templates`
  ADD PRIMARY KEY (`id`),
  ADD KEY `email_templates_email_category_template_id_foreign` (`email_category_template_id`);

--
-- Indices de la tabla `engagements`
--
ALTER TABLE `engagements`
  ADD PRIMARY KEY (`id`);

--
-- Indices de la tabla `exchange_rates`
--
ALTER TABLE `exchange_rates`
  ADD PRIMARY KEY (`id`),
  ADD KEY `exchange_rates_currency_id_foreign` (`currency_id`),
  ADD KEY `exchange_rates_company_id_foreign` (`company_id`);

--
-- Indices de la tabla `expenses`
--
ALTER TABLE `expenses`
  ADD PRIMARY KEY (`id`),
  ADD KEY `expenses_company_id_foreign` (`company_id`),
  ADD KEY `expenses_cost_currency_id_foreign` (`cost_currency_id`),
  ADD KEY `expenses_currency_id_foreign` (`currency_id`);

--
-- Indices de la tabla `favorites`
--
ALTER TABLE `favorites`
  ADD PRIMARY KEY (`id`),
  ADD KEY `favorites_user_id_foreign` (`user_id`);

--
-- Indices de la tabla `holidays`
--
ALTER TABLE `holidays`
  ADD PRIMARY KEY (`id`),
  ADD KEY `holidays_country_id_foreign` (`country_id`),
  ADD KEY `holidays_company_id_foreign` (`company_id`);

--
-- Indices de la tabla `holidays_templates`
--
ALTER TABLE `holidays_templates`
  ADD PRIMARY KEY (`id`),
  ADD KEY `holidays_templates_country_id_foreign` (`country_id`);

--
-- Indices de la tabla `industries`
--
ALTER TABLE `industries`
  ADD PRIMARY KEY (`id`);

--
-- Indices de la tabla `invoices`
--
ALTER TABLE `invoices`
  ADD PRIMARY KEY (`id`),
  ADD KEY `invoices_project_id_foreign` (`project_id`),
  ADD KEY `invoices_contact_id_foreign` (`contact_id`),
  ADD KEY `invoices_currency_id_foreign` (`currency_id`);

--
-- Indices de la tabla `invoice_discounts`
--
ALTER TABLE `invoice_discounts`
  ADD PRIMARY KEY (`id`),
  ADD KEY `invoice_discounts_invoice_id_foreign` (`invoice_id`),
  ADD KEY `invoice_discounts_currency_id_foreign` (`currency_id`);

--
-- Indices de la tabla `invoice_disc_codifier`
--
ALTER TABLE `invoice_disc_codifier`
  ADD PRIMARY KEY (`id`),
  ADD KEY `invoice_disc_codifier_discount_id_foreign` (`discount_id`),
  ADD KEY `invoice_disc_codifier_currency_id_foreign` (`currency_id`);

--
-- Indices de la tabla `invoice_expenses`
--
ALTER TABLE `invoice_expenses`
  ADD PRIMARY KEY (`id`),
  ADD KEY `invoice_expenses_invoice_id_foreign` (`invoice_id`),
  ADD KEY `invoice_expenses_currency_id_foreign` (`currency_id`);

--
-- Indices de la tabla `invoice_materials`
--
ALTER TABLE `invoice_materials`
  ADD PRIMARY KEY (`id`),
  ADD KEY `invoice_materials_invoice_id_foreign` (`invoice_id`),
  ADD KEY `invoice_materials_currency_id_foreign` (`currency_id`);

--
-- Indices de la tabla `invoice_resources`
--
ALTER TABLE `invoice_resources`
  ADD PRIMARY KEY (`id`),
  ADD KEY `invoice_resources_invoice_id_foreign` (`invoice_id`),
  ADD KEY `invoice_resources_project_role_id_foreign` (`project_role_id`),
  ADD KEY `invoice_resources_seniority_id_foreign` (`seniority_id`),
  ADD KEY `invoice_resources_currency_id_foreign` (`currency_id`),
  ADD KEY `invoice_resources_rate_id_foreign` (`rate_id`),
  ADD KEY `invoice_resources_user_id_foreign` (`user_id`);

--
-- Indices de la tabla `invoice_services`
--
ALTER TABLE `invoice_services`
  ADD PRIMARY KEY (`id`),
  ADD KEY `invoice_services_invoice_id_foreign` (`invoice_id`),
  ADD KEY `invoice_services_currency_id_foreign` (`currency_id`);

--
-- Indices de la tabla `invoice_taxes`
--
ALTER TABLE `invoice_taxes`
  ADD PRIMARY KEY (`id`),
  ADD KEY `invoice_taxes_invoice_id_foreign` (`invoice_id`),
  ADD KEY `invoice_taxes_currency_id_foreign` (`currency_id`);

--
-- Indices de la tabla `invoice_tax_codifier`
--
ALTER TABLE `invoice_tax_codifier`
  ADD PRIMARY KEY (`id`),
  ADD KEY `invoice_tax_codifier_tax_id_foreign` (`tax_id`),
  ADD KEY `invoice_tax_codifier_currency_id_foreign` (`currency_id`);

--
-- Indices de la tabla `kpis`
--
ALTER TABLE `kpis`
  ADD PRIMARY KEY (`id`),
  ADD KEY `kpis_company_id_foreign` (`company_id`);

--
-- Indices de la tabla `languages`
--
ALTER TABLE `languages`
  ADD PRIMARY KEY (`id`);

--
-- Indices de la tabla `materials`
--
ALTER TABLE `materials`
  ADD PRIMARY KEY (`id`),
  ADD KEY `materials_company_id_foreign` (`company_id`),
  ADD KEY `materials_currency_id_foreign` (`currency_id`);

--
-- Indices de la tabla `metadocu`
--
ALTER TABLE `metadocu`
  ADD PRIMARY KEY (`language`,`activity`,`document_type`,`code`,`version`),
  ADD KEY `metadocu_activity_foreign` (`activity`),
  ADD KEY `metadocu_document_type_foreign` (`document_type`),
  ADD KEY `metadocu_document_id_foreign` (`document_id`);

--
-- Indices de la tabla `metagrid`
--
ALTER TABLE `metagrid`
  ADD PRIMARY KEY (`language`,`activity`,`document_type`,`code`,`version`,`variable_code`,`row_number`,`column_number`),
  ADD KEY `metagrid_activity_foreign` (`activity`),
  ADD KEY `metagrid_document_type_foreign` (`document_type`);

--
-- Indices de la tabla `metavariable`
--
ALTER TABLE `metavariable`
  ADD PRIMARY KEY (`language`,`activity`,`document_type`,`code`,`version`,`variable_code`),
  ADD KEY `metavariable_activity_foreign` (`activity`),
  ADD KEY `metavariable_document_type_foreign` (`document_type`);

--
-- Indices de la tabla `migrations`
--
ALTER TABLE `migrations`
  ADD PRIMARY KEY (`id`);

--
-- Indices de la tabla `notes`
--
ALTER TABLE `notes`
  ADD PRIMARY KEY (`id`),
  ADD KEY `notes_project_id_foreign` (`project_id`);

--
-- Indices de la tabla `offices`
--
ALTER TABLE `offices`
  ADD PRIMARY KEY (`id`),
  ADD KEY `offices_company_id_foreign` (`company_id`);

--
-- Indices de la tabla `permissions`
--
ALTER TABLE `permissions`
  ADD PRIMARY KEY (`id`),
  ADD UNIQUE KEY `permissions_slug_unique` (`slug`);

--
-- Indices de la tabla `permission_role`
--
ALTER TABLE `permission_role`
  ADD PRIMARY KEY (`id`),
  ADD KEY `permission_role_permission_id_index` (`permission_id`),
  ADD KEY `permission_role_role_id_index` (`role_id`);

--
-- Indices de la tabla `permission_user`
--
ALTER TABLE `permission_user`
  ADD PRIMARY KEY (`id`),
  ADD KEY `permission_user_permission_id_index` (`permission_id`),
  ADD KEY `permission_user_user_id_index` (`user_id`);

--
-- Indices de la tabla `procurements`
--
ALTER TABLE `procurements`
  ADD PRIMARY KEY (`id`),
  ADD KEY `procurements_project_id_foreign` (`project_id`),
  ADD KEY `procurements_cost_currency_id_foreign` (`cost_currency_id`),
  ADD KEY `procurements_provider_id_foreign` (`provider_id`),
  ADD KEY `procurements_responsable_id_foreign` (`responsable_id`);

--
-- Indices de la tabla `procurement_offers`
--
ALTER TABLE `procurement_offers`
  ADD PRIMARY KEY (`id`),
  ADD KEY `procurement_offers_delivery_responsable_foreign` (`delivery_responsable`),
  ADD KEY `procurement_offers_procurement_id_foreign` (`procurement_id`);

--
-- Indices de la tabla `projects`
--
ALTER TABLE `projects`
  ADD PRIMARY KEY (`id`),
  ADD KEY `projects_customer_id_foreign` (`customer_id`),
  ADD KEY `projects_project_manager_id_foreign` (`project_manager_id`),
  ADD KEY `projects_technical_director_id_foreign` (`technical_director_id`),
  ADD KEY `projects_delivery_manager_id_foreign` (`delivery_manager_id`),
  ADD KEY `projects_department_id_foreign` (`department_id`);

--
-- Indices de la tabla `project_expenses`
--
ALTER TABLE `project_expenses`
  ADD PRIMARY KEY (`id`),
  ADD KEY `project_expenses_project_id_foreign` (`project_id`),
  ADD KEY `project_expenses_currency_id_foreign` (`currency_id`),
  ADD KEY `project_expenses_expense_id_foreign` (`expense_id`);

--
-- Indices de la tabla `project_kpi_alerts`
--
ALTER TABLE `project_kpi_alerts`
  ADD PRIMARY KEY (`id`),
  ADD KEY `project_kpi_alerts_kpi_id_foreign` (`kpi_id`),
  ADD KEY `project_kpi_alerts_project_id_foreign` (`project_id`);

--
-- Indices de la tabla `project_materials`
--
ALTER TABLE `project_materials`
  ADD PRIMARY KEY (`id`),
  ADD KEY `project_materials_project_id_foreign` (`project_id`),
  ADD KEY `project_materials_currency_id_foreign` (`currency_id`),
  ADD KEY `project_materials_material_id_foreign` (`material_id`);

--
-- Indices de la tabla `project_resources`
--
ALTER TABLE `project_resources`
  ADD PRIMARY KEY (`id`),
  ADD KEY `project_resources_project_id_foreign` (`project_id`),
  ADD KEY `project_resources_user_id_foreign` (`user_id`),
  ADD KEY `project_resources_project_role_id_foreign` (`project_role_id`),
  ADD KEY `project_resources_seniority_id_foreign` (`seniority_id`),
  ADD KEY `project_resources_rate_id_foreign` (`rate_id`),
  ADD KEY `project_resources_currency_id_foreign` (`currency_id`);

--
-- Indices de la tabla `project_roles`
--
ALTER TABLE `project_roles`
  ADD PRIMARY KEY (`id`),
  ADD KEY `project_roles_company_id_foreign` (`company_id`);

--
-- Indices de la tabla `project_role_templates`
--
ALTER TABLE `project_role_templates`
  ADD PRIMARY KEY (`id`);

--
-- Indices de la tabla `project_services`
--
ALTER TABLE `project_services`
  ADD PRIMARY KEY (`id`),
  ADD KEY `project_services_project_id_foreign` (`project_id`),
  ADD KEY `project_services_currency_id_foreign` (`currency_id`),
  ADD KEY `project_services_service_id_foreign` (`service_id`);

--
-- Indices de la tabla `providers`
--
ALTER TABLE `providers`
  ADD PRIMARY KEY (`id`),
  ADD KEY `providers_city_id_foreign` (`city_id`),
  ADD KEY `providers_currency_id_foreign` (`currency_id`),
  ADD KEY `providers_industry_id_foreign` (`industry_id`),
  ADD KEY `providers_company_id_foreign` (`company_id`);

--
-- Indices de la tabla `quotations`
--
ALTER TABLE `quotations`
  ADD PRIMARY KEY (`id`),
  ADD KEY `quotations_project_id_foreign` (`project_id`),
  ADD KEY `quotations_customer_id_foreign` (`customer_id`);

--
-- Indices de la tabla `quotation_lines`
--
ALTER TABLE `quotation_lines`
  ADD PRIMARY KEY (`id`),
  ADD KEY `quotation_lines_quotation_id_foreign` (`quotation_id`);

--
-- Indices de la tabla `rates`
--
ALTER TABLE `rates`
  ADD PRIMARY KEY (`id`),
  ADD KEY `rates_country_id_foreign` (`country_id`),
  ADD KEY `rates_city_id_foreign` (`city_id`),
  ADD KEY `rates_project_role_id_foreign` (`project_role_id`),
  ADD KEY `rates_seniority_id_foreign` (`seniority_id`),
  ADD KEY `rates_currency_id_foreign` (`currency_id`),
  ADD KEY `rates_office_id_foreign` (`office_id`);

--
-- Indices de la tabla `replacements`
--
ALTER TABLE `replacements`
  ADD PRIMARY KEY (`id`),
  ADD KEY `replacements_absence_id_foreign` (`absence_id`),
  ADD KEY `replacements_user_id_foreign` (`user_id`);

--
-- Indices de la tabla `requirements`
--
ALTER TABLE `requirements`
  ADD PRIMARY KEY (`id`),
  ADD KEY `requirements_project_id_foreign` (`project_id`),
  ADD KEY `requirements_owner_id_foreign` (`owner_id`);

--
-- Indices de la tabla `roles`
--
ALTER TABLE `roles`
  ADD PRIMARY KEY (`id`),
  ADD UNIQUE KEY `roles_slug_unique` (`slug`),
  ADD KEY `roles_company_role_id_foreign` (`company_role_id`);

--
-- Indices de la tabla `role_user`
--
ALTER TABLE `role_user`
  ADD PRIMARY KEY (`id`),
  ADD KEY `role_user_role_id_index` (`role_id`),
  ADD KEY `role_user_user_id_index` (`user_id`);

--
-- Indices de la tabla `seniorities`
--
ALTER TABLE `seniorities`
  ADD PRIMARY KEY (`id`),
  ADD KEY `seniorities_company_id_foreign` (`company_id`);

--
-- Indices de la tabla `seniority_templates`
--
ALTER TABLE `seniority_templates`
  ADD PRIMARY KEY (`id`);

--
-- Indices de la tabla `services`
--
ALTER TABLE `services`
  ADD PRIMARY KEY (`id`),
  ADD KEY `services_company_id_foreign` (`company_id`),
  ADD KEY `services_currency_id_foreign` (`currency_id`),
  ADD KEY `services_cost_currency_id_foreign` (`cost_currency_id`);

--
-- Indices de la tabla `stakeholders`
--
ALTER TABLE `stakeholders`
  ADD PRIMARY KEY (`id`),
  ADD KEY `stakeholders_contact_id_foreign` (`contact_id`);

--
-- Indices de la tabla `tasks`
--
ALTER TABLE `tasks`
  ADD PRIMARY KEY (`id`),
  ADD KEY `tasks_project_id_foreign` (`project_id`),
  ADD KEY `tasks_requirement_id_foreign` (`requirement_id`);

--
-- Indices de la tabla `task_materials`
--
ALTER TABLE `task_materials`
  ADD PRIMARY KEY (`id`),
  ADD KEY `task_materials_task_id_foreign` (`task_id`);

--
-- Indices de la tabla `task_resources`
--
ALTER TABLE `task_resources`
  ADD PRIMARY KEY (`id`),
  ADD KEY `task_resources_task_id_foreign` (`task_id`),
  ADD KEY `task_resources_user_id_foreign` (`user_id`);

--
-- Indices de la tabla `task_services`
--
ALTER TABLE `task_services`
  ADD PRIMARY KEY (`id`),
  ADD KEY `task_services_task_id_foreign` (`task_id`);

--
-- Indices de la tabla `taxes`
--
ALTER TABLE `taxes`
  ADD PRIMARY KEY (`id`),
  ADD KEY `taxes_company_id_foreign` (`company_id`),
  ADD KEY `taxes_country_id_foreign` (`country_id`),
  ADD KEY `taxes_currency_id_foreign` (`currency_id`);

--
-- Indices de la tabla `teams`
--
ALTER TABLE `teams`
  ADD PRIMARY KEY (`id`),
  ADD KEY `teams_project_id_foreign` (`project_id`);

--
-- Indices de la tabla `team_users`
--
ALTER TABLE `team_users`
  ADD PRIMARY KEY (`id`),
  ADD KEY `team_users_project_id_foreign` (`project_id`),
  ADD KEY `team_users_user_id_foreign` (`user_id`);

--
-- Indices de la tabla `tickets`
--
ALTER TABLE `tickets`
  ADD PRIMARY KEY (`id`),
  ADD KEY `tickets_task_id_foreign` (`task_id`),
  ADD KEY `tickets_assignee_id_foreign` (`assignee_id`),
  ADD KEY `tickets_last_updater_id_foreign` (`last_updater_id`),
  ADD KEY `tickets_owner_id_foreign` (`owner_id`);

--
-- Indices de la tabla `ticket_histories`
--
ALTER TABLE `ticket_histories`
  ADD PRIMARY KEY (`id`),
  ADD KEY `ticket_histories_ticket_id_foreign` (`ticket_id`),
  ADD KEY `ticket_histories_owner_id_foreign` (`owner_id`);

--
-- Indices de la tabla `users`
--
ALTER TABLE `users`
  ADD PRIMARY KEY (`id`),
  ADD KEY `users_user_id_foreign` (`user_id`),
  ADD KEY `users_city_id_foreign` (`city_id`),
  ADD KEY `users_company_role_id_foreign` (`company_role_id`),
  ADD KEY `users_project_role_id_foreign` (`project_role_id`),
  ADD KEY `users_seniority_id_foreign` (`seniority_id`),
  ADD KEY `users_office_id_foreign` (`office_id`),
  ADD KEY `users_workgroup_id_foreign` (`workgroup_id`);

--
-- Indices de la tabla `user_social_networks`
--
ALTER TABLE `user_social_networks`
  ADD PRIMARY KEY (`id`),
  ADD KEY `user_social_networks_user_id_foreign` (`user_id`);

--
-- Indices de la tabla `workgroups`
--
ALTER TABLE `workgroups`
  ADD PRIMARY KEY (`id`),
  ADD KEY `workgroups_company_id_foreign` (`company_id`);

--
-- Indices de la tabla `working_hours`
--
ALTER TABLE `working_hours`
  ADD PRIMARY KEY (`id`),
  ADD KEY `working_hours_project_id_foreign` (`project_id`),
  ADD KEY `working_hours_user_id_foreign` (`user_id`);

--
-- AUTO_INCREMENT de las tablas volcadas
--

--
-- AUTO_INCREMENT de la tabla `absences`
--
ALTER TABLE `absences`
  MODIFY `id` int(10) UNSIGNED NOT NULL AUTO_INCREMENT;
--
-- AUTO_INCREMENT de la tabla `absence_types`
--
ALTER TABLE `absence_types`
  MODIFY `id` int(10) UNSIGNED NOT NULL AUTO_INCREMENT, AUTO_INCREMENT=24;
--
-- AUTO_INCREMENT de la tabla `activities`
--
ALTER TABLE `activities`
  MODIFY `id` int(10) UNSIGNED NOT NULL AUTO_INCREMENT, AUTO_INCREMENT=7;
--
-- AUTO_INCREMENT de la tabla `activities_history`
--
ALTER TABLE `activities_history`
  MODIFY `id` int(10) UNSIGNED NOT NULL AUTO_INCREMENT;
--
-- AUTO_INCREMENT de la tabla `additional_hours`
--
ALTER TABLE `additional_hours`
  MODIFY `id` int(10) UNSIGNED NOT NULL AUTO_INCREMENT;
--
-- AUTO_INCREMENT de la tabla `agenda`
--
ALTER TABLE `agenda`
  MODIFY `id` int(10) UNSIGNED NOT NULL AUTO_INCREMENT;
--
-- AUTO_INCREMENT de la tabla `cities`
--
ALTER TABLE `cities`
  MODIFY `id` int(10) UNSIGNED NOT NULL AUTO_INCREMENT, AUTO_INCREMENT=10;
--
-- AUTO_INCREMENT de la tabla `companies`
--
ALTER TABLE `companies`
  MODIFY `id` int(10) UNSIGNED NOT NULL AUTO_INCREMENT, AUTO_INCREMENT=2;
--
-- AUTO_INCREMENT de la tabla `company_roles`
--
ALTER TABLE `company_roles`
  MODIFY `id` int(10) UNSIGNED NOT NULL AUTO_INCREMENT;
--
-- AUTO_INCREMENT de la tabla `company_role_templates`
--
ALTER TABLE `company_role_templates`
  MODIFY `id` int(10) UNSIGNED NOT NULL AUTO_INCREMENT, AUTO_INCREMENT=6;
--
-- AUTO_INCREMENT de la tabla `company_users`
--
ALTER TABLE `company_users`
  MODIFY `id` int(10) UNSIGNED NOT NULL AUTO_INCREMENT, AUTO_INCREMENT=529;
--
-- AUTO_INCREMENT de la tabla `contacts`
--
ALTER TABLE `contacts`
  MODIFY `id` int(10) UNSIGNED NOT NULL AUTO_INCREMENT;
--
-- AUTO_INCREMENT de la tabla `contracts`
--
ALTER TABLE `contracts`
  MODIFY `id` int(10) UNSIGNED NOT NULL AUTO_INCREMENT;
--
-- AUTO_INCREMENT de la tabla `contract_expenses`
--
ALTER TABLE `contract_expenses`
  MODIFY `id` int(10) UNSIGNED NOT NULL AUTO_INCREMENT;
--
-- AUTO_INCREMENT de la tabla `contract_materials`
--
ALTER TABLE `contract_materials`
  MODIFY `id` int(10) UNSIGNED NOT NULL AUTO_INCREMENT;
--
-- AUTO_INCREMENT de la tabla `contract_resources`
--
ALTER TABLE `contract_resources`
  MODIFY `id` int(10) UNSIGNED NOT NULL AUTO_INCREMENT;
--
-- AUTO_INCREMENT de la tabla `contract_services`
--
ALTER TABLE `contract_services`
  MODIFY `id` int(10) UNSIGNED NOT NULL AUTO_INCREMENT;
--
-- AUTO_INCREMENT de la tabla `costs`
--
ALTER TABLE `costs`
  MODIFY `id` int(10) UNSIGNED NOT NULL AUTO_INCREMENT, AUTO_INCREMENT=8;
--
-- AUTO_INCREMENT de la tabla `countries`
--
ALTER TABLE `countries`
  MODIFY `id` int(10) UNSIGNED NOT NULL AUTO_INCREMENT, AUTO_INCREMENT=6;
--
-- AUTO_INCREMENT de la tabla `currencies`
--
ALTER TABLE `currencies`
  MODIFY `id` int(10) UNSIGNED NOT NULL AUTO_INCREMENT, AUTO_INCREMENT=7;
--
-- AUTO_INCREMENT de la tabla `customers`
--
ALTER TABLE `customers`
  MODIFY `id` int(10) UNSIGNED NOT NULL AUTO_INCREMENT, AUTO_INCREMENT=3;
--
-- AUTO_INCREMENT de la tabla `departments`
--
ALTER TABLE `departments`
  MODIFY `id` int(10) UNSIGNED NOT NULL AUTO_INCREMENT, AUTO_INCREMENT=6;
--
-- AUTO_INCREMENT de la tabla `directories`
--
ALTER TABLE `directories`
  MODIFY `id` int(10) UNSIGNED NOT NULL AUTO_INCREMENT, AUTO_INCREMENT=141;
--
-- AUTO_INCREMENT de la tabla `directory_role`
--
ALTER TABLE `directory_role`
  MODIFY `id` int(10) UNSIGNED NOT NULL AUTO_INCREMENT;
--
-- AUTO_INCREMENT de la tabla `discounts`
--
ALTER TABLE `discounts`
  MODIFY `id` int(10) UNSIGNED NOT NULL AUTO_INCREMENT, AUTO_INCREMENT=4;
--
-- AUTO_INCREMENT de la tabla `doctypes`
--
ALTER TABLE `doctypes`
  MODIFY `id` int(10) UNSIGNED NOT NULL AUTO_INCREMENT;
--
-- AUTO_INCREMENT de la tabla `documents`
--
ALTER TABLE `documents`
  MODIFY `id` int(10) UNSIGNED NOT NULL AUTO_INCREMENT;
--
-- AUTO_INCREMENT de la tabla `emails`
--
ALTER TABLE `emails`
  MODIFY `id` int(10) UNSIGNED NOT NULL AUTO_INCREMENT;
--
-- AUTO_INCREMENT de la tabla `email_categories`
--
ALTER TABLE `email_categories`
  MODIFY `id` int(10) UNSIGNED NOT NULL AUTO_INCREMENT;
--
-- AUTO_INCREMENT de la tabla `email_category_templates`
--
ALTER TABLE `email_category_templates`
  MODIFY `id` int(10) UNSIGNED NOT NULL AUTO_INCREMENT, AUTO_INCREMENT=11;
--
-- AUTO_INCREMENT de la tabla `email_templates`
--
ALTER TABLE `email_templates`
  MODIFY `id` int(10) UNSIGNED NOT NULL AUTO_INCREMENT, AUTO_INCREMENT=7;
--
-- AUTO_INCREMENT de la tabla `engagements`
--
ALTER TABLE `engagements`
  MODIFY `id` int(10) UNSIGNED NOT NULL AUTO_INCREMENT;
--
-- AUTO_INCREMENT de la tabla `exchange_rates`
--
ALTER TABLE `exchange_rates`
  MODIFY `id` int(10) UNSIGNED NOT NULL AUTO_INCREMENT, AUTO_INCREMENT=6;
--
-- AUTO_INCREMENT de la tabla `expenses`
--
ALTER TABLE `expenses`
  MODIFY `id` int(10) UNSIGNED NOT NULL AUTO_INCREMENT, AUTO_INCREMENT=8;
--
-- AUTO_INCREMENT de la tabla `favorites`
--
ALTER TABLE `favorites`
  MODIFY `id` int(10) UNSIGNED NOT NULL AUTO_INCREMENT;
--
-- AUTO_INCREMENT de la tabla `holidays`
--
ALTER TABLE `holidays`
  MODIFY `id` int(10) UNSIGNED NOT NULL AUTO_INCREMENT, AUTO_INCREMENT=149;
--
-- AUTO_INCREMENT de la tabla `holidays_templates`
--
ALTER TABLE `holidays_templates`
  MODIFY `id` int(10) UNSIGNED NOT NULL AUTO_INCREMENT, AUTO_INCREMENT=81;
--
-- AUTO_INCREMENT de la tabla `industries`
--
ALTER TABLE `industries`
  MODIFY `id` int(10) UNSIGNED NOT NULL AUTO_INCREMENT, AUTO_INCREMENT=24;
--
-- AUTO_INCREMENT de la tabla `invoices`
--
ALTER TABLE `invoices`
  MODIFY `id` int(10) UNSIGNED NOT NULL AUTO_INCREMENT;
--
-- AUTO_INCREMENT de la tabla `invoice_discounts`
--
ALTER TABLE `invoice_discounts`
  MODIFY `id` int(10) UNSIGNED NOT NULL AUTO_INCREMENT;
--
-- AUTO_INCREMENT de la tabla `invoice_disc_codifier`
--
ALTER TABLE `invoice_disc_codifier`
  MODIFY `id` int(10) UNSIGNED NOT NULL AUTO_INCREMENT;
--
-- AUTO_INCREMENT de la tabla `invoice_expenses`
--
ALTER TABLE `invoice_expenses`
  MODIFY `id` int(10) UNSIGNED NOT NULL AUTO_INCREMENT;
--
-- AUTO_INCREMENT de la tabla `invoice_materials`
--
ALTER TABLE `invoice_materials`
  MODIFY `id` int(10) UNSIGNED NOT NULL AUTO_INCREMENT;
--
-- AUTO_INCREMENT de la tabla `invoice_resources`
--
ALTER TABLE `invoice_resources`
  MODIFY `id` int(10) UNSIGNED NOT NULL AUTO_INCREMENT;
--
-- AUTO_INCREMENT de la tabla `invoice_services`
--
ALTER TABLE `invoice_services`
  MODIFY `id` int(10) UNSIGNED NOT NULL AUTO_INCREMENT;
--
-- AUTO_INCREMENT de la tabla `invoice_taxes`
--
ALTER TABLE `invoice_taxes`
  MODIFY `id` int(10) UNSIGNED NOT NULL AUTO_INCREMENT;
--
-- AUTO_INCREMENT de la tabla `invoice_tax_codifier`
--
ALTER TABLE `invoice_tax_codifier`
  MODIFY `id` int(10) UNSIGNED NOT NULL AUTO_INCREMENT;
--
-- AUTO_INCREMENT de la tabla `kpis`
--
ALTER TABLE `kpis`
  MODIFY `id` int(10) UNSIGNED NOT NULL AUTO_INCREMENT;
--
-- AUTO_INCREMENT de la tabla `languages`
--
ALTER TABLE `languages`
  MODIFY `id` int(10) UNSIGNED NOT NULL AUTO_INCREMENT, AUTO_INCREMENT=7;
--
-- AUTO_INCREMENT de la tabla `materials`
--
ALTER TABLE `materials`
  MODIFY `id` int(10) UNSIGNED NOT NULL AUTO_INCREMENT, AUTO_INCREMENT=3;
--
-- AUTO_INCREMENT de la tabla `migrations`
--
ALTER TABLE `migrations`
  MODIFY `id` int(10) UNSIGNED NOT NULL AUTO_INCREMENT, AUTO_INCREMENT=95;
--
-- AUTO_INCREMENT de la tabla `notes`
--
ALTER TABLE `notes`
  MODIFY `id` int(10) UNSIGNED NOT NULL AUTO_INCREMENT;
--
-- AUTO_INCREMENT de la tabla `offices`
--
ALTER TABLE `offices`
  MODIFY `id` int(10) UNSIGNED NOT NULL AUTO_INCREMENT, AUTO_INCREMENT=6;
--
-- AUTO_INCREMENT de la tabla `permissions`
--
ALTER TABLE `permissions`
  MODIFY `id` int(10) UNSIGNED NOT NULL AUTO_INCREMENT, AUTO_INCREMENT=15;
--
-- AUTO_INCREMENT de la tabla `permission_role`
--
ALTER TABLE `permission_role`
  MODIFY `id` int(10) UNSIGNED NOT NULL AUTO_INCREMENT, AUTO_INCREMENT=15;
--
-- AUTO_INCREMENT de la tabla `permission_user`
--
ALTER TABLE `permission_user`
  MODIFY `id` int(10) UNSIGNED NOT NULL AUTO_INCREMENT;
--
-- AUTO_INCREMENT de la tabla `procurements`
--
ALTER TABLE `procurements`
  MODIFY `id` int(10) UNSIGNED NOT NULL AUTO_INCREMENT;
--
-- AUTO_INCREMENT de la tabla `procurement_offers`
--
ALTER TABLE `procurement_offers`
  MODIFY `id` int(10) UNSIGNED NOT NULL AUTO_INCREMENT;
--
-- AUTO_INCREMENT de la tabla `projects`
--
ALTER TABLE `projects`
  MODIFY `id` int(10) UNSIGNED NOT NULL AUTO_INCREMENT;
--
-- AUTO_INCREMENT de la tabla `project_expenses`
--
ALTER TABLE `project_expenses`
  MODIFY `id` int(10) UNSIGNED NOT NULL AUTO_INCREMENT;
--
-- AUTO_INCREMENT de la tabla `project_kpi_alerts`
--
ALTER TABLE `project_kpi_alerts`
  MODIFY `id` int(10) UNSIGNED NOT NULL AUTO_INCREMENT;
--
-- AUTO_INCREMENT de la tabla `project_materials`
--
ALTER TABLE `project_materials`
  MODIFY `id` int(10) UNSIGNED NOT NULL AUTO_INCREMENT;
--
-- AUTO_INCREMENT de la tabla `project_resources`
--
ALTER TABLE `project_resources`
  MODIFY `id` int(10) UNSIGNED NOT NULL AUTO_INCREMENT;
--
-- AUTO_INCREMENT de la tabla `project_roles`
--
ALTER TABLE `project_roles`
  MODIFY `id` int(10) UNSIGNED NOT NULL AUTO_INCREMENT, AUTO_INCREMENT=8;
--
-- AUTO_INCREMENT de la tabla `project_role_templates`
--
ALTER TABLE `project_role_templates`
  MODIFY `id` int(10) UNSIGNED NOT NULL AUTO_INCREMENT, AUTO_INCREMENT=6;
--
-- AUTO_INCREMENT de la tabla `project_services`
--
ALTER TABLE `project_services`
  MODIFY `id` int(10) UNSIGNED NOT NULL AUTO_INCREMENT;
--
-- AUTO_INCREMENT de la tabla `providers`
--
ALTER TABLE `providers`
  MODIFY `id` int(10) UNSIGNED NOT NULL AUTO_INCREMENT, AUTO_INCREMENT=4;
--
-- AUTO_INCREMENT de la tabla `quotations`
--
ALTER TABLE `quotations`
  MODIFY `id` int(10) UNSIGNED NOT NULL AUTO_INCREMENT;
--
-- AUTO_INCREMENT de la tabla `quotation_lines`
--
ALTER TABLE `quotation_lines`
  MODIFY `id` int(10) UNSIGNED NOT NULL AUTO_INCREMENT;
--
-- AUTO_INCREMENT de la tabla `rates`
--
ALTER TABLE `rates`
  MODIFY `id` int(10) UNSIGNED NOT NULL AUTO_INCREMENT, AUTO_INCREMENT=7;
--
-- AUTO_INCREMENT de la tabla `replacements`
--
ALTER TABLE `replacements`
  MODIFY `id` int(10) UNSIGNED NOT NULL AUTO_INCREMENT;
--
-- AUTO_INCREMENT de la tabla `requirements`
--
ALTER TABLE `requirements`
  MODIFY `id` int(10) UNSIGNED NOT NULL AUTO_INCREMENT;
--
-- AUTO_INCREMENT de la tabla `roles`
--
ALTER TABLE `roles`
  MODIFY `id` int(10) UNSIGNED NOT NULL AUTO_INCREMENT, AUTO_INCREMENT=4;
--
-- AUTO_INCREMENT de la tabla `role_user`
--
ALTER TABLE `role_user`
  MODIFY `id` int(10) UNSIGNED NOT NULL AUTO_INCREMENT, AUTO_INCREMENT=3;
--
-- AUTO_INCREMENT de la tabla `seniorities`
--
ALTER TABLE `seniorities`
  MODIFY `id` int(10) UNSIGNED NOT NULL AUTO_INCREMENT, AUTO_INCREMENT=5;
--
-- AUTO_INCREMENT de la tabla `seniority_templates`
--
ALTER TABLE `seniority_templates`
  MODIFY `id` int(10) UNSIGNED NOT NULL AUTO_INCREMENT, AUTO_INCREMENT=4;
--
-- AUTO_INCREMENT de la tabla `services`
--
ALTER TABLE `services`
  MODIFY `id` int(10) UNSIGNED NOT NULL AUTO_INCREMENT, AUTO_INCREMENT=4;
--
-- AUTO_INCREMENT de la tabla `stakeholders`
--
ALTER TABLE `stakeholders`
  MODIFY `id` int(10) UNSIGNED NOT NULL AUTO_INCREMENT;
--
-- AUTO_INCREMENT de la tabla `tasks`
--
ALTER TABLE `tasks`
  MODIFY `id` int(10) UNSIGNED NOT NULL AUTO_INCREMENT;
--
-- AUTO_INCREMENT de la tabla `task_materials`
--
ALTER TABLE `task_materials`
  MODIFY `id` int(10) UNSIGNED NOT NULL AUTO_INCREMENT;
--
-- AUTO_INCREMENT de la tabla `task_resources`
--
ALTER TABLE `task_resources`
  MODIFY `id` int(10) UNSIGNED NOT NULL AUTO_INCREMENT;
--
-- AUTO_INCREMENT de la tabla `task_services`
--
ALTER TABLE `task_services`
  MODIFY `id` int(10) UNSIGNED NOT NULL AUTO_INCREMENT;
--
-- AUTO_INCREMENT de la tabla `taxes`
--
ALTER TABLE `taxes`
  MODIFY `id` int(10) UNSIGNED NOT NULL AUTO_INCREMENT, AUTO_INCREMENT=3;
--
-- AUTO_INCREMENT de la tabla `teams`
--
ALTER TABLE `teams`
  MODIFY `id` int(10) UNSIGNED NOT NULL AUTO_INCREMENT;
--
-- AUTO_INCREMENT de la tabla `team_users`
--
ALTER TABLE `team_users`
  MODIFY `id` int(10) UNSIGNED NOT NULL AUTO_INCREMENT;
--
-- AUTO_INCREMENT de la tabla `tickets`
--
ALTER TABLE `tickets`
  MODIFY `id` int(10) UNSIGNED NOT NULL AUTO_INCREMENT;
--
-- AUTO_INCREMENT de la tabla `ticket_histories`
--
ALTER TABLE `ticket_histories`
  MODIFY `id` int(10) UNSIGNED NOT NULL AUTO_INCREMENT;
--
-- AUTO_INCREMENT de la tabla `users`
--
ALTER TABLE `users`
  MODIFY `id` int(10) UNSIGNED NOT NULL AUTO_INCREMENT, AUTO_INCREMENT=531;
--
-- AUTO_INCREMENT de la tabla `user_social_networks`
--
ALTER TABLE `user_social_networks`
  MODIFY `id` int(10) UNSIGNED NOT NULL AUTO_INCREMENT;
--
-- AUTO_INCREMENT de la tabla `workgroups`
--
ALTER TABLE `workgroups`
  MODIFY `id` int(10) UNSIGNED NOT NULL AUTO_INCREMENT, AUTO_INCREMENT=3;
--
-- AUTO_INCREMENT de la tabla `working_hours`
--
ALTER TABLE `working_hours`
  MODIFY `id` int(10) UNSIGNED NOT NULL AUTO_INCREMENT;
--
-- Restricciones para tablas volcadas
--

--
-- Filtros para la tabla `absences`
--
ALTER TABLE `absences`
  ADD CONSTRAINT `absences_absence_type_id_foreign` FOREIGN KEY (`absence_type_id`) REFERENCES `absence_types` (`id`),
  ADD CONSTRAINT `absences_project_id_foreign` FOREIGN KEY (`project_id`) REFERENCES `projects` (`id`),
  ADD CONSTRAINT `absences_user_id_foreign` FOREIGN KEY (`user_id`) REFERENCES `users` (`id`) ON DELETE CASCADE;

--
-- Filtros para la tabla `absence_types`
--
ALTER TABLE `absence_types`
  ADD CONSTRAINT `absence_types_country_id_foreign` FOREIGN KEY (`country_id`) REFERENCES `countries` (`id`);

--
-- Filtros para la tabla `activities_history`
--
ALTER TABLE `activities_history`
  ADD CONSTRAINT `activities_history_agenda_id_foreign` FOREIGN KEY (`agenda_id`) REFERENCES `agenda` (`id`) ON DELETE CASCADE,
  ADD CONSTRAINT `activities_history_follower_id_foreign` FOREIGN KEY (`follower_id`) REFERENCES `users` (`id`) ON DELETE CASCADE;

--
-- Filtros para la tabla `additional_hours`
--
ALTER TABLE `additional_hours`
  ADD CONSTRAINT `additional_hours_project_id_foreign` FOREIGN KEY (`project_id`) REFERENCES `projects` (`id`),
  ADD CONSTRAINT `additional_hours_rate_id_foreign` FOREIGN KEY (`rate_id`) REFERENCES `rates` (`id`),
  ADD CONSTRAINT `additional_hours_user_id_foreign` FOREIGN KEY (`user_id`) REFERENCES `users` (`id`) ON DELETE CASCADE;

--
-- Filtros para la tabla `agenda`
--
ALTER TABLE `agenda`
  ADD CONSTRAINT `agenda_company_id_foreign` FOREIGN KEY (`company_id`) REFERENCES `companies` (`id`) ON DELETE CASCADE,
  ADD CONSTRAINT `agenda_creator_id_foreign` FOREIGN KEY (`creator_id`) REFERENCES `users` (`id`) ON DELETE CASCADE,
  ADD CONSTRAINT `agenda_owner_id_foreign` FOREIGN KEY (`owner_id`) REFERENCES `users` (`id`) ON DELETE CASCADE,
  ADD CONSTRAINT `agenda_project_id_foreign` FOREIGN KEY (`project_id`) REFERENCES `projects` (`id`) ON DELETE CASCADE;

--
-- Filtros para la tabla `cities`
--
ALTER TABLE `cities`
  ADD CONSTRAINT `cities_country_id_foreign` FOREIGN KEY (`country_id`) REFERENCES `countries` (`id`);

--
-- Filtros para la tabla `companies`
--
ALTER TABLE `companies`
  ADD CONSTRAINT `companies_city_id_foreign` FOREIGN KEY (`city_id`) REFERENCES `cities` (`id`),
  ADD CONSTRAINT `companies_currency_id_foreign` FOREIGN KEY (`currency_id`) REFERENCES `currencies` (`id`),
  ADD CONSTRAINT `companies_industry_id_foreign` FOREIGN KEY (`industry_id`) REFERENCES `industries` (`id`),
  ADD CONSTRAINT `companies_user_id_foreign` FOREIGN KEY (`user_id`) REFERENCES `users` (`id`);

--
-- Filtros para la tabla `company_roles`
--
ALTER TABLE `company_roles`
  ADD CONSTRAINT `company_roles_company_id_foreign` FOREIGN KEY (`company_id`) REFERENCES `companies` (`id`) ON DELETE CASCADE ON UPDATE CASCADE;

--
-- Filtros para la tabla `company_users`
--
ALTER TABLE `company_users`
  ADD CONSTRAINT `company_users_company_id_foreign` FOREIGN KEY (`company_id`) REFERENCES `companies` (`id`) ON DELETE CASCADE,
  ADD CONSTRAINT `company_users_user_id_foreign` FOREIGN KEY (`user_id`) REFERENCES `users` (`id`) ON DELETE CASCADE;

--
-- Filtros para la tabla `contacts`
--
ALTER TABLE `contacts`
  ADD CONSTRAINT `contacts_city_id_foreign` FOREIGN KEY (`city_id`) REFERENCES `cities` (`id`) ON DELETE CASCADE,
  ADD CONSTRAINT `contacts_company_id_foreign` FOREIGN KEY (`company_id`) REFERENCES `companies` (`id`) ON DELETE CASCADE,
  ADD CONSTRAINT `contacts_country_id_foreign` FOREIGN KEY (`country_id`) REFERENCES `countries` (`id`) ON DELETE CASCADE,
  ADD CONSTRAINT `contacts_industry_id_foreign` FOREIGN KEY (`industry_id`) REFERENCES `industries` (`id`) ON DELETE CASCADE,
  ADD CONSTRAINT `contacts_project_id_foreign` FOREIGN KEY (`project_id`) REFERENCES `projects` (`id`) ON DELETE CASCADE;

--
-- Filtros para la tabla `contracts`
--
ALTER TABLE `contracts`
  ADD CONSTRAINT `contracts_currency_id_foreign` FOREIGN KEY (`currency_id`) REFERENCES `currencies` (`id`) ON DELETE CASCADE,
  ADD CONSTRAINT `contracts_customer_id_foreign` FOREIGN KEY (`customer_id`) REFERENCES `customers` (`id`) ON DELETE CASCADE,
  ADD CONSTRAINT `contracts_engagement_id_foreign` FOREIGN KEY (`engagement_id`) REFERENCES `engagements` (`id`) ON DELETE CASCADE,
  ADD CONSTRAINT `contracts_project_id_foreign` FOREIGN KEY (`project_id`) REFERENCES `projects` (`id`) ON DELETE CASCADE;

--
-- Filtros para la tabla `contract_expenses`
--
ALTER TABLE `contract_expenses`
  ADD CONSTRAINT `contract_expenses_contract_id_foreign` FOREIGN KEY (`contract_id`) REFERENCES `contracts` (`id`),
  ADD CONSTRAINT `contract_expenses_currency_id_foreign` FOREIGN KEY (`currency_id`) REFERENCES `currencies` (`id`),
  ADD CONSTRAINT `contract_expenses_expense_id_foreign` FOREIGN KEY (`expense_id`) REFERENCES `expenses` (`id`);

--
-- Filtros para la tabla `contract_materials`
--
ALTER TABLE `contract_materials`
  ADD CONSTRAINT `contract_materials_contract_id_foreign` FOREIGN KEY (`contract_id`) REFERENCES `contracts` (`id`),
  ADD CONSTRAINT `contract_materials_currency_id_foreign` FOREIGN KEY (`currency_id`) REFERENCES `currencies` (`id`),
  ADD CONSTRAINT `contract_materials_material_id_foreign` FOREIGN KEY (`material_id`) REFERENCES `materials` (`id`);

--
-- Filtros para la tabla `contract_resources`
--
ALTER TABLE `contract_resources`
  ADD CONSTRAINT `contract_resources_contract_id_foreign` FOREIGN KEY (`contract_id`) REFERENCES `contracts` (`id`),
  ADD CONSTRAINT `contract_resources_currency_id_foreign` FOREIGN KEY (`currency_id`) REFERENCES `currencies` (`id`) ON DELETE CASCADE,
  ADD CONSTRAINT `contract_resources_project_role_id_foreign` FOREIGN KEY (`project_role_id`) REFERENCES `project_roles` (`id`) ON DELETE CASCADE,
  ADD CONSTRAINT `contract_resources_rate_id_foreign` FOREIGN KEY (`rate_id`) REFERENCES `rates` (`id`),
  ADD CONSTRAINT `contract_resources_seniority_id_foreign` FOREIGN KEY (`seniority_id`) REFERENCES `seniorities` (`id`) ON DELETE CASCADE;

--
-- Filtros para la tabla `contract_services`
--
ALTER TABLE `contract_services`
  ADD CONSTRAINT `contract_services_contract_id_foreign` FOREIGN KEY (`contract_id`) REFERENCES `contracts` (`id`),
  ADD CONSTRAINT `contract_services_currency_id_foreign` FOREIGN KEY (`currency_id`) REFERENCES `currencies` (`id`),
  ADD CONSTRAINT `contract_services_service_id_foreign` FOREIGN KEY (`service_id`) REFERENCES `services` (`id`);

--
-- Filtros para la tabla `costs`
--
ALTER TABLE `costs`
  ADD CONSTRAINT `costs_city_id_foreign` FOREIGN KEY (`city_id`) REFERENCES `cities` (`id`),
  ADD CONSTRAINT `costs_company_id_foreign` FOREIGN KEY (`company_id`) REFERENCES `companies` (`id`) ON DELETE CASCADE ON UPDATE CASCADE,
  ADD CONSTRAINT `costs_country_id_foreign` FOREIGN KEY (`country_id`) REFERENCES `countries` (`id`),
  ADD CONSTRAINT `costs_currency_id_foreign` FOREIGN KEY (`currency_id`) REFERENCES `currencies` (`id`),
  ADD CONSTRAINT `costs_project_role_id_foreign` FOREIGN KEY (`project_role_id`) REFERENCES `project_roles` (`id`),
  ADD CONSTRAINT `costs_seniority_id_foreign` FOREIGN KEY (`seniority_id`) REFERENCES `seniorities` (`id`);

--
-- Filtros para la tabla `countries`
--
ALTER TABLE `countries`
  ADD CONSTRAINT `countries_currency_id_foreign` FOREIGN KEY (`currency_id`) REFERENCES `currencies` (`id`),
  ADD CONSTRAINT `countries_language_id_foreign` FOREIGN KEY (`language_id`) REFERENCES `languages` (`id`);

--
-- Filtros para la tabla `customers`
--
ALTER TABLE `customers`
  ADD CONSTRAINT `customers_city_id_foreign` FOREIGN KEY (`city_id`) REFERENCES `cities` (`id`),
  ADD CONSTRAINT `customers_company_id_foreign` FOREIGN KEY (`company_id`) REFERENCES `companies` (`id`) ON DELETE CASCADE ON UPDATE CASCADE,
  ADD CONSTRAINT `customers_currency_id_foreign` FOREIGN KEY (`currency_id`) REFERENCES `currencies` (`id`),
  ADD CONSTRAINT `customers_industry_id_foreign` FOREIGN KEY (`industry_id`) REFERENCES `industries` (`id`);

--
-- Filtros para la tabla `departments`
--
ALTER TABLE `departments`
  ADD CONSTRAINT `departments_office_id_foreign` FOREIGN KEY (`office_id`) REFERENCES `offices` (`id`) ON DELETE CASCADE ON UPDATE CASCADE;

--
-- Filtros para la tabla `directory_role`
--
ALTER TABLE `directory_role`
  ADD CONSTRAINT `directory_role_directory_id_foreign` FOREIGN KEY (`directory_id`) REFERENCES `directories` (`id`),
  ADD CONSTRAINT `directory_role_role_id_foreign` FOREIGN KEY (`role_id`) REFERENCES `roles` (`id`);

--
-- Filtros para la tabla `discounts`
--
ALTER TABLE `discounts`
  ADD CONSTRAINT `discounts_company_id_foreign` FOREIGN KEY (`company_id`) REFERENCES `companies` (`id`) ON DELETE CASCADE,
  ADD CONSTRAINT `discounts_currency_id_foreign` FOREIGN KEY (`currency_id`) REFERENCES `currencies` (`id`) ON DELETE CASCADE;

--
-- Filtros para la tabla `documents`
--
ALTER TABLE `documents`
  ADD CONSTRAINT `documents_directory_id_foreign` FOREIGN KEY (`directory_id`) REFERENCES `directories` (`id`);

--
-- Filtros para la tabla `emails`
--
ALTER TABLE `emails`
  ADD CONSTRAINT `emails_email_category_id_foreign` FOREIGN KEY (`email_category_id`) REFERENCES `email_categories` (`id`) ON DELETE CASCADE ON UPDATE CASCADE;

--
-- Filtros para la tabla `email_categories`
--
ALTER TABLE `email_categories`
  ADD CONSTRAINT `email_categories_company_id_foreign` FOREIGN KEY (`company_id`) REFERENCES `companies` (`id`) ON DELETE CASCADE ON UPDATE CASCADE;

--
-- Filtros para la tabla `email_templates`
--
ALTER TABLE `email_templates`
  ADD CONSTRAINT `email_templates_email_category_template_id_foreign` FOREIGN KEY (`email_category_template_id`) REFERENCES `email_category_templates` (`id`) ON DELETE CASCADE ON UPDATE CASCADE;

--
-- Filtros para la tabla `exchange_rates`
--
ALTER TABLE `exchange_rates`
  ADD CONSTRAINT `exchange_rates_company_id_foreign` FOREIGN KEY (`company_id`) REFERENCES `companies` (`id`) ON DELETE CASCADE ON UPDATE CASCADE,
  ADD CONSTRAINT `exchange_rates_currency_id_foreign` FOREIGN KEY (`currency_id`) REFERENCES `currencies` (`id`) ON DELETE CASCADE ON UPDATE CASCADE;

--
-- Filtros para la tabla `expenses`
--
ALTER TABLE `expenses`
  ADD CONSTRAINT `expenses_company_id_foreign` FOREIGN KEY (`company_id`) REFERENCES `companies` (`id`) ON DELETE CASCADE,
  ADD CONSTRAINT `expenses_cost_currency_id_foreign` FOREIGN KEY (`cost_currency_id`) REFERENCES `currencies` (`id`) ON DELETE CASCADE,
  ADD CONSTRAINT `expenses_currency_id_foreign` FOREIGN KEY (`currency_id`) REFERENCES `currencies` (`id`) ON DELETE CASCADE;

--
-- Filtros para la tabla `favorites`
--
ALTER TABLE `favorites`
  ADD CONSTRAINT `favorites_user_id_foreign` FOREIGN KEY (`user_id`) REFERENCES `users` (`id`);

--
-- Filtros para la tabla `holidays`
--
ALTER TABLE `holidays`
  ADD CONSTRAINT `holidays_company_id_foreign` FOREIGN KEY (`company_id`) REFERENCES `companies` (`id`) ON DELETE CASCADE,
  ADD CONSTRAINT `holidays_country_id_foreign` FOREIGN KEY (`country_id`) REFERENCES `countries` (`id`) ON DELETE CASCADE;

--
-- Filtros para la tabla `holidays_templates`
--
ALTER TABLE `holidays_templates`
  ADD CONSTRAINT `holidays_templates_country_id_foreign` FOREIGN KEY (`country_id`) REFERENCES `countries` (`id`) ON DELETE CASCADE;

--
-- Filtros para la tabla `invoices`
--
ALTER TABLE `invoices`
  ADD CONSTRAINT `invoices_contact_id_foreign` FOREIGN KEY (`contact_id`) REFERENCES `contacts` (`id`) ON DELETE CASCADE,
  ADD CONSTRAINT `invoices_currency_id_foreign` FOREIGN KEY (`currency_id`) REFERENCES `currencies` (`id`),
  ADD CONSTRAINT `invoices_project_id_foreign` FOREIGN KEY (`project_id`) REFERENCES `projects` (`id`) ON DELETE CASCADE;

--
-- Filtros para la tabla `invoice_discounts`
--
ALTER TABLE `invoice_discounts`
  ADD CONSTRAINT `invoice_discounts_currency_id_foreign` FOREIGN KEY (`currency_id`) REFERENCES `currencies` (`id`),
  ADD CONSTRAINT `invoice_discounts_invoice_id_foreign` FOREIGN KEY (`invoice_id`) REFERENCES `invoices` (`id`);

--
-- Filtros para la tabla `invoice_disc_codifier`
--
ALTER TABLE `invoice_disc_codifier`
  ADD CONSTRAINT `invoice_disc_codifier_currency_id_foreign` FOREIGN KEY (`currency_id`) REFERENCES `currencies` (`id`),
  ADD CONSTRAINT `invoice_disc_codifier_discount_id_foreign` FOREIGN KEY (`discount_id`) REFERENCES `discounts` (`id`);

--
-- Filtros para la tabla `invoice_expenses`
--
ALTER TABLE `invoice_expenses`
  ADD CONSTRAINT `invoice_expenses_currency_id_foreign` FOREIGN KEY (`currency_id`) REFERENCES `currencies` (`id`),
  ADD CONSTRAINT `invoice_expenses_invoice_id_foreign` FOREIGN KEY (`invoice_id`) REFERENCES `invoices` (`id`);

--
-- Filtros para la tabla `invoice_materials`
--
ALTER TABLE `invoice_materials`
  ADD CONSTRAINT `invoice_materials_currency_id_foreign` FOREIGN KEY (`currency_id`) REFERENCES `currencies` (`id`),
  ADD CONSTRAINT `invoice_materials_invoice_id_foreign` FOREIGN KEY (`invoice_id`) REFERENCES `invoices` (`id`);

--
-- Filtros para la tabla `invoice_resources`
--
ALTER TABLE `invoice_resources`
  ADD CONSTRAINT `invoice_resources_currency_id_foreign` FOREIGN KEY (`currency_id`) REFERENCES `currencies` (`id`),
  ADD CONSTRAINT `invoice_resources_invoice_id_foreign` FOREIGN KEY (`invoice_id`) REFERENCES `invoices` (`id`),
  ADD CONSTRAINT `invoice_resources_project_role_id_foreign` FOREIGN KEY (`project_role_id`) REFERENCES `project_roles` (`id`),
  ADD CONSTRAINT `invoice_resources_rate_id_foreign` FOREIGN KEY (`rate_id`) REFERENCES `rates` (`id`),
  ADD CONSTRAINT `invoice_resources_seniority_id_foreign` FOREIGN KEY (`seniority_id`) REFERENCES `seniorities` (`id`),
  ADD CONSTRAINT `invoice_resources_user_id_foreign` FOREIGN KEY (`user_id`) REFERENCES `users` (`id`);

--
-- Filtros para la tabla `invoice_services`
--
ALTER TABLE `invoice_services`
  ADD CONSTRAINT `invoice_services_currency_id_foreign` FOREIGN KEY (`currency_id`) REFERENCES `currencies` (`id`),
  ADD CONSTRAINT `invoice_services_invoice_id_foreign` FOREIGN KEY (`invoice_id`) REFERENCES `invoices` (`id`);

--
-- Filtros para la tabla `invoice_taxes`
--
ALTER TABLE `invoice_taxes`
  ADD CONSTRAINT `invoice_taxes_currency_id_foreign` FOREIGN KEY (`currency_id`) REFERENCES `currencies` (`id`),
  ADD CONSTRAINT `invoice_taxes_invoice_id_foreign` FOREIGN KEY (`invoice_id`) REFERENCES `invoices` (`id`);

--
-- Filtros para la tabla `invoice_tax_codifier`
--
ALTER TABLE `invoice_tax_codifier`
  ADD CONSTRAINT `invoice_tax_codifier_currency_id_foreign` FOREIGN KEY (`currency_id`) REFERENCES `currencies` (`id`),
  ADD CONSTRAINT `invoice_tax_codifier_tax_id_foreign` FOREIGN KEY (`tax_id`) REFERENCES `taxes` (`id`);

--
-- Filtros para la tabla `kpis`
--
ALTER TABLE `kpis`
  ADD CONSTRAINT `kpis_company_id_foreign` FOREIGN KEY (`company_id`) REFERENCES `companies` (`id`) ON DELETE CASCADE;

--
-- Filtros para la tabla `materials`
--
ALTER TABLE `materials`
  ADD CONSTRAINT `materials_company_id_foreign` FOREIGN KEY (`company_id`) REFERENCES `companies` (`id`),
  ADD CONSTRAINT `materials_currency_id_foreign` FOREIGN KEY (`currency_id`) REFERENCES `currencies` (`id`);

--
-- Filtros para la tabla `metadocu`
--
ALTER TABLE `metadocu`
  ADD CONSTRAINT `metadocu_activity_foreign` FOREIGN KEY (`activity`) REFERENCES `activities` (`id`),
  ADD CONSTRAINT `metadocu_document_id_foreign` FOREIGN KEY (`document_id`) REFERENCES `documents` (`id`),
  ADD CONSTRAINT `metadocu_document_type_foreign` FOREIGN KEY (`document_type`) REFERENCES `doctypes` (`id`),
  ADD CONSTRAINT `metadocu_language_foreign` FOREIGN KEY (`language`) REFERENCES `languages` (`id`);

--
-- Filtros para la tabla `metagrid`
--
ALTER TABLE `metagrid`
  ADD CONSTRAINT `metagrid_activity_foreign` FOREIGN KEY (`activity`) REFERENCES `activities` (`id`),
  ADD CONSTRAINT `metagrid_document_type_foreign` FOREIGN KEY (`document_type`) REFERENCES `doctypes` (`id`),
  ADD CONSTRAINT `metagrid_language_foreign` FOREIGN KEY (`language`) REFERENCES `languages` (`id`);

--
-- Filtros para la tabla `metavariable`
--
ALTER TABLE `metavariable`
  ADD CONSTRAINT `metavariable_activity_foreign` FOREIGN KEY (`activity`) REFERENCES `activities` (`id`),
  ADD CONSTRAINT `metavariable_document_type_foreign` FOREIGN KEY (`document_type`) REFERENCES `doctypes` (`id`),
  ADD CONSTRAINT `metavariable_language_foreign` FOREIGN KEY (`language`) REFERENCES `languages` (`id`);

--
-- Filtros para la tabla `notes`
--
ALTER TABLE `notes`
  ADD CONSTRAINT `notes_project_id_foreign` FOREIGN KEY (`project_id`) REFERENCES `projects` (`id`) ON DELETE CASCADE;

--
-- Filtros para la tabla `offices`
--
ALTER TABLE `offices`
  ADD CONSTRAINT `offices_company_id_foreign` FOREIGN KEY (`company_id`) REFERENCES `companies` (`id`) ON DELETE CASCADE ON UPDATE CASCADE;

--
-- Filtros para la tabla `permission_role`
--
ALTER TABLE `permission_role`
  ADD CONSTRAINT `permission_role_permission_id_foreign` FOREIGN KEY (`permission_id`) REFERENCES `permissions` (`id`) ON DELETE CASCADE,
  ADD CONSTRAINT `permission_role_role_id_foreign` FOREIGN KEY (`role_id`) REFERENCES `roles` (`id`) ON DELETE CASCADE;

--
-- Filtros para la tabla `permission_user`
--
ALTER TABLE `permission_user`
  ADD CONSTRAINT `permission_user_permission_id_foreign` FOREIGN KEY (`permission_id`) REFERENCES `permissions` (`id`) ON DELETE CASCADE,
  ADD CONSTRAINT `permission_user_user_id_foreign` FOREIGN KEY (`user_id`) REFERENCES `users` (`id`) ON DELETE CASCADE;

--
-- Filtros para la tabla `procurements`
--
ALTER TABLE `procurements`
  ADD CONSTRAINT `procurements_cost_currency_id_foreign` FOREIGN KEY (`cost_currency_id`) REFERENCES `currencies` (`id`),
  ADD CONSTRAINT `procurements_project_id_foreign` FOREIGN KEY (`project_id`) REFERENCES `projects` (`id`),
  ADD CONSTRAINT `procurements_provider_id_foreign` FOREIGN KEY (`provider_id`) REFERENCES `providers` (`id`),
  ADD CONSTRAINT `procurements_responsable_id_foreign` FOREIGN KEY (`responsable_id`) REFERENCES `users` (`id`);

--
-- Filtros para la tabla `procurement_offers`
--
ALTER TABLE `procurement_offers`
  ADD CONSTRAINT `procurement_offers_delivery_responsable_foreign` FOREIGN KEY (`delivery_responsable`) REFERENCES `users` (`id`),
  ADD CONSTRAINT `procurement_offers_procurement_id_foreign` FOREIGN KEY (`procurement_id`) REFERENCES `procurements` (`id`);

--
-- Filtros para la tabla `projects`
--
ALTER TABLE `projects`
  ADD CONSTRAINT `projects_customer_id_foreign` FOREIGN KEY (`customer_id`) REFERENCES `customers` (`id`) ON DELETE CASCADE,
  ADD CONSTRAINT `projects_delivery_manager_id_foreign` FOREIGN KEY (`delivery_manager_id`) REFERENCES `users` (`id`) ON DELETE CASCADE,
  ADD CONSTRAINT `projects_department_id_foreign` FOREIGN KEY (`department_id`) REFERENCES `projects` (`id`),
  ADD CONSTRAINT `projects_project_manager_id_foreign` FOREIGN KEY (`project_manager_id`) REFERENCES `users` (`id`) ON DELETE CASCADE,
  ADD CONSTRAINT `projects_technical_director_id_foreign` FOREIGN KEY (`technical_director_id`) REFERENCES `users` (`id`) ON DELETE CASCADE;

--
-- Filtros para la tabla `project_expenses`
--
ALTER TABLE `project_expenses`
  ADD CONSTRAINT `project_expenses_currency_id_foreign` FOREIGN KEY (`currency_id`) REFERENCES `currencies` (`id`),
  ADD CONSTRAINT `project_expenses_expense_id_foreign` FOREIGN KEY (`expense_id`) REFERENCES `expenses` (`id`),
  ADD CONSTRAINT `project_expenses_project_id_foreign` FOREIGN KEY (`project_id`) REFERENCES `projects` (`id`);

--
-- Filtros para la tabla `project_kpi_alerts`
--
ALTER TABLE `project_kpi_alerts`
  ADD CONSTRAINT `project_kpi_alerts_kpi_id_foreign` FOREIGN KEY (`kpi_id`) REFERENCES `kpis` (`id`) ON DELETE CASCADE,
  ADD CONSTRAINT `project_kpi_alerts_project_id_foreign` FOREIGN KEY (`project_id`) REFERENCES `projects` (`id`) ON DELETE CASCADE;

--
-- Filtros para la tabla `project_materials`
--
ALTER TABLE `project_materials`
  ADD CONSTRAINT `project_materials_currency_id_foreign` FOREIGN KEY (`currency_id`) REFERENCES `currencies` (`id`),
  ADD CONSTRAINT `project_materials_material_id_foreign` FOREIGN KEY (`material_id`) REFERENCES `materials` (`id`),
  ADD CONSTRAINT `project_materials_project_id_foreign` FOREIGN KEY (`project_id`) REFERENCES `projects` (`id`);

--
-- Filtros para la tabla `project_resources`
--
ALTER TABLE `project_resources`
  ADD CONSTRAINT `project_resources_currency_id_foreign` FOREIGN KEY (`currency_id`) REFERENCES `currencies` (`id`),
  ADD CONSTRAINT `project_resources_project_id_foreign` FOREIGN KEY (`project_id`) REFERENCES `projects` (`id`),
  ADD CONSTRAINT `project_resources_project_role_id_foreign` FOREIGN KEY (`project_role_id`) REFERENCES `project_roles` (`id`),
  ADD CONSTRAINT `project_resources_rate_id_foreign` FOREIGN KEY (`rate_id`) REFERENCES `rates` (`id`),
  ADD CONSTRAINT `project_resources_seniority_id_foreign` FOREIGN KEY (`seniority_id`) REFERENCES `seniorities` (`id`),
  ADD CONSTRAINT `project_resources_user_id_foreign` FOREIGN KEY (`user_id`) REFERENCES `users` (`id`);

--
-- Filtros para la tabla `project_roles`
--
ALTER TABLE `project_roles`
  ADD CONSTRAINT `project_roles_company_id_foreign` FOREIGN KEY (`company_id`) REFERENCES `companies` (`id`) ON DELETE CASCADE ON UPDATE CASCADE;

--
-- Filtros para la tabla `project_services`
--
ALTER TABLE `project_services`
  ADD CONSTRAINT `project_services_currency_id_foreign` FOREIGN KEY (`currency_id`) REFERENCES `currencies` (`id`),
  ADD CONSTRAINT `project_services_project_id_foreign` FOREIGN KEY (`project_id`) REFERENCES `projects` (`id`),
  ADD CONSTRAINT `project_services_service_id_foreign` FOREIGN KEY (`service_id`) REFERENCES `services` (`id`);

--
-- Filtros para la tabla `providers`
--
ALTER TABLE `providers`
  ADD CONSTRAINT `providers_city_id_foreign` FOREIGN KEY (`city_id`) REFERENCES `cities` (`id`),
  ADD CONSTRAINT `providers_company_id_foreign` FOREIGN KEY (`company_id`) REFERENCES `companies` (`id`),
  ADD CONSTRAINT `providers_currency_id_foreign` FOREIGN KEY (`currency_id`) REFERENCES `currencies` (`id`),
  ADD CONSTRAINT `providers_industry_id_foreign` FOREIGN KEY (`industry_id`) REFERENCES `industries` (`id`);

--
-- Filtros para la tabla `quotations`
--
ALTER TABLE `quotations`
  ADD CONSTRAINT `quotations_customer_id_foreign` FOREIGN KEY (`customer_id`) REFERENCES `customers` (`id`),
  ADD CONSTRAINT `quotations_project_id_foreign` FOREIGN KEY (`project_id`) REFERENCES `projects` (`id`);

--
-- Filtros para la tabla `quotation_lines`
--
ALTER TABLE `quotation_lines`
  ADD CONSTRAINT `quotation_lines_quotation_id_foreign` FOREIGN KEY (`quotation_id`) REFERENCES `quotations` (`id`);

--
-- Filtros para la tabla `rates`
--
ALTER TABLE `rates`
  ADD CONSTRAINT `rates_city_id_foreign` FOREIGN KEY (`city_id`) REFERENCES `cities` (`id`),
  ADD CONSTRAINT `rates_country_id_foreign` FOREIGN KEY (`country_id`) REFERENCES `countries` (`id`),
  ADD CONSTRAINT `rates_currency_id_foreign` FOREIGN KEY (`currency_id`) REFERENCES `currencies` (`id`),
  ADD CONSTRAINT `rates_office_id_foreign` FOREIGN KEY (`office_id`) REFERENCES `offices` (`id`),
  ADD CONSTRAINT `rates_project_role_id_foreign` FOREIGN KEY (`project_role_id`) REFERENCES `project_roles` (`id`),
  ADD CONSTRAINT `rates_seniority_id_foreign` FOREIGN KEY (`seniority_id`) REFERENCES `seniorities` (`id`);

--
-- Filtros para la tabla `replacements`
--
ALTER TABLE `replacements`
  ADD CONSTRAINT `replacements_absence_id_foreign` FOREIGN KEY (`absence_id`) REFERENCES `absences` (`id`),
  ADD CONSTRAINT `replacements_user_id_foreign` FOREIGN KEY (`user_id`) REFERENCES `users` (`id`);

--
-- Filtros para la tabla `requirements`
--
ALTER TABLE `requirements`
  ADD CONSTRAINT `requirements_owner_id_foreign` FOREIGN KEY (`owner_id`) REFERENCES `users` (`id`),
  ADD CONSTRAINT `requirements_project_id_foreign` FOREIGN KEY (`project_id`) REFERENCES `projects` (`id`);

--
-- Filtros para la tabla `roles`
--
ALTER TABLE `roles`
  ADD CONSTRAINT `roles_company_role_id_foreign` FOREIGN KEY (`company_role_id`) REFERENCES `company_roles` (`id`) ON DELETE CASCADE;

--
-- Filtros para la tabla `role_user`
--
ALTER TABLE `role_user`
  ADD CONSTRAINT `role_user_role_id_foreign` FOREIGN KEY (`role_id`) REFERENCES `roles` (`id`) ON DELETE CASCADE,
  ADD CONSTRAINT `role_user_user_id_foreign` FOREIGN KEY (`user_id`) REFERENCES `users` (`id`) ON DELETE CASCADE;

--
-- Filtros para la tabla `seniorities`
--
ALTER TABLE `seniorities`
  ADD CONSTRAINT `seniorities_company_id_foreign` FOREIGN KEY (`company_id`) REFERENCES `companies` (`id`) ON DELETE CASCADE ON UPDATE CASCADE;

--
-- Filtros para la tabla `services`
--
ALTER TABLE `services`
  ADD CONSTRAINT `services_company_id_foreign` FOREIGN KEY (`company_id`) REFERENCES `companies` (`id`) ON DELETE CASCADE,
  ADD CONSTRAINT `services_cost_currency_id_foreign` FOREIGN KEY (`cost_currency_id`) REFERENCES `currencies` (`id`) ON DELETE CASCADE,
  ADD CONSTRAINT `services_currency_id_foreign` FOREIGN KEY (`currency_id`) REFERENCES `currencies` (`id`) ON DELETE CASCADE;

--
-- Filtros para la tabla `stakeholders`
--
ALTER TABLE `stakeholders`
  ADD CONSTRAINT `stakeholders_contact_id_foreign` FOREIGN KEY (`contact_id`) REFERENCES `contacts` (`id`) ON DELETE CASCADE;

--
-- Filtros para la tabla `tasks`
--
ALTER TABLE `tasks`
  ADD CONSTRAINT `tasks_project_id_foreign` FOREIGN KEY (`project_id`) REFERENCES `projects` (`id`),
  ADD CONSTRAINT `tasks_requirement_id_foreign` FOREIGN KEY (`requirement_id`) REFERENCES `requirements` (`id`);

--
-- Filtros para la tabla `task_materials`
--
ALTER TABLE `task_materials`
  ADD CONSTRAINT `task_materials_task_id_foreign` FOREIGN KEY (`task_id`) REFERENCES `tasks` (`id`);

--
-- Filtros para la tabla `task_resources`
--
ALTER TABLE `task_resources`
  ADD CONSTRAINT `task_resources_task_id_foreign` FOREIGN KEY (`task_id`) REFERENCES `tasks` (`id`),
  ADD CONSTRAINT `task_resources_user_id_foreign` FOREIGN KEY (`user_id`) REFERENCES `users` (`id`);

--
-- Filtros para la tabla `task_services`
--
ALTER TABLE `task_services`
  ADD CONSTRAINT `task_services_task_id_foreign` FOREIGN KEY (`task_id`) REFERENCES `tasks` (`id`);

--
-- Filtros para la tabla `taxes`
--
ALTER TABLE `taxes`
  ADD CONSTRAINT `taxes_company_id_foreign` FOREIGN KEY (`company_id`) REFERENCES `companies` (`id`) ON DELETE CASCADE,
  ADD CONSTRAINT `taxes_country_id_foreign` FOREIGN KEY (`country_id`) REFERENCES `countries` (`id`) ON DELETE CASCADE,
  ADD CONSTRAINT `taxes_currency_id_foreign` FOREIGN KEY (`currency_id`) REFERENCES `currencies` (`id`) ON DELETE CASCADE;

--
-- Filtros para la tabla `teams`
--
ALTER TABLE `teams`
  ADD CONSTRAINT `teams_project_id_foreign` FOREIGN KEY (`project_id`) REFERENCES `projects` (`id`);

--
-- Filtros para la tabla `team_users`
--
ALTER TABLE `team_users`
  ADD CONSTRAINT `team_users_project_id_foreign` FOREIGN KEY (`project_id`) REFERENCES `projects` (`id`) ON DELETE CASCADE,
  ADD CONSTRAINT `team_users_user_id_foreign` FOREIGN KEY (`user_id`) REFERENCES `users` (`id`);

--
-- Filtros para la tabla `tickets`
--
ALTER TABLE `tickets`
  ADD CONSTRAINT `tickets_assignee_id_foreign` FOREIGN KEY (`assignee_id`) REFERENCES `users` (`id`),
  ADD CONSTRAINT `tickets_last_updater_id_foreign` FOREIGN KEY (`last_updater_id`) REFERENCES `users` (`id`),
  ADD CONSTRAINT `tickets_owner_id_foreign` FOREIGN KEY (`owner_id`) REFERENCES `users` (`id`),
  ADD CONSTRAINT `tickets_task_id_foreign` FOREIGN KEY (`task_id`) REFERENCES `tasks` (`id`);

--
-- Filtros para la tabla `ticket_histories`
--
ALTER TABLE `ticket_histories`
  ADD CONSTRAINT `ticket_histories_owner_id_foreign` FOREIGN KEY (`owner_id`) REFERENCES `users` (`id`),
  ADD CONSTRAINT `ticket_histories_ticket_id_foreign` FOREIGN KEY (`ticket_id`) REFERENCES `tickets` (`id`);

--
-- Filtros para la tabla `users`
--
ALTER TABLE `users`
  ADD CONSTRAINT `users_city_id_foreign` FOREIGN KEY (`city_id`) REFERENCES `cities` (`id`),
  ADD CONSTRAINT `users_company_role_id_foreign` FOREIGN KEY (`company_role_id`) REFERENCES `company_roles` (`id`),
  ADD CONSTRAINT `users_office_id_foreign` FOREIGN KEY (`office_id`) REFERENCES `offices` (`id`),
  ADD CONSTRAINT `users_project_role_id_foreign` FOREIGN KEY (`project_role_id`) REFERENCES `project_roles` (`id`),
  ADD CONSTRAINT `users_seniority_id_foreign` FOREIGN KEY (`seniority_id`) REFERENCES `seniorities` (`id`),
  ADD CONSTRAINT `users_user_id_foreign` FOREIGN KEY (`user_id`) REFERENCES `users` (`id`) ON DELETE CASCADE,
  ADD CONSTRAINT `users_workgroup_id_foreign` FOREIGN KEY (`workgroup_id`) REFERENCES `workgroups` (`id`);

--
-- Filtros para la tabla `user_social_networks`
--
ALTER TABLE `user_social_networks`
  ADD CONSTRAINT `user_social_networks_user_id_foreign` FOREIGN KEY (`user_id`) REFERENCES `users` (`id`);

--
-- Filtros para la tabla `workgroups`
--
ALTER TABLE `workgroups`
  ADD CONSTRAINT `workgroups_company_id_foreign` FOREIGN KEY (`company_id`) REFERENCES `companies` (`id`) ON DELETE CASCADE ON UPDATE CASCADE;

--
-- Filtros para la tabla `working_hours`
--
ALTER TABLE `working_hours`
  ADD CONSTRAINT `working_hours_project_id_foreign` FOREIGN KEY (`project_id`) REFERENCES `projects` (`id`) ON DELETE CASCADE,
  ADD CONSTRAINT `working_hours_user_id_foreign` FOREIGN KEY (`user_id`) REFERENCES `users` (`id`) ON DELETE CASCADE;

/*!40101 SET CHARACTER_SET_CLIENT=@OLD_CHARACTER_SET_CLIENT */;
/*!40101 SET CHARACTER_SET_RESULTS=@OLD_CHARACTER_SET_RESULTS */;
/*!40101 SET COLLATION_CONNECTION=@OLD_COLLATION_CONNECTION */;
